"tablescraper-selected-row","tablescraper-selected-row 2","tablescraper-selected-row 3","tablescraper-selected-row href","tablescraper-selected-row 4","tablescraper-selected-row href 2","tablescraper-selected-row 5","reference","reference href","cite-bracket","cite-bracket 2","tablescraper-selected-row 6"
"Alpha","January 13, 1913","Howard University","https://en.wikipedia.org/wiki/Howard_University","Washington, D.C.","https://en.wikipedia.org/wiki/Washington,_D.C.","Active","6","https://en.wikipedia.org/wiki/List_of_Delta_Sigma_Theta_collegiate_chapters#cite_note-6","[","]",""
"Beta","February 17, 1914","Wilberforce University","https://en.wikipedia.org/wiki/Wilberforce_University","Wilberforce, Ohio","https://en.wikipedia.org/wiki/Wilberforce,_Ohio","Active","8","https://en.wikipedia.org/wiki/List_of_Delta_Sigma_Theta_collegiate_chapters#cite_note-8","[","]",""
"Gamma","March 19, 1918","University of Pennsylvania","https://en.wikipedia.org/wiki/University_of_Pennsylvania","","","Active","9","https://en.wikipedia.org/wiki/List_of_Delta_Sigma_Theta_collegiate_chapters#cite_note-9","[","]",""
"Delta","April 4, 1919","University of Iowa","https://en.wikipedia.org/wiki/University_of_Iowa","Iowa City, Iowa","https://en.wikipedia.org/wiki/Iowa_City,_Iowa","Active","11","https://en.wikipedia.org/wiki/List_of_Delta_Sigma_Theta_collegiate_chapters#cite_note-:1-12","[","]","– 1939;1974"
"Epsilon","November 19, 1919","Ohio State University","https://en.wikipedia.org/wiki/Ohio_State_University","Columbus, Ohio","https://en.wikipedia.org/wiki/Columbus,_Ohio","Active","11","https://en.wikipedia.org/wiki/List_of_Delta_Sigma_Theta_collegiate_chapters#cite_note-:1-12","[","]","– January 2013;2016 ?"
"Zeta","October 20, 1920","University of Cincinnati","https://en.wikipedia.org/wiki/University_of_Cincinnati","","","Active","13","https://en.wikipedia.org/wiki/List_of_Delta_Sigma_Theta_collegiate_chapters#cite_note-:2-15","[","]","– 1945;19xx ?"
"Kappa Lambda","","Syracuse University","https://en.wikipedia.org/wiki/Syracuse_University","Syracuse, New York","https://en.wikipedia.org/wiki/Syracuse,_New_York","Reissued","13","https://en.wikipedia.org/wiki/List_of_Delta_Sigma_Theta_collegiate_chapters#cite_note-:2-15","[","]","1920–19xx ?"
"Mu Gamma","","Cornell University","https://en.wikipedia.org/wiki/Cornell_University","Ithaca, New York","https://en.wikipedia.org/wiki/Ithaca,_New_York","Reissued","13","https://en.wikipedia.org/wiki/List_of_Delta_Sigma_Theta_collegiate_chapters#cite_note-:2-15","[","]","1920–19xx ?"
"Kappa","February 21, 1921","University of California, Berkeley","https://en.wikipedia.org/wiki/University_of_California,_Berkeley","Berkeley, California","https://en.wikipedia.org/wiki/Berkeley,_California","Active","16","https://en.wikipedia.org/wiki/List_of_Delta_Sigma_Theta_collegiate_chapters#cite_note-20","[","]",""
"Lambda","March 1, 1921","Chicago, Illinois","https://en.wikipedia.org/wiki/Chicago","Chicago City-Wide","","Active","17","https://en.wikipedia.org/wiki/List_of_Delta_Sigma_Theta_collegiate_chapters#cite_note-21","[","]",""
"","April 7, 1921","University of Michigan","https://en.wikipedia.org/wiki/University_of_Michigan","Ann Arbor, Michigan","https://en.wikipedia.org/wiki/Ann_Arbor,_Michigan","Inactive","19","https://en.wikipedia.org/wiki/List_of_Delta_Sigma_Theta_collegiate_chapters#cite_note-24","[","]","– October 2, 2020"
"Mu","November 21, 1921","University of Pittsburgh","https://en.wikipedia.org/wiki/University_of_Pittsburgh","","","Active","22","https://en.wikipedia.org/wiki/List_of_Delta_Sigma_Theta_collegiate_chapters#cite_note-29","[","]",""
"Iota","December 29, 1921","Berklee College of Music","https://en.wikipedia.org/wiki/Berklee_College_of_Music","","","Active","23","https://en.wikipedia.org/wiki/List_of_Delta_Sigma_Theta_collegiate_chapters#cite_note-:5-30","[","]",""
"","","Boston University","https://en.wikipedia.org/wiki/Boston_University","","","","","","","",""
"","","Emerson College","https://en.wikipedia.org/wiki/Emerson_College","","","","","","","",""
"","","Northeastern University","https://en.wikipedia.org/wiki/Northeastern_University","","","","","","","",""
"Xi","April 15, 1922","University of Louisville","https://en.wikipedia.org/wiki/University_of_Louisville","Louisville, Kentucky","https://en.wikipedia.org/wiki/Louisville,_Kentucky","Active","24","https://en.wikipedia.org/wiki/List_of_Delta_Sigma_Theta_collegiate_chapters#cite_note-32","[","]",""
"Omicron","April 1922","University of Nebraska–Lincoln","https://en.wikipedia.org/wiki/University_of_Nebraska%E2%80%93Lincoln","Lincoln, Nebraska","https://en.wikipedia.org/wiki/Lincoln,_Nebraska","Active","","","","","– 1939,19xx ?"
"Pi","January 23, 1923","University of California, Los Angeles","https://en.wikipedia.org/wiki/University_of_California,_Los_Angeles","","","Active","25","https://en.wikipedia.org/wiki/List_of_Delta_Sigma_Theta_collegiate_chapters#cite_note-34","[","]",""
"Rho","December 7, 1923","Columbia University","https://en.wikipedia.org/wiki/Columbia_University","","","Active","26","https://en.wikipedia.org/wiki/List_of_Delta_Sigma_Theta_collegiate_chapters#cite_note-35","[","]","– 1961;1986"
"","","Atlanta, Georgia","https://en.wikipedia.org/wiki/Atlanta","","","Reissued","27","https://en.wikipedia.org/wiki/List_of_Delta_Sigma_Theta_collegiate_chapters#cite_note-:16-36","[","]","1924–1929"
"","","Spelman College","https://en.wikipedia.org/wiki/Spelman_College","","","","","","","",""
"Phi","December 29, 1923","Drake University","https://en.wikipedia.org/wiki/Drake_University","Des Moines, Iowa","https://en.wikipedia.org/wiki/Ames,_Iowa","Active","28","https://en.wikipedia.org/wiki/List_of_Delta_Sigma_Theta_collegiate_chapters#cite_note-38","[","]",""
"","","Iowa State University","https://en.wikipedia.org/wiki/Iowa_State_University","Ames, Iowa","https://en.wikipedia.org/wiki/Ames,_Iowa","","","","","",""
"","","","","Detroit City-Wide","","Reissued","30","https://en.wikipedia.org/wiki/List_of_Delta_Sigma_Theta_collegiate_chapters#cite_note-:6-41","[","]","1924–May 1939"
"Upsilon","March 10, 1924","University of Southern California","https://en.wikipedia.org/wiki/University_of_Southern_California","","","Active","31","https://en.wikipedia.org/wiki/List_of_Delta_Sigma_Theta_collegiate_chapters#cite_note-43","[","]","– 1941;1945"
"Chi","March 14, 1925","","","Indianapolis City-Wide","","Active","32","https://en.wikipedia.org/wiki/List_of_Delta_Sigma_Theta_collegiate_chapters#cite_note-44","[","]","– September 29, 1977;1985–19xx ?;1992"
"Psi","","University of Kansas","https://en.wikipedia.org/wiki/University_of_Kansas","Lawrence, Kansas","https://en.wikipedia.org/wiki/Lawrence,_Kansas","Active","34","https://en.wikipedia.org/wiki/List_of_Delta_Sigma_Theta_collegiate_chapters#cite_note-47","[","]","1925–19xx ?,2000"
"","","","","Cleveland City-Wide","","Inactive","","","","","1925–19xx ?"
"","","Kansas City, Missouri","https://en.wikipedia.org/wiki/Kansas_City,_Missouri","Kansas City Area-Wide","","Inactive","35","https://en.wikipedia.org/wiki/List_of_Delta_Sigma_Theta_collegiate_chapters#cite_note-48","[","]","1925–1969"
"Alpha Beta","March 13, 1926","Fisk University","https://en.wikipedia.org/wiki/Fisk_University","Nashville, Tennessee","https://en.wikipedia.org/wiki/Nashville,_Tennessee","Active","36","https://en.wikipedia.org/wiki/List_of_Delta_Sigma_Theta_collegiate_chapters#cite_note-50","[","]",""
"Alpha Gamma","April 26, 1926","Morgan State University","https://en.wikipedia.org/wiki/Morgan_State_University","","","Active","37","https://en.wikipedia.org/wiki/List_of_Delta_Sigma_Theta_collegiate_chapters#cite_note-51","[","]",""
"Alpha Delta","","West Virginia State University","https://en.wikipedia.org/wiki/West_Virginia_State_University","Institute, West Virginia","https://en.wikipedia.org/wiki/Institute,_West_Virginia","Active","","","","","1926"
"Theta Beta","April 3, 1927","","","Pittsburgh City-Wide","","Inactive","38","https://en.wikipedia.org/wiki/List_of_Delta_Sigma_Theta_collegiate_chapters#cite_note-:13-52","[","]","– January 1971"
"Alpha Zeta","","Talladega College","https://en.wikipedia.org/wiki/Talladega_College","Talladega, Alabama","https://en.wikipedia.org/wiki/Talladega,_Alabama","Active","","","","","1927"
"Alpha Eta","January 10, 1930","Virginia State University","https://en.wikipedia.org/wiki/Virginia_State_University","Petersburg, Virginia","https://en.wikipedia.org/wiki/Petersburg,_Virginia","Active","","","","",""
"Alpha Theta","","Jefferson City, Missouri","https://en.wikipedia.org/wiki/Jefferson_City,_Missouri","","","Active","","","","","1929"
"Sigma","","Clark Atlanta University","https://en.wikipedia.org/wiki/Clark_Atlanta_University","","","Active","27","https://en.wikipedia.org/wiki/List_of_Delta_Sigma_Theta_collegiate_chapters#cite_note-:16-36","[","]","1929"
"Alpha Iota","","Marshall, Texas","https://en.wikipedia.org/wiki/Marshall,_Texas","","","Active","","","","","1930"
"Alpha Kappa","","Huston–Tillotson University","https://en.wikipedia.org/wiki/Huston%E2%80%93Tillotson_University","Austin, Texas","https://en.wikipedia.org/wiki/Austin,_Texas","Active","","","","","1930"
"Alpha Lambda","May 30, 1931","North Carolina Central University","https://en.wikipedia.org/wiki/North_Carolina_Central_University","Durham, North Carolina","https://en.wikipedia.org/wiki/Durham,_North_Carolina","Active","39","https://en.wikipedia.org/wiki/List_of_Delta_Sigma_Theta_collegiate_chapters#cite_note-:7-54","[","]",""
"Alpha Mu","February 13, 1932","North Carolina A&T State University","https://en.wikipedia.org/wiki/North_Carolina_A%26T_State_University","Greensboro, North Carolina","https://en.wikipedia.org/wiki/Greensboro,_North_Carolina","Active","40","https://en.wikipedia.org/wiki/List_of_Delta_Sigma_Theta_collegiate_chapters#cite_note-56","[","]",""
"Alpha Nu","May 16, 1932","Urbana, Illinois","https://en.wikipedia.org/wiki/Urbana,_Illinois","","","Active","41","https://en.wikipedia.org/wiki/List_of_Delta_Sigma_Theta_collegiate_chapters#cite_note-57","[","]",""
"Alpha Omicron","April 17, 1933","","","Seattle City-Wide","","Active","42","https://en.wikipedia.org/wiki/List_of_Delta_Sigma_Theta_collegiate_chapters#cite_note-58","[","]",""
"Alpha Xi","May 12, 1934","South Carolina State University","https://en.wikipedia.org/wiki/South_Carolina_State_University","Orangeburg, South Carolina","https://en.wikipedia.org/wiki/Orangeburg,_South_Carolina","Active","44","https://en.wikipedia.org/wiki/List_of_Delta_Sigma_Theta_collegiate_chapters#cite_note-61","[","]",""
"Alpha Pi","","Kentucky State University","https://en.wikipedia.org/wiki/Kentucky_State_University","Frankfort, Kentucky","https://en.wikipedia.org/wiki/Frankfort,_Kentucky","Active","45","https://en.wikipedia.org/wiki/List_of_Delta_Sigma_Theta_collegiate_chapters#cite_note-62","[","]","1934"
"Alpha Rho","June 17, 1934","Shaw University","https://en.wikipedia.org/wiki/Shaw_University","Raleigh, North Carolina","https://en.wikipedia.org/wiki/Raleigh,_North_Carolina","Active","46","https://en.wikipedia.org/wiki/List_of_Delta_Sigma_Theta_collegiate_chapters#cite_note-64","[","]",""
"Alpha Tau","June 30, 1934","Baton Rouge, Louisiana","https://en.wikipedia.org/wiki/Baton_Rouge,_Louisiana","","","Active","47","https://en.wikipedia.org/wiki/List_of_Delta_Sigma_Theta_collegiate_chapters#cite_note-65","[","]",""
"Alpha Upsilon","","LeMoyne–Owen College","https://en.wikipedia.org/wiki/LeMoyne%E2%80%93Owen_College","Memphis, Tennessee","https://en.wikipedia.org/wiki/Memphis,_Tennessee","Active","","","","","1934"
"","March 9, 1935","Wichita, Kansas","https://en.wikipedia.org/wiki/Wichita,_Kansas","Wichita City-Wide","","Inactive","48","https://en.wikipedia.org/wiki/List_of_Delta_Sigma_Theta_collegiate_chapters#cite_note-66","[","]","– May 11, 1967"
"","1935","Austin, Texas","https://en.wikipedia.org/wiki/Austin,_Texas","","","Inactive","","","","","–19xx ?"
"Alpha Chi","","Tennessee State University","https://en.wikipedia.org/wiki/Tennessee_State_University","Nashville, Tennessee","https://en.wikipedia.org/wiki/Nashville,_Tennessee","Active","","","","","1936"
"Alpha Omega","December 13, 1936","","","St. Louis City-Wide","","Active","49","https://en.wikipedia.org/wiki/List_of_Delta_Sigma_Theta_collegiate_chapters#cite_note-68","[","]",""
"Beta Zeta","","Pittsburg State University","https://en.wikipedia.org/wiki/Pittsburg_State_University","Pittsburg, Kansas","https://en.wikipedia.org/wiki/Pittsburg,_Kansas","Active","","","","","1936"
"Beta Alpha","January 30, 1937","Florida A&M University","https://en.wikipedia.org/wiki/Florida_A%26M_University","Tallahassee, Florida","https://en.wikipedia.org/wiki/Tallahassee,_Florida","Active","50","https://en.wikipedia.org/wiki/List_of_Delta_Sigma_Theta_collegiate_chapters#cite_note-70","[","]",""
"","","Dillard University","https://en.wikipedia.org/wiki/Dillard_University","","","Active","u","https://en.wikipedia.org/wiki/List_of_Delta_Sigma_Theta_collegiate_chapters#cite_note-71","[","]","1937"
"","","","","Dallas City-Wide","","Inactive","51","https://en.wikipedia.org/wiki/List_of_Delta_Sigma_Theta_collegiate_chapters#cite_note-:20-72","[","]","1937–xxxx ?"
"Beta Epsilon","December 4, 1937","Virginia Union University","https://en.wikipedia.org/wiki/Virginia_Union_University","Richmond, Virginia","https://en.wikipedia.org/wiki/Richmond,_Virginia","Active","52","https://en.wikipedia.org/wiki/List_of_Delta_Sigma_Theta_collegiate_chapters#cite_note-74","[","]",""
"Beta Eta","May 7, 1937","Alabama State University","https://en.wikipedia.org/wiki/Alabama_State_University","Montgomery, Alabama","https://en.wikipedia.org/wiki/Montgomery,_Alabama","Active","53","https://en.wikipedia.org/wiki/List_of_Delta_Sigma_Theta_collegiate_chapters#cite_note-76","[","]",""
"Iota Kappa","May 22, 1937","Phoenix, Arizona","https://en.wikipedia.org/wiki/Phoenix,_Arizona","Phoenix City-Wide","","Inactive","55","https://en.wikipedia.org/wiki/List_of_Delta_Sigma_Theta_collegiate_chapters#cite_note-78","[","]","– May 11, 1972"
"Beta Iota","","University of the District of Columbia","https://en.wikipedia.org/wiki/University_of_the_District_of_Columbia","Washington, D.C.","https://en.wikipedia.org/wiki/Washington,_D.C.","Active","","","","","1937"
"","October 26, 1937","Newport News, Virginia","https://en.wikipedia.org/wiki/Newport_News,_Virginia","Newport News City-Wide","","Inactive","57","https://en.wikipedia.org/wiki/List_of_Delta_Sigma_Theta_collegiate_chapters#cite_note-81","[","]","– February 5, 1947"
"Beta Lambda","","University of Toledo","https://en.wikipedia.org/wiki/University_of_Toledo","Toledo, Ohio","https://en.wikipedia.org/wiki/Toledo,_Ohio","Active","59","https://en.wikipedia.org/wiki/List_of_Delta_Sigma_Theta_collegiate_chapters#cite_note-84","[","]","1938"
"","June 11, 1938","","","San Diego City-Wide","","Active","60","https://en.wikipedia.org/wiki/List_of_Delta_Sigma_Theta_collegiate_chapters#cite_note-:22-86","[","]","– May 1977"
"","","Gary, Indiana","https://en.wikipedia.org/wiki/Gary,_Indiana","Gary City-Wide","","Inactive","62","https://en.wikipedia.org/wiki/List_of_Delta_Sigma_Theta_collegiate_chapters#cite_note-89","[","]","1938–1975"
"","","","","","","Inactive","","","","",""
"Gamma Mu","November 1938","Knoxville, Tennessee","https://en.wikipedia.org/wiki/Knoxville,_Tennessee","Knoxville City-Wide","","Inactive","63","https://en.wikipedia.org/wiki/List_of_Delta_Sigma_Theta_collegiate_chapters#cite_note-:21-91","[","]","–March 1947"
"","","Corpus Christi, Texas","https://en.wikipedia.org/wiki/Corpus_Christi,_Texas","Corpus Christi City-Wide","","Inactive","","","","","19xx ?–1978 ?"
"Beta Pi","","Bluefield State University","https://en.wikipedia.org/wiki/Bluefield_State_University","Bluefield, West Virginia","https://en.wikipedia.org/wiki/Bluefield,_West_Virginia","Active","","","","","1938"
"","","Concord University","https://en.wikipedia.org/wiki/Concord_University","Athens, West Virginia","https://en.wikipedia.org/wiki/Athens,_West_Virginia","","","","","",""
"","","Mountain State University","https://en.wikipedia.org/wiki/Mountain_State_University","Beckley, West Virginia","https://en.wikipedia.org/wiki/Beckley,_West_Virginia","","","","","",""
"","May 29, 1938","Fort Worth, Texas","https://en.wikipedia.org/wiki/Fort_Worth,_Texas","Fort Worth City-Wide","","Inactive","51","https://en.wikipedia.org/wiki/List_of_Delta_Sigma_Theta_collegiate_chapters#cite_note-:20-72","[","]","– 1968"
"","","","","Milwaukee City-Wide","","Inactive","64","https://en.wikipedia.org/wiki/List_of_Delta_Sigma_Theta_collegiate_chapters#cite_note-94","[","]","1938–1945"
"Beta Upsilon","","Langston University","https://en.wikipedia.org/wiki/Langston_University","Langston, Oklahoma","https://en.wikipedia.org/wiki/Langston,_Oklahoma","Active","","","","","1939"
"Zeta Pi","February 18, 1939","Denver, Colorado","https://en.wikipedia.org/wiki/Denver","Denver City-Wide","","Inactive","65","https://en.wikipedia.org/wiki/List_of_Delta_Sigma_Theta_collegiate_chapters#cite_note-:14-96","[","]","– 1969"
"Tau","May 13, 1939","Wayne State University","https://en.wikipedia.org/wiki/Wayne_State_University","","","Active","30","https://en.wikipedia.org/wiki/List_of_Delta_Sigma_Theta_collegiate_chapters#cite_note-:6-41","[","]",""
"Beta Chi","February 18, 1939","Lane College","https://en.wikipedia.org/wiki/Lane_College","Jackson, Tennessee","https://en.wikipedia.org/wiki/Jackson,_Tennessee","Active","","","","",""
"Beta Psi","March 24, 1945","Oregon State University","https://en.wikipedia.org/wiki/Oregon_State_University","Portland, Oregon","https://en.wikipedia.org/wiki/Portland,_Oregon","Active","66","https://en.wikipedia.org/wiki/List_of_Delta_Sigma_Theta_collegiate_chapters#cite_note-98","[","]",""
"","","Portland State University","https://en.wikipedia.org/wiki/Portland_State_University","","","","","","","",""
"","","University of Oregon","https://en.wikipedia.org/wiki/University_of_Oregon","","","","","","","",""
"","March 6, 1945","El Paso, Texas","https://en.wikipedia.org/wiki/El_Paso,_Texas","El Paso City-Wide","","Inactive","67","https://en.wikipedia.org/wiki/List_of_Delta_Sigma_Theta_collegiate_chapters#cite_note-:19-100","[","]","– September 30, 1972"
"Gamma Alpha","","Xavier University of Louisiana","https://en.wikipedia.org/wiki/Xavier_University_of_Louisiana","","","Active","","","","","1940"
"","","Galveston, Texas","https://en.wikipedia.org/wiki/Galveston,_Texas","Galveston City-Wide","","Inactive","68","https://en.wikipedia.org/wiki/List_of_Delta_Sigma_Theta_collegiate_chapters#cite_note-102","[","]","1941–1969"
"Gamma Beta","February 28, 1942","Washburn University","https://en.wikipedia.org/wiki/Washburn_University","Topeka, Kansas","https://en.wikipedia.org/wiki/Topeka,_Kansas","Active","69","https://en.wikipedia.org/wiki/List_of_Delta_Sigma_Theta_collegiate_chapters#cite_note-104","[","]",""
"Gamma Gamma","March 28, 1942","Little Rock, Arkansas","https://en.wikipedia.org/wiki/Little_Rock,_Arkansas","","","Active","70","https://en.wikipedia.org/wiki/List_of_Delta_Sigma_Theta_collegiate_chapters#cite_note-106","[","]",""
"Gamma Epsilon","November 5, 1942","Texas College","https://en.wikipedia.org/wiki/Texas_College","Tyler, Texas","https://en.wikipedia.org/wiki/Tyler,_Texas","Active","71","https://en.wikipedia.org/wiki/List_of_Delta_Sigma_Theta_collegiate_chapters#cite_note-108","[","]",""
"Gamma Zeta","May 17, 1942","Morris Brown College","https://en.wikipedia.org/wiki/Morris_Brown_College","","","Active","","","","",""
"","June 6, 1942","East St. Louis, Illinois","https://en.wikipedia.org/wiki/East_St._Louis,_Illinois","East St. Louis, Illinois City-Wide","","Inactive","72","https://en.wikipedia.org/wiki/List_of_Delta_Sigma_Theta_collegiate_chapters#cite_note-110","[","]","– 19xx ?"
"Gamma Kappa","","Buffalo State University","https://en.wikipedia.org/wiki/Buffalo_State_University","Buffalo, New York","https://en.wikipedia.org/wiki/Buffalo,_New_York","Active","73","https://en.wikipedia.org/wiki/List_of_Delta_Sigma_Theta_collegiate_chapters#cite_note-112","[","]","1943"
"","","University at Buffalo","https://en.wikipedia.org/wiki/University_at_Buffalo","","","","","","","",""
"Gamma Lambda","","Johnson C. Smith University","https://en.wikipedia.org/wiki/Johnson_C._Smith_University","Charlotte, North Carolina","https://en.wikipedia.org/wiki/Charlotte,_North_Carolina","Active","","","","","1943"
"Eta","November 17, 1944","Fort Valley State University","https://en.wikipedia.org/wiki/Fort_Valley_State_University","Fort Valley, Georgia","https://en.wikipedia.org/wiki/Fort_Valley,_Georgia","Active","74","https://en.wikipedia.org/wiki/List_of_Delta_Sigma_Theta_collegiate_chapters#cite_note-114","[","]",""
"Gamma Theta","","Dayton, Ohio","https://en.wikipedia.org/wiki/Dayton,_Ohio","Dayton, Ohio City-Wide","","Active","","","","","1946"
"Theta","","Duquesne University","https://en.wikipedia.org/wiki/Duquesne_University","","","Active","","","","","1946"
"Gamma Iota","February 8, 1947","Hampton University","https://en.wikipedia.org/wiki/Hampton_University","Hampton, Virginia","https://en.wikipedia.org/wiki/Hampton,_Virginia","Active","75","https://en.wikipedia.org/wiki/List_of_Delta_Sigma_Theta_collegiate_chapters#cite_note-115","[","]",""
"Gamma Mu","March 1947","Knoxville College","https://en.wikipedia.org/wiki/Knoxville_College","Knoxville, Tennessee","https://en.wikipedia.org/wiki/Knoxville,_Tennessee","Active","63","https://en.wikipedia.org/wiki/List_of_Delta_Sigma_Theta_collegiate_chapters#cite_note-:21-91","[","]",""
"Gamma Nu","November 8, 1947","Indiana University","https://en.wikipedia.org/wiki/Indiana_University","Bloomington, Indiana","https://en.wikipedia.org/wiki/Bloomington,_Indiana","Active","76","https://en.wikipedia.org/wiki/List_of_Delta_Sigma_Theta_collegiate_chapters#cite_note-117","[","]",""
"Gamma Xi","November 24, 1947","Creighton University","https://en.wikipedia.org/wiki/Creighton_University","Omaha, Nebraska","https://en.wikipedia.org/wiki/Omaha,_Nebraska","Active","77","https://en.wikipedia.org/wiki/List_of_Delta_Sigma_Theta_collegiate_chapters#cite_note-118","[","]",""
"","","University of Nebraska Omaha","https://en.wikipedia.org/wiki/University_of_Nebraska_Omaha","","","","","","","",""
"Beta Kappa","June 5, 1947","Livingstone College","https://en.wikipedia.org/wiki/Livingstone_College","Salisbury, North Carolina","https://en.wikipedia.org/wiki/Salisbury,_North_Carolina","Active","aq","https://en.wikipedia.org/wiki/List_of_Delta_Sigma_Theta_collegiate_chapters#cite_note-120","[","]",""
"Theta Alpha","January 20, 1948","Evanston, Illinois","https://en.wikipedia.org/wiki/Evanston,_Illinois","Evanston City-Wide","","Inactive","78","https://en.wikipedia.org/wiki/List_of_Delta_Sigma_Theta_collegiate_chapters#cite_note-:8-121","[","]","– 1971"
"Gamma Pi","","Allen University","https://en.wikipedia.org/wiki/Allen_University","Columbia, South Carolina","https://en.wikipedia.org/wiki/Columbia,_South_Carolina","Active","","","","","1948"
"Gamma Rho","","Raleigh, North Carolina","https://en.wikipedia.org/wiki/Raleigh,_North_Carolina","","","Active","","","","","1948"
"Gamma Tau","","Tuskegee University","https://en.wikipedia.org/wiki/Tuskegee_University","Tuskegee, Alabama","https://en.wikipedia.org/wiki/Tuskegee,_Alabama","Active","","","","","1948"
"Gamma Upsilon","","Benedict College","https://en.wikipedia.org/wiki/Benedict_College","Columbia, South Carolina","https://en.wikipedia.org/wiki/Columbia,_South_Carolina","Active","","","","","1948"
"","March 8, 1948","Winston-Salem State University","https://en.wikipedia.org/wiki/Winston-Salem_State_University","Winston-Salem, North Carolina","https://en.wikipedia.org/wiki/Winston-Salem,_North_Carolina","Inactive","79","https://en.wikipedia.org/wiki/List_of_Delta_Sigma_Theta_collegiate_chapters#cite_note-123","[","]","– May 2010"
"Gamma Chi","","Claflin University","https://en.wikipedia.org/wiki/Claflin_University","Orangeburg, South Carolina","https://en.wikipedia.org/wiki/Orangeburg,_South_Carolina","Active","","","","","1948"
"Gamma Psi","February 16, 1948","Tougaloo College","https://en.wikipedia.org/wiki/Tougaloo_College","Tougaloo, Mississippi","https://en.wikipedia.org/wiki/Tougaloo,_Mississippi","Active","80","https://en.wikipedia.org/wiki/List_of_Delta_Sigma_Theta_collegiate_chapters#cite_note-125","[","]",""
"","","Meharry Medical College","https://en.wikipedia.org/wiki/Meharry_Medical_College","Nashville, Tennessee","https://en.wikipedia.org/wiki/Nashville,_Tennessee","Inactive","","","","","194x ?–20xx ?"
"Delta Alpha","","Daytona Beach, Florida","https://en.wikipedia.org/wiki/Daytona_Beach,_Florida","","","Active","","","","","1949"
"Delta Beta","","Eastern Michigan University","https://en.wikipedia.org/wiki/Eastern_Michigan_University","Ypsilanti, Michigan","https://en.wikipedia.org/wiki/Ypsilanti,_Michigan","Active","","","","","1949"
"Delta Gamma","","Texas Southern University","https://en.wikipedia.org/wiki/Texas_Southern_University","","","Active","","","","","1949"
"Delta Delta","","Alabama A&M University","https://en.wikipedia.org/wiki/Alabama_A%26M_University","Normal, Alabama","https://en.wikipedia.org/wiki/Normal,_Alabama","Active","","","","","1949"
"Delta Epsilon","","Alcorn State University","https://en.wikipedia.org/wiki/Alcorn_State_University","Lorman, Mississippi","https://en.wikipedia.org/wiki/Lorman,_Mississippi","Active","","","","","1949"
"Delta Zeta","","Bloomfield College","https://en.wikipedia.org/wiki/Bloomfield_College","Montclair, New Jersey","https://en.wikipedia.org/wiki/Montclair,_New_Jersey","Active","","","","","1949"
"","","Kean University","https://en.wikipedia.org/wiki/Kean_University","","","","","","","",""
"","","Montclair State University","https://en.wikipedia.org/wiki/Montclair_State_University","","","","","","","",""
"","","Rutgers University–Newark","https://en.wikipedia.org/wiki/Rutgers_University%E2%80%93Newark","","","","","","","",""
"Delta Eta","","University of Arkansas at Pine Bluff","https://en.wikipedia.org/wiki/University_of_Arkansas_at_Pine_Bluff","Pine Bluff, Arkansas","https://en.wikipedia.org/wiki/Pine_Bluff,_Arkansas","Active","","","","","1950"
"Delta Theta","October 14, 1950","California State University, Sacramento","https://en.wikipedia.org/wiki/California_State_University,_Sacramento","Sacramento, California","https://en.wikipedia.org/wiki/Sacramento,_California","Active","81","https://en.wikipedia.org/wiki/List_of_Delta_Sigma_Theta_collegiate_chapters#cite_note-126","[","]",""
"Delta Iota","","Grambling State University","https://en.wikipedia.org/wiki/Grambling_State_University","Grambling, Louisiana","https://en.wikipedia.org/wiki/Grambling,_Louisiana","Active","","","","","1950"
"Delta Kappa","","Central State University","https://en.wikipedia.org/wiki/Central_State_University","Wilberforce, Ohio","https://en.wikipedia.org/wiki/Wilberforce,_Ohio","Active","","","","","1951"
"","May 19, 1951","Youngstown, Ohio","https://en.wikipedia.org/wiki/Youngstown,_Ohio","Youngstown City-Wide","","Inactive","82","https://en.wikipedia.org/wiki/List_of_Delta_Sigma_Theta_collegiate_chapters#cite_note-:17-128","[","]","– May 19, 1975"
"Upsilon Sigma","","University of Maryland Eastern Shore","https://en.wikipedia.org/wiki/University_of_Maryland_Eastern_Shore","Princess Anne, Maryland","https://en.wikipedia.org/wiki/Princess_Anne,_Maryland","Inactive","83","https://en.wikipedia.org/wiki/List_of_Delta_Sigma_Theta_collegiate_chapters#cite_note-130","[","]","1952–19xx ?"
"Delta Nu","April 18, 1952","Savannah State University","https://en.wikipedia.org/wiki/Savannah_State_University","Savannah, Georgia","https://en.wikipedia.org/wiki/Savannah,_Georgia","Active","","","","",""
"Delta Xi","November 8, 1952","Fayetteville State University","https://en.wikipedia.org/wiki/Fayetteville_State_University","Fayetteville, North Carolina","https://en.wikipedia.org/wiki/Fayetteville,_North_Carolina","Active","84","https://en.wikipedia.org/wiki/List_of_Delta_Sigma_Theta_collegiate_chapters#cite_note-131","[","]",""
"","","Lawrenceville, Virginia","https://en.wikipedia.org/wiki/Lawrenceville,_Virginia","","","Inactive","av","https://en.wikipedia.org/wiki/List_of_Delta_Sigma_Theta_collegiate_chapters#cite_note-132","[","]","1952–2013"
"Delta Pi","November 4, 1952","Jackson State University","https://en.wikipedia.org/wiki/Jackson_State_University","Jackson, Mississippi","https://en.wikipedia.org/wiki/Jackson,_Mississippi","Active","85","https://en.wikipedia.org/wiki/List_of_Delta_Sigma_Theta_collegiate_chapters#cite_note-133","[","]",""
"Delta Rho","","Albany State University","https://en.wikipedia.org/wiki/Albany_State_University","Albany, Georgia","https://en.wikipedia.org/wiki/Albany,_Georgia","Active","","","","","1952"
"Delta Tau","","Cheyney University","https://en.wikipedia.org/wiki/Cheyney_University","Cheyney, Pennsylvania","https://en.wikipedia.org/wiki/Cheyney,_Pennsylvania","Active","","","","","1953"
"Delta Upsilon","","Western Michigan University","https://en.wikipedia.org/wiki/Western_Michigan_University","Kalamazoo, Michigan","https://en.wikipedia.org/wiki/Kalamazoo,_Michigan","Active","","","","","1953"
"Delta Phi","August 1, 1953","Ball State University","https://en.wikipedia.org/wiki/Ball_State_University","Muncie, Indiana","https://en.wikipedia.org/wiki/Muncie,_Indiana","Active","87","https://en.wikipedia.org/wiki/List_of_Delta_Sigma_Theta_collegiate_chapters#cite_note-135","[","]",""
"Delta Chi","","Elizabeth City State University","https://en.wikipedia.org/wiki/Elizabeth_City_State_University","Elizabeth City, North Carolina","https://en.wikipedia.org/wiki/Elizabeth_City,_North_Carolina","Active","","","","","1953"
"Delta Psi","","University of Detroit Mercy","https://en.wikipedia.org/wiki/University_of_Detroit_Mercy","","","Active","aw","https://en.wikipedia.org/wiki/List_of_Delta_Sigma_Theta_collegiate_chapters#cite_note-136","[","]","1954"
"","","University of Michigan–Dearborn","https://en.wikipedia.org/wiki/University_of_Michigan%E2%80%93Dearborn","","","","","","","",""
"Bishop College","","","https://en.wikipedia.org/wiki/Bishop_College","","","Inactive","ax","https://en.wikipedia.org/wiki/List_of_Delta_Sigma_Theta_collegiate_chapters#cite_note-137","[","]","1955–19xx ?"
"Epsilon Alpha","January 25, 1958","Delaware State University","https://en.wikipedia.org/wiki/Delaware_State_University","Dover, Delaware","https://en.wikipedia.org/wiki/Dover,_Delaware","Active","88","https://en.wikipedia.org/wiki/List_of_Delta_Sigma_Theta_collegiate_chapters#cite_note-:11-138","[","]",""
"Epsilon Beta","March 26, 1960","University of Texas at Austin","https://en.wikipedia.org/wiki/University_of_Texas_at_Austin","Austin, Texas","https://en.wikipedia.org/wiki/Austin,_Texas","Active","89","https://en.wikipedia.org/wiki/List_of_Delta_Sigma_Theta_collegiate_chapters#cite_note-139","[","]",""
"Epsilon Gamma","May 21, 1960","Pennsylvania State University","https://en.wikipedia.org/wiki/Pennsylvania_State_University","","","Active","90","https://en.wikipedia.org/wiki/List_of_Delta_Sigma_Theta_collegiate_chapters#cite_note-140","[","]",""
"Epsilon Delta","July 24, 1960","Temple University","https://en.wikipedia.org/wiki/Temple_University","","","Active","","","","",""
"Epsilon Epsilon","April 30, 1961","Michigan State University","https://en.wikipedia.org/wiki/Michigan_State_University","East Lansing, Michigan","https://en.wikipedia.org/wiki/East_Lansing,_Michigan","Active","91","https://en.wikipedia.org/wiki/List_of_Delta_Sigma_Theta_collegiate_chapters#cite_note-141","[","]",""
"Epsilon Zeta","","California State University, Los Angeles","https://en.wikipedia.org/wiki/California_State_University,_Los_Angeles","","","Active","","","","","1962"
"Epsilon Eta","","Stillman College","https://en.wikipedia.org/wiki/Stillman_College","Tuscaloosa, Alabama","https://en.wikipedia.org/wiki/Tuscaloosa,_Alabama","Active","","","","","1962"
"Epsilon Theta","December 1, 1962","Norfolk State University","https://en.wikipedia.org/wiki/Norfolk_State_University","Norfolk, Virginia","https://en.wikipedia.org/wiki/Norfolk,_Virginia","Active","","","","",""
"Epsilon Iota","October 5, 1963","Ohio University","https://en.wikipedia.org/wiki/Ohio_University","Athens, Ohio","https://en.wikipedia.org/wiki/Athens,_Ohio","Active","92","https://en.wikipedia.org/wiki/List_of_Delta_Sigma_Theta_collegiate_chapters#cite_note-142","[","]",""
"Epsilon Kappa","December 28, 1963","University of Memphis","https://en.wikipedia.org/wiki/University_of_Memphis","Memphis, Tennessee","https://en.wikipedia.org/wiki/Memphis,_Tennessee","Active","93","https://en.wikipedia.org/wiki/List_of_Delta_Sigma_Theta_collegiate_chapters#cite_note-143","[","]",""
"","","","","","","Inactive","","","","",""
"Epsilon Mu","","Kent State University","https://en.wikipedia.org/wiki/Kent_State_University","Kent, Ohio","https://en.wikipedia.org/wiki/Kent,_Ohio","Active","","","","","1964"
"Epsilon Nu","June 4, 1964","California State University, East Bay","https://en.wikipedia.org/wiki/California_State_University,_East_Bay","","","Active","","","","",""
"","","Mills College at Northeastern University","https://en.wikipedia.org/wiki/Mills_College_at_Northeastern_University","","","","","","","",""
"","","San Francisco State University","https://en.wikipedia.org/wiki/San_Francisco_State_University","","","","","","","",""
"","","Sonoma State University","https://en.wikipedia.org/wiki/Sonoma_State_University","","","","","","","",""
"Epsilon Xi","June 11, 1964","McKendree University","https://en.wikipedia.org/wiki/McKendree_University","Edwardsville, Illinois","https://en.wikipedia.org/wiki/Edwardsville,_Illinois","Active","94","https://en.wikipedia.org/wiki/List_of_Delta_Sigma_Theta_collegiate_chapters#cite_note-144","[","]",""
"","","Southern Illinois University Edwardsville","https://en.wikipedia.org/wiki/Southern_Illinois_University_Edwardsville","","","","","","","",""
"Epsilon Omicron","","Bowling Green State University","https://en.wikipedia.org/wiki/Bowling_Green_State_University","Bowling Green, Ohio","https://en.wikipedia.org/wiki/Bowling_Green,_Ohio","Active","","","","","1965"
"Epsilon Pi","July 17, 1965","Brooklyn College","https://en.wikipedia.org/wiki/Brooklyn_College","","","Active","","","","",""
"","","LIU Brooklyn","https://en.wikipedia.org/wiki/LIU_Brooklyn","","","","","","","",""
"","","Medgar Evers College","https://en.wikipedia.org/wiki/Medgar_Evers_College","","","","","","","",""
"","","St. Francis College","https://en.wikipedia.org/wiki/St._Francis_College","","","","","","","",""
"Epsilon Rho","July 19, 1965","Athenaeum of Ohio","https://en.wikipedia.org/wiki/Athenaeum_of_Ohio","Dayton, Ohio","https://en.wikipedia.org/wiki/Dayton,_Ohio","Active","95","https://en.wikipedia.org/wiki/List_of_Delta_Sigma_Theta_collegiate_chapters#cite_note-:9-145","[","]",""
"","","Earlham College","https://en.wikipedia.org/wiki/Earlham_College","","","","","","","",""
"","","Miami University","https://en.wikipedia.org/wiki/Miami_University","","","","","","","",""
"","","Otterbein University","https://en.wikipedia.org/wiki/Otterbein_University","","","","","","","",""
"","","University of Dayton","https://en.wikipedia.org/wiki/University_of_Dayton","","","","","","","",""
"","","Wright State University","https://en.wikipedia.org/wiki/Wright_State_University","","","","","","","",""
"Epsilon Tau","July 31, 1965","City College of New York","https://en.wikipedia.org/wiki/City_College_of_New_York","Manhattan","https://en.wikipedia.org/wiki/Manhattan","Active","96","https://en.wikipedia.org/wiki/List_of_Delta_Sigma_Theta_collegiate_chapters#cite_note-147","[","]",""
"","","Monroe University","https://en.wikipedia.org/wiki/Monroe_University","","","","","","","",""
"","","New York Institute of Technology","https://en.wikipedia.org/wiki/New_York_Institute_of_Technology","","","","","","","",""
"","March 12, 1966","Hartford, Connecticut","https://en.wikipedia.org/wiki/Hartford,_Connecticut","Hartford City-Wide","","Inactive","97","https://en.wikipedia.org/wiki/List_of_Delta_Sigma_Theta_collegiate_chapters#cite_note-148","[","]","– xxxx ?;April 26, 2008 – 20xx ?"
"Epsilon Phi","March 27, 1966","Drexel University","https://en.wikipedia.org/wiki/Drexel_University","","","Active","10","https://en.wikipedia.org/wiki/List_of_Delta_Sigma_Theta_collegiate_chapters#cite_note-:0-10","[","]",""
"","","La Salle University","https://en.wikipedia.org/wiki/La_Salle_University","","","","","","","",""
"","","Saint Joseph's University","https://en.wikipedia.org/wiki/Saint_Joseph%27s_University","","","","","","","",""
"","","Thomas Jefferson University","https://en.wikipedia.org/wiki/Thomas_Jefferson_University","","","","","","","",""
"","","University of the Arts","https://en.wikipedia.org/wiki/University_of_the_Arts_(Philadelphia)","","","","","","","",""
"Epsilon Chi","","","","","","Active","","","","","1966"
"Epsilon Psi","May 21, 1966","Stephens College","https://en.wikipedia.org/wiki/Stephens_College","Columbia, Missouri","https://en.wikipedia.org/wiki/Columbia,_Missouri","Active","98","https://en.wikipedia.org/wiki/List_of_Delta_Sigma_Theta_collegiate_chapters#cite_note-151","[","]",""
"","","University of Missouri","https://en.wikipedia.org/wiki/University_of_Missouri","","","","","","","",""
"Epsilon Omega","","Concord, North Carolina","https://en.wikipedia.org/wiki/Concord,_North_Carolina","","","Active","","","","","1966"
"Zeta Alpha","","University of Akron","https://en.wikipedia.org/wiki/University_of_Akron","Akron, Ohio","https://en.wikipedia.org/wiki/Akron,_Ohio","Active","","","","","1967"
"Zeta Beta","","Wichita State University","https://en.wikipedia.org/wiki/Wichita_State_University","Wichita, Kansas","https://en.wikipedia.org/wiki/Wichita,_Kansas","Active","","","","","1967"
"Zeta Gamma","February 17, 1968","Youngstown State University","https://en.wikipedia.org/wiki/Youngstown_State_University","Youngstown, Ohio","https://en.wikipedia.org/wiki/Youngstown,_Ohio","Active","82","https://en.wikipedia.org/wiki/List_of_Delta_Sigma_Theta_collegiate_chapters#cite_note-:17-128","[","]",""
"Zeta Delta","April 16, 1968","Bowie State University","https://en.wikipedia.org/wiki/Bowie_State_University","Bowie, Maryland","https://en.wikipedia.org/wiki/Bowie,_Maryland","Active","","","","",""
"Zeta Epsilon","","Coppin State University","https://en.wikipedia.org/wiki/Coppin_State_University","","","Active","","","","","1968"
"Zeta Zeta","","Culver–Stockton College","https://en.wikipedia.org/wiki/Culver%E2%80%93Stockton_College","Kirksville, Missouri","https://en.wikipedia.org/wiki/Kirksville,_Missouri","Active","","","","","1968"
"","","Truman State University","https://en.wikipedia.org/wiki/Truman_State_University","","","","","","","",""
"Zeta Eta","","University of North Texas","https://en.wikipedia.org/wiki/University_of_North_Texas","Denton, Texas","https://en.wikipedia.org/wiki/Denton,_Texas","Active","","","","","1968"
"Zeta Theta","November 3, 1968","Purdue University","https://en.wikipedia.org/wiki/Purdue_University","West Lafayette, Indiana","https://en.wikipedia.org/wiki/West_Lafayette,_Indiana","Active","99","https://en.wikipedia.org/wiki/List_of_Delta_Sigma_Theta_collegiate_chapters#cite_note-152","[","]",""
"Zeta Iota","November 11, 1968","Northern Illinois University","https://en.wikipedia.org/wiki/Northern_Illinois_University","","","Active","100","https://en.wikipedia.org/wiki/List_of_Delta_Sigma_Theta_collegiate_chapters#cite_note-153","[","]","–199x ?;2002"
"Zeta Kappa","","Northern Michigan University","https://en.wikipedia.org/wiki/Northern_Michigan_University","Marquette, Michigan","https://en.wikipedia.org/wiki/Marquette,_Michigan","Active","","","","","1968"
"Zeta Lambda","","University of Central Missouri","https://en.wikipedia.org/wiki/University_of_Central_Missouri","Warrensburg, Missouri","https://en.wikipedia.org/wiki/Warrensburg,_Missouri","Active","","","","","1968"
"Zeta Nu","","Indiana State University","https://en.wikipedia.org/wiki/Indiana_State_University","Terre Haute, Indiana","https://en.wikipedia.org/wiki/Terre_Haute,_Indiana","Active","","","","","1968"
"Zeta Mu","March 29, 1969","Miami University","https://en.wikipedia.org/wiki/Miami_University","Oxford, Ohio","https://en.wikipedia.org/wiki/Oxford,_Ohio","Active","95","https://en.wikipedia.org/wiki/List_of_Delta_Sigma_Theta_collegiate_chapters#cite_note-:9-145","[","]","Epsilon Rho"
"Zeta Xi","April 18, 1969","Madison, Wisconsin","https://en.wikipedia.org/wiki/Madison,_Wisconsin","","","Active","101","https://en.wikipedia.org/wiki/List_of_Delta_Sigma_Theta_collegiate_chapters#cite_note-156","[","]",""
"","","University of Wisconsin–Madison","https://en.wikipedia.org/wiki/University_of_Wisconsin%E2%80%93Madison","","","","","","","",""
"Zeta Pi","May 10, 1969","Colorado College","https://en.wikipedia.org/wiki/Colorado_College","","","Active","65","https://en.wikipedia.org/wiki/List_of_Delta_Sigma_Theta_collegiate_chapters#cite_note-:14-96","[","]",""
"","","Metropolitan State University of Denver","https://en.wikipedia.org/wiki/Metropolitan_State_University_of_Denver","","","","","","","",""
"","","University of Colorado Colorado Springs","https://en.wikipedia.org/wiki/University_of_Colorado_Colorado_Springs","","","","","","","",""
"","","University of Denver","https://en.wikipedia.org/wiki/University_of_Denver","","","","","","","",""
"","","University of Northern Colorado","https://en.wikipedia.org/wiki/University_of_Northern_Colorado","","","","","","","",""
"Omincron Eta","May 18, 1969","Greensboro, North Carolina","https://en.wikipedia.org/wiki/Greensboro,_North_Carolina","Greensboro City-Wide","","Inactive","102","https://en.wikipedia.org/wiki/List_of_Delta_Sigma_Theta_collegiate_chapters#cite_note-:12-158","[","]","– 1980"
"Zeta Rho","1969","Ferris State University","https://en.wikipedia.org/wiki/Ferris_State_University","Big Rapids, Michigan","https://en.wikipedia.org/wiki/Big_Rapids,_Michigan","Active","","","","","–xxxx ?, 2021"
"Zeta Sigma","May 29, 1969","University of Houston","https://en.wikipedia.org/wiki/University_of_Houston","","","Active","103","https://en.wikipedia.org/wiki/List_of_Delta_Sigma_Theta_collegiate_chapters#cite_note-160","[","]",""
"Zeta Tau","","Florida Memorial University","https://en.wikipedia.org/wiki/Florida_Memorial_University","Miami Gardens, Florida","https://en.wikipedia.org/wiki/Miami_Gardens,_Florida","Active","","","","","1969"
"Zeta Upsilon","","Our Lady of the Lake University","https://en.wikipedia.org/wiki/Our_Lady_of_the_Lake_University","","","Active","","","","","1969"
"","","Texas Lutheran University","https://en.wikipedia.org/wiki/Texas_Lutheran_University","","","","","","","",""
"","","","","","","","","","","",""
"","","University of the Incarnate Word","https://en.wikipedia.org/wiki/University_of_the_Incarnate_Word","","","","","","","",""
"Zeta Phi","May 30, 1969","Georgia State University","https://en.wikipedia.org/wiki/Georgia_State_University","","","Active","104","https://en.wikipedia.org/wiki/List_of_Delta_Sigma_Theta_collegiate_chapters#cite_note-161","[","]",""
"Zeta Chi","","Southern Illinois University","https://en.wikipedia.org/wiki/Southern_Illinois_University","Carbondale, Illinois","https://en.wikipedia.org/wiki/Carbondale,_Illinois","Active","","","","","1969"
"Zeta Psi","","University of Georgia","https://en.wikipedia.org/wiki/University_of_Georgia","Athens, Georgia","https://en.wikipedia.org/wiki/Athens,_Georgia","Active","","","","","1969"
"Zeta Omega","December 12, 1969","Lincoln University","https://en.wikipedia.org/wiki/Lincoln_University_(Pennsylvania)","Lincoln, Pennsylvania","https://en.wikipedia.org/wiki/Lincoln,_Pennsylvania","Active","","","","",""
"Eta Alpha","","Mississippi Valley State University","https://en.wikipedia.org/wiki/Mississippi_Valley_State_University","Itta Bena, Mississippi","https://en.wikipedia.org/wiki/Itta_Bena,_Mississippi","Active","","","","","1969"
"Eta Beta","","Prairie View A&M University","https://en.wikipedia.org/wiki/Prairie_View_A%26M_University","Prairie View, Texas","https://en.wikipedia.org/wiki/Prairie_View,_Texas","Active","","","","","1969"
"Eta Gamma","January 17, 1970","Kansas State University","https://en.wikipedia.org/wiki/Kansas_State_University","Manhattan, Kansas","https://en.wikipedia.org/wiki/Manhattan,_Kansas","Active","105","https://en.wikipedia.org/wiki/List_of_Delta_Sigma_Theta_collegiate_chapters#cite_note-162","[","]",""
"June 30, 2020","January 24, 1970","Texas Woman's University","https://en.wikipedia.org/wiki/Texas_Woman%27s_University","Denton, Texas","https://en.wikipedia.org/wiki/Denton,_Texas","Inactive","106","https://en.wikipedia.org/wiki/List_of_Delta_Sigma_Theta_collegiate_chapters#cite_note-163","[","]","–"
"Eta Epsilon","","West Texas A&M University","https://en.wikipedia.org/wiki/West_Texas_A%26M_University","Canyon, Texas","https://en.wikipedia.org/wiki/Canyon,_Texas","Active","","","","","1970"
"Eta Zeta","March 14, 1970","Western Kentucky University","https://en.wikipedia.org/wiki/Western_Kentucky_University","Bowling Green, Kentucky","https://en.wikipedia.org/wiki/Bowling_Green,_Kentucky","Active","108","https://en.wikipedia.org/wiki/List_of_Delta_Sigma_Theta_collegiate_chapters#cite_note-166","[","]",""
"Eta Eta","","Western Illinois University","https://en.wikipedia.org/wiki/Western_Illinois_University","Macomb, Illinois","https://en.wikipedia.org/wiki/Macomb,_Illinois","Active","","","","","1970"
"Eta Theta","","Paine College","https://en.wikipedia.org/wiki/Paine_College","Augusta, Georgia","https://en.wikipedia.org/wiki/Augusta,_Georgia","Active","","","","","1970"
"Eta Iota","","University of New Mexico","https://en.wikipedia.org/wiki/University_of_New_Mexico","Albuquerque, New Mexico","https://en.wikipedia.org/wiki/Albuquerque,_New_Mexico","Active","","","","","1970"
"Eta Kappa","April 11, 1970","Spelman College","https://en.wikipedia.org/wiki/Spelman_College","","","Active","109","https://en.wikipedia.org/wiki/List_of_Delta_Sigma_Theta_collegiate_chapters#cite_note-167","[","]",""
"Eta Lambda","April 17, 1970","Texas Tech University","https://en.wikipedia.org/wiki/Texas_Tech_University","Lubbock, Texas","https://en.wikipedia.org/wiki/Lubbock,_Texas","Active","110","https://en.wikipedia.org/wiki/List_of_Delta_Sigma_Theta_collegiate_chapters#cite_note-168","[","]",""
"","","","","","","Inactive","","","","",""
"Eta Nu","","Miles College","https://en.wikipedia.org/wiki/Miles_College","Birmingham, Alabama","https://en.wikipedia.org/wiki/Birmingham,_Alabama","Active","","","","","1970"
"Eta Xi","","University of Tennessee at Martin","https://en.wikipedia.org/wiki/University_of_Tennessee_at_Martin","Martin, Tennessee","https://en.wikipedia.org/wiki/Martin,_Tennessee","Active","","","","","1970"
"Eta Omicron","","Morehead State University","https://en.wikipedia.org/wiki/Morehead_State_University","Morehead, Kentucky","https://en.wikipedia.org/wiki/Morehead,_Kentucky","Active","","","","","1970"
"Eta Pi","","","","","","Active","","","","","1970"
"Eta Rho","","Eastern Kentucky University","https://en.wikipedia.org/wiki/Eastern_Kentucky_University","Richmond, Kentucky","https://en.wikipedia.org/wiki/Richmond,_Kentucky","Active","","","","","1970"
"Eta Sigma","","Northeastern State University","https://en.wikipedia.org/wiki/Northeastern_State_University","Tahlequah, Oklahoma","https://en.wikipedia.org/wiki/Tahlequah,_Oklahoma","Active","","","","","1970"
"Eta Tau","","Virginia Commonwealth University","https://en.wikipedia.org/wiki/Virginia_Commonwealth_University","Richmond, Virginia","https://en.wikipedia.org/wiki/Richmond,_Virginia","Active","","","","","1970"
"Eta Upsilon","May 22, 1970","Murray State University","https://en.wikipedia.org/wiki/Murray_State_University","Murray, Kentucky","https://en.wikipedia.org/wiki/Murray,_Kentucky","Active","","","","",""
"Eta Phi","","Denmark, South Carolina","https://en.wikipedia.org/wiki/Denmark,_South_Carolina","","","Active","","","","","1970"
"Eta Chi","","University of Nevada, Las Vegas","https://en.wikipedia.org/wiki/University_of_Nevada,_Las_Vegas","Paradise, Nevada","https://en.wikipedia.org/wiki/Paradise,_Nevada","Active","111","https://en.wikipedia.org/wiki/List_of_Delta_Sigma_Theta_collegiate_chapters#cite_note-169","[","]","1970"
"Eta Psi","","Lamar University","https://en.wikipedia.org/wiki/Lamar_University","Beaumont, Texas","https://en.wikipedia.org/wiki/Beaumont,_Texas","Active","","","","","1970"
"Eta Omega","November 1970","San Jose State University","https://en.wikipedia.org/wiki/San_Jose_State_University","San Jose, California","https://en.wikipedia.org/wiki/San_Jose,_California","Active","112","https://en.wikipedia.org/wiki/List_of_Delta_Sigma_Theta_collegiate_chapters#cite_note-170","[","]",""
"Theta Alpha","","National Louis University","https://en.wikipedia.org/wiki/National_Louis_University","Evanston, Illinois","https://en.wikipedia.org/wiki/Evanston,_Illinois","Active","78","https://en.wikipedia.org/wiki/List_of_Delta_Sigma_Theta_collegiate_chapters#cite_note-:8-121","[","]","1971"
"","","Northwestern University","https://en.wikipedia.org/wiki/Northwestern_University","","","","","","","",""
"Theta Beta","January 1971","Carlow University","https://en.wikipedia.org/wiki/Carlow_University","","","Active","38","https://en.wikipedia.org/wiki/List_of_Delta_Sigma_Theta_collegiate_chapters#cite_note-:13-52","[","]",""
"","","Carnegie Mellon University","https://en.wikipedia.org/wiki/Carnegie_Mellon_University","","","","","","","",""
"","","Chatham University","https://en.wikipedia.org/wiki/Chatham_University","","","","","","","",""
"","","Robert Morris University","https://en.wikipedia.org/wiki/Robert_Morris_University","","","","","","","",""
"Theta Gamma","","Stephen F. Austin State University","https://en.wikipedia.org/wiki/Stephen_F._Austin_State_University","Nacogdoches, Texas","https://en.wikipedia.org/wiki/Nacogdoches,_Texas","Active","","","","","1971"
"","February 13, 1971","Illinois State University","https://en.wikipedia.org/wiki/Illinois_State_University","Normal, Illinois","https://en.wikipedia.org/wiki/Normal,_Illinois","Inactive","113","https://en.wikipedia.org/wiki/List_of_Delta_Sigma_Theta_collegiate_chapters#cite_note-:10-173","[","]","– 19xx ?"
"Theta Delta","","Normal, Illinois","https://en.wikipedia.org/wiki/Normal,_Illinois","Normal City-Wide","","Active","113","https://en.wikipedia.org/wiki/List_of_Delta_Sigma_Theta_collegiate_chapters#cite_note-:10-173","[","]","2002"
"Theta Epsilon","","Bradley University","https://en.wikipedia.org/wiki/Bradley_University","Peoria, Illinois","https://en.wikipedia.org/wiki/Peoria,_Illinois","Active","","","","","1971"
"Theta Zeta","","Eastern Illinois University","https://en.wikipedia.org/wiki/Eastern_Illinois_University","Charleston, Illinois","https://en.wikipedia.org/wiki/Charleston,_Illinois","Active","","","","","1971"
"Theta Eta","April 3, 1971","","","Cleveland City-Wide","","Active","114","https://en.wikipedia.org/wiki/List_of_Delta_Sigma_Theta_collegiate_chapters#cite_note-175","[","]",""
"Tenacious Theta Theta","April 24, 1971","Central Michigan University","https://en.wikipedia.org/wiki/Central_Michigan_University","Mount Pleasant, Michigan","https://en.wikipedia.org/wiki/Mount_Pleasant,_Michigan","Active","115","https://en.wikipedia.org/wiki/List_of_Delta_Sigma_Theta_collegiate_chapters#cite_note-177","[","]",""
"Theta Iota","","Wilmington, North Carolina","https://en.wikipedia.org/wiki/Wilmington,_North_Carolina","","","Active","","","","","1971"
"Theta Kappa","","Hawkins, Texas","https://en.wikipedia.org/wiki/Hawkins,_Texas","","","Active","","","","","1971"
"Theta Lambda","","Emporia State University","https://en.wikipedia.org/wiki/Emporia_State_University","Emporia, Kansas","https://en.wikipedia.org/wiki/Emporia,_Kansas","Active","","","","","1971"
"Theta Mu","","Oklahoma State University","https://en.wikipedia.org/wiki/Oklahoma_State_University","Stillwater, Oklahoma","https://en.wikipedia.org/wiki/Stillwater,_Oklahoma","Active","","","","","1971"
"Theta Nu","May 8, 1971","East Texas A&M University","https://en.wikipedia.org/wiki/East_Texas_A%26M_University","Commerce, Texas","https://en.wikipedia.org/wiki/Commerce,_Texas","Active","116","https://en.wikipedia.org/wiki/List_of_Delta_Sigma_Theta_collegiate_chapters#cite_note-178","[","]",""
"Theta Xi","April 1971","University of Louisiana at Lafayette","https://en.wikipedia.org/wiki/University_of_Louisiana_at_Lafayette","Lafayette, Louisiana","https://en.wikipedia.org/wiki/Lafayette,_Louisiana","Active","117","https://en.wikipedia.org/wiki/List_of_Delta_Sigma_Theta_collegiate_chapters#cite_note-180","[","]",""
"Theta Omicron","","Canton, Missouri","https://en.wikipedia.org/wiki/Canton,_Missouri","","","Active","","","","","1971"
"Theta Pi","","Rust College","https://en.wikipedia.org/wiki/Rust_College","Holly Springs, Mississippi","https://en.wikipedia.org/wiki/Holly_Springs,_Mississippi","Active","","","","","1971"
"Theta Rho","","University of Tennessee at Chattanooga","https://en.wikipedia.org/wiki/University_of_Tennessee_at_Chattanooga","Chattanooga, Tennessee","https://en.wikipedia.org/wiki/Chattanooga,_Tennessee","Active","","","","","1971"
"Theta Sigma","","Georgia Southwestern State University","https://en.wikipedia.org/wiki/Georgia_Southwestern_State_University","Americus, Georgia","https://en.wikipedia.org/wiki/Americus,_Georgia","Active","","","","","1971"
"","May 28, 1971","Valdosta State University","https://en.wikipedia.org/wiki/Valdosta_State_University","Valdosta, Georgia","https://en.wikipedia.org/wiki/Valdosta,_Georgia","Inactive","118","https://en.wikipedia.org/wiki/List_of_Delta_Sigma_Theta_collegiate_chapters#cite_note-181","[","]","– 202x ?"
"Theta Upsilon","","William Paterson University","https://en.wikipedia.org/wiki/William_Paterson_University","Wayne, New Jersey","https://en.wikipedia.org/wiki/Wayne,_New_Jersey","Active","","","","","1971"
"Theta Phi","June 3, 1971","Columbus State University","https://en.wikipedia.org/wiki/Columbus_State_University","Columbus, Georgia","https://en.wikipedia.org/wiki/Columbus,_Georgia","Active","","","","",""
"Theta Chi","June 27, 1971","Rowan University","https://en.wikipedia.org/wiki/Rowan_University","Glassboro, New Jersey","https://en.wikipedia.org/wiki/Glassboro,_New_Jersey","Active","120","https://en.wikipedia.org/wiki/List_of_Delta_Sigma_Theta_collegiate_chapters#cite_note-184","[","]",""
"","","Rutgers University–Camden","https://en.wikipedia.org/wiki/Rutgers_University%E2%80%93Camden","","","","","","","",""
"","","Stockton University","https://en.wikipedia.org/wiki/Stockton_University","","","","","","","",""
"","","","","Los Angeles City-Wide","","Inactive","","","","","1971–xxxx ?"
"Theta Omega","","Marshall University","https://en.wikipedia.org/wiki/Marshall_University","Huntington, West Virginia","https://en.wikipedia.org/wiki/Huntington,_West_Virginia","Active","","","","","1971"
"Iota Alpha","December 11, 1971","James Madison University","https://en.wikipedia.org/wiki/James_Madison_University","Harrisonburg, Virginia","https://en.wikipedia.org/wiki/Harrisonburg,_Virginia","Active","","","","",""
"Iota Beta","","The College of New Jersey","https://en.wikipedia.org/wiki/The_College_of_New_Jersey","Trenton, New Jersey","https://en.wikipedia.org/wiki/Trenton,_New_Jersey","Active","bm","https://en.wikipedia.org/wiki/List_of_Delta_Sigma_Theta_collegiate_chapters#cite_note-185","[","]","1972"
"","September 1972","University of Texas at El Paso","https://en.wikipedia.org/wiki/University_of_Texas_at_El_Paso","El Paso, Texas","https://en.wikipedia.org/wiki/El_Paso,_Texas","Inactive","67","https://en.wikipedia.org/wiki/List_of_Delta_Sigma_Theta_collegiate_chapters#cite_note-:19-100","[","]","– xxxx ?"
"Iota Delta","","Henderson State University","https://en.wikipedia.org/wiki/Henderson_State_University","Arkadelphia, Arkansas","https://en.wikipedia.org/wiki/Arkadelphia,_Arkansas","Active","","","","","1972"
"Iota Epsilon","","Eureka College","https://en.wikipedia.org/wiki/Eureka_College","Eureka, Illinois","https://en.wikipedia.org/wiki/Eureka,_Illinois","Active","","","","","1972"
"Theta Delta","","Illinois Wesleyan University","https://en.wikipedia.org/wiki/Illinois_Wesleyan_University","Bloomington, Illinois","https://en.wikipedia.org/wiki/Bloomington,_Illinois","Active","113","https://en.wikipedia.org/wiki/List_of_Delta_Sigma_Theta_collegiate_chapters#cite_note-:10-173","[","]","1972–1983"
"Iota Eta","April 22, 1972","Texas Christian University","https://en.wikipedia.org/wiki/Texas_Christian_University","Fort Worth, Texas","https://en.wikipedia.org/wiki/Fort_Worth,_Texas","Active","122","https://en.wikipedia.org/wiki/List_of_Delta_Sigma_Theta_collegiate_chapters#cite_note-188","[","]",""
"Iota Theta","","Louisiana State University","https://en.wikipedia.org/wiki/Louisiana_State_University","Baton Rouge, Louisiana","https://en.wikipedia.org/wiki/Baton_Rouge,_Louisiana","Active","123","https://en.wikipedia.org/wiki/List_of_Delta_Sigma_Theta_collegiate_chapters#cite_note-189","[","]","1972 – December 2017, 20xx ?"
"Iota Iota","May 7, 1972","Catholic University of America","https://en.wikipedia.org/wiki/Catholic_University_of_America","Washington, D.C.","https://en.wikipedia.org/wiki/Washington,_D.C.","Active","124","https://en.wikipedia.org/wiki/List_of_Delta_Sigma_Theta_collegiate_chapters#cite_note-191","[","]",""
"","","Trinity Washington University","https://en.wikipedia.org/wiki/Trinity_Washington_University","","","","","","","",""
"Iota Kappa","May 12, 1972","Arizona State University","https://en.wikipedia.org/wiki/Arizona_State_University","Tempe, Arizona","https://en.wikipedia.org/wiki/Tempe,_Arizona","Active","56","https://en.wikipedia.org/wiki/List_of_Delta_Sigma_Theta_collegiate_chapters#cite_note-:15-79","[","]",""
"Iota Lambda","May 12, 1972","University of Alabama at Birmingham","https://en.wikipedia.org/wiki/University_of_Alabama_at_Birmingham","Birmingham, Alabama","https://en.wikipedia.org/wiki/Birmingham,_Alabama","Inactive","125","https://en.wikipedia.org/wiki/List_of_Delta_Sigma_Theta_collegiate_chapters#cite_note-193","[","]",""
"Iota Mu","","Northwestern State University","https://en.wikipedia.org/wiki/Northwestern_State_University","Natchitoches, Louisiana","https://en.wikipedia.org/wiki/Natchitoches,_Louisiana","Active","","","","","1972"
"Iota Nu","April 23, 1972","Spring Hill College","https://en.wikipedia.org/wiki/Spring_Hill_College","Mobile, Alabama","https://en.wikipedia.org/wiki/Mobile,_Alabama","Active","126","https://en.wikipedia.org/wiki/List_of_Delta_Sigma_Theta_collegiate_chapters#cite_note-194","[","]",""
"","","University of South Alabama","https://en.wikipedia.org/wiki/University_of_South_Alabama","","","","","","","",""
"Iota Xi","","California, Pennsylvania","https://en.wikipedia.org/wiki/California,_Pennsylvania","","","Active","","","","","1972"
"Iota Omicron","","University of Central Oklahoma","https://en.wikipedia.org/wiki/University_of_Central_Oklahoma","Edmond, Oklahoma","https://en.wikipedia.org/wiki/Edmond,_Oklahoma","Active","","","","","1972"
"Iota Pi","","Florida International University","https://en.wikipedia.org/wiki/Florida_International_University","","","Active","","","","","1972"
"Iota Rho","December 2, 1972","University of North Carolina at Charlotte","https://en.wikipedia.org/wiki/University_of_North_Carolina_at_Charlotte","Charlotte, North Carolina","https://en.wikipedia.org/wiki/Charlotte,_North_Carolina","Active","127","https://en.wikipedia.org/wiki/List_of_Delta_Sigma_Theta_collegiate_chapters#cite_note-196","[","]",""
"Iota Sigma","","Mercer University","https://en.wikipedia.org/wiki/Mercer_University","Macon, Georgia","https://en.wikipedia.org/wiki/Macon,_Georgia","Active","","","","","1973"
"Iota Tau","","Middle Tennessee State University","https://en.wikipedia.org/wiki/Middle_Tennessee_State_University","Murfreesboro, Tennessee","https://en.wikipedia.org/wiki/Murfreesboro,_Tennessee","Active","","","","","1973"
"Iota Upsilon","","Austin Peay State University","https://en.wikipedia.org/wiki/Austin_Peay_State_University","Clarksville, Tennessee","https://en.wikipedia.org/wiki/Clarksville,_Tennessee","Active","","","","","1973"
"","","Oak Park, Illinois","https://en.wikipedia.org/wiki/Oak_Park,_Illinois","Chicago West Suburban Area","","Inactive","","","","","1973–xxxx ?"
"Iota Chi","February 17, 1973","University of South Carolina","https://en.wikipedia.org/wiki/University_of_South_Carolina","Columbia, South Carolina","https://en.wikipedia.org/wiki/Columbia,_South_Carolina","Active","128","https://en.wikipedia.org/wiki/List_of_Delta_Sigma_Theta_collegiate_chapters#cite_note-197","[","]",""
"Iota Psi","","Southeastern Oklahoma State University","https://en.wikipedia.org/wiki/Southeastern_Oklahoma_State_University","Durant, Oklahoma","https://en.wikipedia.org/wiki/Durant,_Oklahoma","Active","","","","","1973"
"Iota Omega","","Texas State University","https://en.wikipedia.org/wiki/Texas_State_University","San Marcos, Texas","https://en.wikipedia.org/wiki/San_Marcos,_Texas","Active","","","","","1973"
"Kappa Alpha","April 15, 1973","University of Oklahoma","https://en.wikipedia.org/wiki/University_of_Oklahoma","Norman, Oklahoma","https://en.wikipedia.org/wiki/Norman,_Oklahoma","Active","129","https://en.wikipedia.org/wiki/List_of_Delta_Sigma_Theta_collegiate_chapters#cite_note-198","[","]",""
"Kappa Beta","May 12, 1973","Jacksonville State University","https://en.wikipedia.org/wiki/Jacksonville_State_University","Jacksonville, Alabama","https://en.wikipedia.org/wiki/Jacksonville,_Alabama","Active","","","","",""
"Kappa Gamma","","Lander University","https://en.wikipedia.org/wiki/Lander_University","Greenwood, South Carolina","https://en.wikipedia.org/wiki/Greenwood,_South_Carolina","Active","","","","","1973"
"Kappa Delta","","University of West Georgia","https://en.wikipedia.org/wiki/University_of_West_Georgia","Carrollton, Georgia","https://en.wikipedia.org/wiki/Carrollton,_Georgia","Active","","","","","1973"
"Kappa Epsilon","May 24, 1973","Florida State University","https://en.wikipedia.org/wiki/Florida_State_University","Tallahassee, Florida","https://en.wikipedia.org/wiki/Tallahassee,_Florida","Active","130","https://en.wikipedia.org/wiki/List_of_Delta_Sigma_Theta_collegiate_chapters#cite_note-199","[","]",""
"Kappa Zeta","","Millikin University","https://en.wikipedia.org/wiki/Millikin_University","Decatur, Illinois","https://en.wikipedia.org/wiki/Decatur,_Illinois","Active","","","","","1973"
"Kappa Eta","June 3, 1973","Alverno College","https://en.wikipedia.org/wiki/Alverno_College","","","Active","131","https://en.wikipedia.org/wiki/List_of_Delta_Sigma_Theta_collegiate_chapters#cite_note-200","[","]",""
"","","Marquette University","https://en.wikipedia.org/wiki/Marquette_University","","","","","","","",""
"","","University of Wisconsin–Milwaukee","https://en.wikipedia.org/wiki/University_of_Wisconsin%E2%80%93Milwaukee","","","","","","","",""
"","","Oshkosh, Wisconsin","https://en.wikipedia.org/wiki/Oshkosh,_Wisconsin","","","Inactive","","","","","1973–xxxx ?"
"","","Green Bay, Wisconsin","https://en.wikipedia.org/wiki/Green_Bay,_Wisconsin","","","Inactive","","","","","1973–xxxx ?"
"","","Lawrence University","https://en.wikipedia.org/wiki/Lawrence_University","Appleton, Wisconsin","https://en.wikipedia.org/wiki/Appleton,_Wisconsin","Inactive","","","","","1973–xxxx ?"
"","","Marian University","https://en.wikipedia.org/wiki/Marian_University_(Wisconsin)","Fond du Lac, Wisconsin","https://en.wikipedia.org/wiki/Fond_du_Lac,_Wisconsin","Inactive","","","","","1973–xxxx ?"
"","","Ripon College","https://en.wikipedia.org/wiki/Ripon_College_(Wisconsin)","Ripon, Wisconsin","https://en.wikipedia.org/wiki/Ripon,_Wisconsin","Inactive","","","","","1973–xxxx ?"
"Kappa Iota","May 31, 1973","University of South Florida","https://en.wikipedia.org/wiki/University_of_South_Florida","Tampa, Florida","https://en.wikipedia.org/wiki/Tampa,_Florida","Active","","","","",""
"","","Berea, Ohio","https://en.wikipedia.org/wiki/Berea,_Ohio","","","Inactive","","","","","1973–xxxx ?"
"Kappa Lambda","April 27, 1973","Syracuse University","https://en.wikipedia.org/wiki/Syracuse_University","Syracuse, New York","https://en.wikipedia.org/wiki/Syracuse,_New_York","Active","14","https://en.wikipedia.org/wiki/List_of_Delta_Sigma_Theta_collegiate_chapters#cite_note-:3-16","[","]",""
"Kappa Mu","","Sam Houston State University","https://en.wikipedia.org/wiki/Sam_Houston_State_University","Huntsville, Texas","https://en.wikipedia.org/wiki/Huntsville,_Texas","Active","","","","","1973"
"Kappa Nu","May 6, 1973","University of Southern Indiana","https://en.wikipedia.org/wiki/University_of_Southern_Indiana","Evansville, Indiana","https://en.wikipedia.org/wiki/Evansville,_Indiana","Active","bs","https://en.wikipedia.org/wiki/List_of_Delta_Sigma_Theta_collegiate_chapters#cite_note-202","[","]",""
"Kappa Xi","May 12, 1973","Arkansas State University","https://en.wikipedia.org/wiki/Arkansas_State_University","Jonesboro, Arkansas","https://en.wikipedia.org/wiki/Jonesboro,_Arkansas","Active","","","","",""
"Kappa Omicron","July 21, 1973","University of North Carolina at Chapel Hill","https://en.wikipedia.org/wiki/University_of_North_Carolina_at_Chapel_Hill","Chapel Hill, North Carolina","https://en.wikipedia.org/wiki/Chapel_Hill,_North_Carolina","Active","132","https://en.wikipedia.org/wiki/List_of_Delta_Sigma_Theta_collegiate_chapters#cite_note-203","[","]",""
"Kappa Pi","","Delta State University","https://en.wikipedia.org/wiki/Delta_State_University","Cleveland, Mississippi","https://en.wikipedia.org/wiki/Cleveland,_Mississippi","Active","","","","","1973"
"Kappa Rho","","University of Virginia","https://en.wikipedia.org/wiki/University_of_Virginia","Charlottesville, Virginia","https://en.wikipedia.org/wiki/Charlottesville,_Virginia","Active","","","","","1973"
"","November 10, 1973","East Carolina University","https://en.wikipedia.org/wiki/East_Carolina_University","Greenville, North Carolina","https://en.wikipedia.org/wiki/Greenville,_North_Carolina","Inactive","133","https://en.wikipedia.org/wiki/List_of_Delta_Sigma_Theta_collegiate_chapters#cite_note-204","[","]","– 2015 ?"
"Kappa Tau","","Texas A&M University–Kingsville","https://en.wikipedia.org/wiki/Texas_A%26M_University%E2%80%93Kingsville","Kingsville, Texas","https://en.wikipedia.org/wiki/Kingsville,_Texas","Active","","","","","1974"
"Kappa Upsilon","January 12, 1974","Auburn University","https://en.wikipedia.org/wiki/Auburn_University","Auburn, Alabama","https://en.wikipedia.org/wiki/Auburn,_Alabama","Active","136","https://en.wikipedia.org/wiki/List_of_Delta_Sigma_Theta_collegiate_chapters#cite_note-208","[","]",""
"Kappa Phi","January 26, 1974","University of Maryland, College Park","https://en.wikipedia.org/wiki/University_of_Maryland,_College_Park","College Park, Maryland","https://en.wikipedia.org/wiki/College_Park,_Maryland","Active","","","","",""
"Kappa Chi","January 26, 1974","Louisiana Tech University","https://en.wikipedia.org/wiki/Louisiana_Tech_University","Ruston, Louisiana","https://en.wikipedia.org/wiki/Ruston,_Louisiana","Active","137","https://en.wikipedia.org/wiki/List_of_Delta_Sigma_Theta_collegiate_chapters#cite_note-209","[","]",""
"Kappa Psi","February 14, 1974","Frostburg State University","https://en.wikipedia.org/wiki/Frostburg_State_University","Frostburg, Maryland","https://en.wikipedia.org/wiki/Frostburg,_Maryland","Active","138","https://en.wikipedia.org/wiki/List_of_Delta_Sigma_Theta_collegiate_chapters#cite_note-210","[","]",""
"Kappa Omega","February 14, 1974","University of California, Santa Barbara","https://en.wikipedia.org/wiki/University_of_California,_Santa_Barbara","Santa Barbara, California","https://en.wikipedia.org/wiki/Santa_Barbara,_California","Active","","","","",""
"Lambda Alpha","","Whitewater, Wisconsin","https://en.wikipedia.org/wiki/Whitewater,_Wisconsin","","","Active","","","","","1974"
"Lambda Beta","","Clarion, Pennsylvania","https://en.wikipedia.org/wiki/Clarion,_Pennsylvania","","","Active","","","","","1974"
"Lambda Gamma","","Franklin & Marshall College","https://en.wikipedia.org/wiki/Franklin_%26_Marshall_College","Millersville, Pennsylvania","https://en.wikipedia.org/wiki/Millersville,_Pennsylvania","Active","","","","","1974"
"","","","","","","","","","","",""
"","","Idaho State University","https://en.wikipedia.org/wiki/Idaho_State_University","Pocatello, Idaho","https://en.wikipedia.org/wiki/Pocatello,_Idaho","Inactive","","","","","1974–xxxx ?"
"Lambda Epsilon","","University of Missouri–Kansas City","https://en.wikipedia.org/wiki/University_of_Missouri%E2%80%93Kansas_City","Kansas City, Missouri","https://en.wikipedia.org/wiki/Kansas_City,_Missouri","Active","","","","","1974"
"","","William Jewell College","https://en.wikipedia.org/wiki/William_Jewell_College","","","","","","","",""
"Lambda Eta","March 17, 1974","Old Dominion University","https://en.wikipedia.org/wiki/Old_Dominion_University","Norfolk, Virginia","https://en.wikipedia.org/wiki/Norfolk,_Virginia","Active","139","https://en.wikipedia.org/wiki/List_of_Delta_Sigma_Theta_collegiate_chapters#cite_note-211","[","]",""
"Lambda Zeta","March 23, 1974","University of Alabama","https://en.wikipedia.org/wiki/University_of_Alabama","Tuscaloosa, Alabama","https://en.wikipedia.org/wiki/Tuscaloosa,_Alabama","Active","140","https://en.wikipedia.org/wiki/List_of_Delta_Sigma_Theta_collegiate_chapters#cite_note-212","[","]",""
"Lambda Theta","March 23, 1974","University of Arkansas","https://en.wikipedia.org/wiki/University_of_Arkansas","Fayetteville, Arkansas","https://en.wikipedia.org/wiki/Fayetteville,_Arkansas","Active","141","https://en.wikipedia.org/wiki/List_of_Delta_Sigma_Theta_collegiate_chapters#cite_note-213","[","]",""
"Lambda Iota","March 30, 1974","Brown University","https://en.wikipedia.org/wiki/Brown_University","Providence, Rhode Island","https://en.wikipedia.org/wiki/Providence,_Rhode_Island","Active","142","https://en.wikipedia.org/wiki/List_of_Delta_Sigma_Theta_collegiate_chapters#cite_note-214","[","]",""
"Lambda Kappa","","","","","","Active","","","","","1974"
"Lambda Lambda","","Ashland, Ohio","https://en.wikipedia.org/wiki/Ashland,_Ohio","","","Active","","","","","1974"
"Lambda Mu","","Southern Arkansas University","https://en.wikipedia.org/wiki/Southern_Arkansas_University","Magnolia, Arkansas","https://en.wikipedia.org/wiki/Magnolia,_Arkansas","Active","","","","","1974"
"Lambda Nu","","Paul Quinn College","https://en.wikipedia.org/wiki/Paul_Quinn_College","","","Active","","","","","1974"
"Lambda Xi","","University of California, Davis","https://en.wikipedia.org/wiki/University_of_California,_Davis","Davis, California","https://en.wikipedia.org/wiki/Davis,_California","Active","","","","","1974"
"Lambda Omicron","May 25, 1974","College of Charleston","https://en.wikipedia.org/wiki/College_of_Charleston","Charleston, South Carolina","https://en.wikipedia.org/wiki/Charleston,_South_Carolina","Active","143","https://en.wikipedia.org/wiki/List_of_Delta_Sigma_Theta_collegiate_chapters#cite_note-215","[","]",""
"Lambda Pi","","Grand Valley State University","https://en.wikipedia.org/wiki/Grand_Valley_State_University","Allendale, Michigan","https://en.wikipedia.org/wiki/Allendale,_Michigan","Active","bu","https://en.wikipedia.org/wiki/List_of_Delta_Sigma_Theta_collegiate_chapters#cite_note-216","[","]","1974"
"Lambda Rho","","University of Louisiana at Monroe","https://en.wikipedia.org/wiki/University_of_Louisiana_at_Monroe","Monroe, Louisiana","https://en.wikipedia.org/wiki/Monroe,_Louisiana","Active","","","","","1974"
"Lambda Sigma","November 14, 1974","University of Mississippi","https://en.wikipedia.org/wiki/University_of_Mississippi","Oxford, Mississippi","https://en.wikipedia.org/wiki/Oxford,_Mississippi","Active","","","","",""
"Lambda Tau","","University of the Pacific","https://en.wikipedia.org/wiki/University_of_the_Pacific_(United_States)","Stockton, California","https://en.wikipedia.org/wiki/Stockton,_California","Active","","","","","1974"
"Lambda Upsilon","December 13, 1974","University of Central Arkansas","https://en.wikipedia.org/wiki/University_of_Central_Arkansas","Conway, Arkansas","https://en.wikipedia.org/wiki/Conway,_Arkansas","Active","144","https://en.wikipedia.org/wiki/List_of_Delta_Sigma_Theta_collegiate_chapters#cite_note-217","[","]",""
"","","Marquette University","https://en.wikipedia.org/wiki/Marquette_University","","","Inactive","","","","","1975–xxxx ?"
"Lambda Chi","","University of Texas at Arlington","https://en.wikipedia.org/wiki/University_of_Texas_at_Arlington","Arlington, Texas","https://en.wikipedia.org/wiki/Arlington,_Texas","Active","","","","","1975"
"Lambda Psi","March 11, 1975","University of Florida","https://en.wikipedia.org/wiki/University_of_Florida","Gainesville, Florida","https://en.wikipedia.org/wiki/Gainesville,_Florida","Active","145","https://en.wikipedia.org/wiki/List_of_Delta_Sigma_Theta_collegiate_chapters#cite_note-218","[","]",""
"Lambda Omega","April 5, 1975","Duke University","https://en.wikipedia.org/wiki/Duke_University","Durham, North Carolina","https://en.wikipedia.org/wiki/Durham,_North_Carolina","Active","146","https://en.wikipedia.org/wiki/List_of_Delta_Sigma_Theta_collegiate_chapters#cite_note-219","[","]",""
"Mu Alpha","April 12, 1975","Virginia Tech","https://en.wikipedia.org/wiki/Virginia_Tech","Blacksburg, Virginia","https://en.wikipedia.org/wiki/Blacksburg,_Virginia","Active","147","https://en.wikipedia.org/wiki/List_of_Delta_Sigma_Theta_collegiate_chapters#cite_note-220","[","]",""
"Mu Beta","","George Washington University","https://en.wikipedia.org/wiki/George_Washington_University","Washington, D.C.","https://en.wikipedia.org/wiki/Washington,_D.C.","Active","","","","","1975"
"Mu Gamma","May 4, 1975","Cornell University","https://en.wikipedia.org/wiki/Cornell_University","Ithaca, New York","https://en.wikipedia.org/wiki/Ithaca,_New_York","Active","15","https://en.wikipedia.org/wiki/List_of_Delta_Sigma_Theta_collegiate_chapters#cite_note-:4-18","[","]","– 1991; Spring 2001"
"Mu Delta","","University of Findlay","https://en.wikipedia.org/wiki/University_of_Findlay","Findlay, Ohio","https://en.wikipedia.org/wiki/Findlay,_Ohio","Active","","","","","1975"
"Mu Epsilon","May 9, 1975","University of Kentucky","https://en.wikipedia.org/wiki/University_of_Kentucky","Lexington, Kentucky","https://en.wikipedia.org/wiki/Lexington,_Kentucky","Active","148","https://en.wikipedia.org/wiki/List_of_Delta_Sigma_Theta_collegiate_chapters#cite_note-222","[","]",""
"Mu Eta","May 10, 1975","University of Arizona","https://en.wikipedia.org/wiki/University_of_Arizona","Tucson, Arizona","https://en.wikipedia.org/wiki/Tucson,_Arizona","Active","149","https://en.wikipedia.org/wiki/List_of_Delta_Sigma_Theta_collegiate_chapters#cite_note-223","[","]",""
"Mu Iota","May 16, 1975","University of Central Florida","https://en.wikipedia.org/wiki/University_of_Central_Florida","Orlando, Florida","https://en.wikipedia.org/wiki/Orlando,_Florida","Active","150","https://en.wikipedia.org/wiki/List_of_Delta_Sigma_Theta_collegiate_chapters#cite_note-224","[","]",""
"Mu Zeta","May 21, 1975","Carson–Newman University","https://en.wikipedia.org/wiki/Carson%E2%80%93Newman_University","Knoxville, Tennessee","https://en.wikipedia.org/wiki/Knoxville,_Tennessee","Active","151","https://en.wikipedia.org/wiki/List_of_Delta_Sigma_Theta_collegiate_chapters#cite_note-225","[","]",""
"","","Maryville College","https://en.wikipedia.org/wiki/Maryville_College","","","","","","","",""
"","","University of Tennessee","https://en.wikipedia.org/wiki/University_of_Tennessee","","","","","","","",""
"Mu Theta","May 23, 1975","Elmhurst University","https://en.wikipedia.org/wiki/Elmhurst_University","Romeoville, Illinois","https://en.wikipedia.org/wiki/Romeoville,_Illinois","Active","","","","",""
"","","Governors State University","https://en.wikipedia.org/wiki/Governors_State_University","","","","","","","",""
"","","Lewis University","https://en.wikipedia.org/wiki/Lewis_University","","","","","","","",""
"Mu Kappa","June 21, 1975","University of Arkansas at Little Rock","https://en.wikipedia.org/wiki/University_of_Arkansas_at_Little_Rock","Little Rock, Arkansas","https://en.wikipedia.org/wiki/Little_Rock,_Arkansas","Active","","","","",""
"Mu Lambda","","New Mexico State University","https://en.wikipedia.org/wiki/New_Mexico_State_University","Las Cruces, New Mexico","https://en.wikipedia.org/wiki/Las_Cruces,_New_Mexico","Active","","","","","1975"
"Mu Mu","","Towson University","https://en.wikipedia.org/wiki/Towson_University","Towson, Maryland","https://en.wikipedia.org/wiki/Towson,_Maryland","Active","bw","https://en.wikipedia.org/wiki/List_of_Delta_Sigma_Theta_collegiate_chapters#cite_note-227","[","]","1975"
"Mu Nu","July 27, 1975","University of Southern Mississippi","https://en.wikipedia.org/wiki/University_of_Southern_Mississippi","Hattiesburg, Mississippi","https://en.wikipedia.org/wiki/Hattiesburg,_Mississippi","Active","","","","",""
"Mu Xi","","Augusta State University","https://en.wikipedia.org/wiki/Augusta_State_University","Augusta, Georgia","https://en.wikipedia.org/wiki/Augusta,_Georgia","Active","","","","","1975"
"Mu Omicron","October 25, 1975","North Carolina State University","https://en.wikipedia.org/wiki/North_Carolina_State_University","Raleigh, North Carolina","https://en.wikipedia.org/wiki/Raleigh,_North_Carolina","Active","153","https://en.wikipedia.org/wiki/List_of_Delta_Sigma_Theta_collegiate_chapters#cite_note-228","[","]",""
"Mu Pi","October 26, 1975","University of Delaware","https://en.wikipedia.org/wiki/University_of_Delaware","Newark, Delaware","https://en.wikipedia.org/wiki/Newark,_Delaware","Active","88","https://en.wikipedia.org/wiki/List_of_Delta_Sigma_Theta_collegiate_chapters#cite_note-:11-138","[","]",""
"Mu Rho","","Vanderbilt University","https://en.wikipedia.org/wiki/Vanderbilt_University","Nashville, Tennessee","https://en.wikipedia.org/wiki/Nashville,_Tennessee","Active","","","","","1975"
"Mu Sigma","","Cameron University","https://en.wikipedia.org/wiki/Cameron_University","Lawton, Oklahoma","https://en.wikipedia.org/wiki/Lawton,_Oklahoma","Active","","","","","1976"
"Mu Tau","","University of New Orleans","https://en.wikipedia.org/wiki/University_of_New_Orleans","","","Active","","","","","1976"
"","February 7, 1976","Williamsburg, Virginia","https://en.wikipedia.org/wiki/Williamsburg,_Virginia","","","Inactive","154","https://en.wikipedia.org/wiki/List_of_Delta_Sigma_Theta_collegiate_chapters#cite_note-229","[","]","– February 3, 2020"
"Mu Chi","February 13, 1976","University of California, Riverside","https://en.wikipedia.org/wiki/University_of_California,_Riverside","Riverside, California","https://en.wikipedia.org/wiki/Riverside,_California","Active","","","","",""
"Mu Phi","February 14, 1976","Kettering University","https://en.wikipedia.org/wiki/Kettering_University","Flint, Michigan","https://en.wikipedia.org/wiki/Flint,_Michigan","Active","156","https://en.wikipedia.org/wiki/List_of_Delta_Sigma_Theta_collegiate_chapters#cite_note-232","[","]",""
"","","University of Michigan–Flint","https://en.wikipedia.org/wiki/University_of_Michigan%E2%80%93Flint","","","","","","","",""
"Mu Psi","March 14, 1976","Johns Hopkins University","https://en.wikipedia.org/wiki/Johns_Hopkins_University","","","Active","by","https://en.wikipedia.org/wiki/List_of_Delta_Sigma_Theta_collegiate_chapters#cite_note-233","[","]",""
"","","Augusta, Georgia","https://en.wikipedia.org/wiki/Augusta,_Georgia","","","Inactive","","","","","1976–xxxx ?"
"Nu Alpha","","American University","https://en.wikipedia.org/wiki/American_University","Washington, D.C.","https://en.wikipedia.org/wiki/Washington,_D.C.","Active","","","","","1976"
"","","Georgetown University","https://en.wikipedia.org/wiki/Georgetown_University","","","","","","","",""
"Nu Beta","April 14, 1976","Mississippi State University","https://en.wikipedia.org/wiki/Mississippi_State_University","Starkville, Mississippi","https://en.wikipedia.org/wiki/Starkville,_Mississippi","Active","157","https://en.wikipedia.org/wiki/List_of_Delta_Sigma_Theta_collegiate_chapters#cite_note-234","[","]",""
"Nu Gamma","","Northwest Missouri State University","https://en.wikipedia.org/wiki/Northwest_Missouri_State_University","Maryville, Missouri","https://en.wikipedia.org/wiki/Maryville,_Missouri","Active","","","","","1976"
"Nu Delta","","Southeastern Louisiana University","https://en.wikipedia.org/wiki/Southeastern_Louisiana_University","Hammond, Louisiana","https://en.wikipedia.org/wiki/Hammond,_Louisiana","Active","","","","","1976"
"Nu Epsilon","","Augsburg University","https://en.wikipedia.org/wiki/Augsburg_University","Minneapolis","https://en.wikipedia.org/wiki/Minneapolis","Active","","","","","1976"
"","","Concordia College","https://en.wikipedia.org/wiki/Concordia_College_(Moorhead,_Minnesota)","","","","","","","",""
"","","Hamline University","https://en.wikipedia.org/wiki/Hamline_University","","","","","","","",""
"","","Macalester College","https://en.wikipedia.org/wiki/Macalester_College","","","","","","","",""
"","","St. Catherine University","https://en.wikipedia.org/wiki/St._Catherine_University","","","","","","","",""
"","","University of Minnesota","https://en.wikipedia.org/wiki/University_of_Minnesota","","","","","","","",""
"Nu Zeta","","University of Massachusetts Dartmouth","https://en.wikipedia.org/wiki/University_of_Massachusetts_Dartmouth","Dartmouth, Massachusetts","https://en.wikipedia.org/wiki/Dartmouth,_Massachusetts","Active","","","","","1976"
"Nu Eta","","Indiana University Northwest","https://en.wikipedia.org/wiki/Indiana_University_Northwest","Gary, Indiana","https://en.wikipedia.org/wiki/Gary,_Indiana","Active","bz","https://en.wikipedia.org/wiki/List_of_Delta_Sigma_Theta_collegiate_chapters#cite_note-235","[","]","1976"
"","","Saint Joseph's College","https://en.wikipedia.org/wiki/Saint_Joseph%27s_College_(Indiana)","Rensselaer, Indiana","https://en.wikipedia.org/wiki/Rensselaer,_Indiana","","","","","",""
"Nu Theta","","Troy University","https://en.wikipedia.org/wiki/Troy_University","Troy, Alabama","https://en.wikipedia.org/wiki/Troy,_Alabama","Active","","","","","1976"
"Nu Iota","May 29, 1976","Southern Methodist University","https://en.wikipedia.org/wiki/Southern_Methodist_University","","","Active","","","","",""
"Nu Kappa","","University of West Florida","https://en.wikipedia.org/wiki/University_of_West_Florida","Pensacola, Florida","https://en.wikipedia.org/wiki/Pensacola,_Florida","Active","","","","","1976"
"Nu Lambda","February 26, 1977","California State University, Sacramento","https://en.wikipedia.org/wiki/California_State_University,_Sacramento","Sacramento, California","https://en.wikipedia.org/wiki/Sacramento,_California","Active","","","","",""
"Nu Mu","February 26, 1977","Loyola University New Orleans","https://en.wikipedia.org/wiki/Loyola_University_New_Orleans","","","Active","158","https://en.wikipedia.org/wiki/List_of_Delta_Sigma_Theta_collegiate_chapters#cite_note-236","[","]",""
"","","Tulane University","https://en.wikipedia.org/wiki/Tulane_University","","","","","","","",""
"Nu Nu","","Shippensburg, Pennsylvania","https://en.wikipedia.org/wiki/Shippensburg,_Pennsylvania","","","Active","","","","","1977"
"Nu Xi","","Eastern Washington University","https://en.wikipedia.org/wiki/Eastern_Washington_University","Cheney, Washington","https://en.wikipedia.org/wiki/Cheney,_Washington","Active","","","","","1977"
"Nu Omicron","","University of Montevallo","https://en.wikipedia.org/wiki/University_of_Montevallo","Montevallo, Alabama","https://en.wikipedia.org/wiki/Montevallo,_Alabama","Active","","","","","1977"
"","","","","","","Inactive","","","","",""
"Nu Rho","April 24, 1977","Salisbury University","https://en.wikipedia.org/wiki/Salisbury_University","Salisbury, Maryland","https://en.wikipedia.org/wiki/Salisbury,_Maryland","Active","cb","https://en.wikipedia.org/wiki/List_of_Delta_Sigma_Theta_collegiate_chapters#cite_note-238","[","]","– xxxx ?; 2014"
"Nu Sigma","","Charleston Southern University","https://en.wikipedia.org/wiki/Charleston_Southern_University","Charleston, South Carolina","https://en.wikipedia.org/wiki/Charleston,_South_Carolina","Active","","","","","1977"
"Nu Tau","","Georgia College & State University","https://en.wikipedia.org/wiki/Georgia_College_%26_State_University","Milledgeville, Georgia","https://en.wikipedia.org/wiki/Milledgeville,_Georgia","Active","","","","","1977"
"Nu Upsilon","May 7, 1977","San Diego State University","https://en.wikipedia.org/wiki/San_Diego_State_University","","","Active","61","https://en.wikipedia.org/wiki/List_of_Delta_Sigma_Theta_collegiate_chapters#cite_note-:23-87","[","]",""
"","","University of California, San Diego","https://en.wikipedia.org/wiki/University_of_California,_San_Diego","","","","","","","",""
"Nu Phi","May 21, 1977","Franklin University","https://en.wikipedia.org/wiki/Franklin_University","Columbus, Ohio","https://en.wikipedia.org/wiki/Columbus,_Ohio","Active","","","","",""
"","","","","","","","","","","",""
"","","Ohio Wesleyan University","https://en.wikipedia.org/wiki/Ohio_Wesleyan_University","","","","","","","",""
"Nu Chi","","Utica, New York","https://en.wikipedia.org/wiki/Utica,_New_York","","","Active","","","","","197x ?"
"","April 2016","Radford University","https://en.wikipedia.org/wiki/Radford_University","Radford, Virginia","https://en.wikipedia.org/wiki/Radford,_Virginia","Inactive","159","https://en.wikipedia.org/wiki/List_of_Delta_Sigma_Theta_collegiate_chapters#cite_note-240","[","]","197x ?–"
"Nu Omega","","Franciscan University of Steubenville","https://en.wikipedia.org/wiki/Franciscan_University_of_Steubenville","Steubenville, Ohio","https://en.wikipedia.org/wiki/Steubenville,_Ohio","Active","","","","","197x ?"
"Xi Alpha","March 4, 1978","","","","","Active","160","https://en.wikipedia.org/wiki/List_of_Delta_Sigma_Theta_collegiate_chapters#cite_note-242","[","]",""
"Xi Beta","April 15, 1978","Winthrop University","https://en.wikipedia.org/wiki/Winthrop_University","Rock Hill, South Carolina","https://en.wikipedia.org/wiki/Rock_Hill,_South_Carolina","Active","161","https://en.wikipedia.org/wiki/List_of_Delta_Sigma_Theta_collegiate_chapters#cite_note-243","[","]",""
"Xi Gamma","May 20, 1978","Hofstra University","https://en.wikipedia.org/wiki/Hofstra_University","Hempstead, New York","https://en.wikipedia.org/wiki/Hempstead_(village),_New_York","Active","162","https://en.wikipedia.org/wiki/List_of_Delta_Sigma_Theta_collegiate_chapters#cite_note-244","[","]",""
"Xi Delta","","University of West Alabama","https://en.wikipedia.org/wiki/University_of_West_Alabama","Livingston, Alabama","https://en.wikipedia.org/wiki/Livingston,_Alabama","Active","","","","","1978"
"Xi Epsilon","July 1, 1978","Florida Atlantic University","https://en.wikipedia.org/wiki/Florida_Atlantic_University","Boca Raton, Florida","https://en.wikipedia.org/wiki/Boca_Raton,_Florida","Active","163","https://en.wikipedia.org/wiki/List_of_Delta_Sigma_Theta_collegiate_chapters#cite_note-246","[","]",""
"Xi Zeta","","Southeastern University","https://en.wikipedia.org/wiki/Southeastern_University_(Washington,_D.C.)","Washington, D.C.","https://en.wikipedia.org/wiki/Washington,_D.C.","Active","","","","","1976"
"Xi Eta","January 6, 1979","Georgia Southern University","https://en.wikipedia.org/wiki/Georgia_Southern_University","Statesboro, Georgia","https://en.wikipedia.org/wiki/Statesboro,_Georgia","Active","164","https://en.wikipedia.org/wiki/List_of_Delta_Sigma_Theta_collegiate_chapters#cite_note-247","[","]",""
"Xi Theta","February 9, 1979","Nicholls State University","https://en.wikipedia.org/wiki/Nicholls_State_University","Thibodaux, Louisiana","https://en.wikipedia.org/wiki/Thibodaux,_Louisiana","Active","","","","",""
"Xi Iota","February 10, 1979","University of South Carolina Upstate","https://en.wikipedia.org/wiki/University_of_South_Carolina_Upstate","Spartanburg, South Carolina","https://en.wikipedia.org/wiki/Spartanburg,_South_Carolina","Active","165","https://en.wikipedia.org/wiki/List_of_Delta_Sigma_Theta_collegiate_chapters#cite_note-248","[","]",""
"Xi Kappa","","San Luis Obispo, California","https://en.wikipedia.org/wiki/San_Luis_Obispo,_California","","","Active","","","","","1979"
"Xi Lambda","","California State University, Fullerton","https://en.wikipedia.org/wiki/California_State_University,_Fullerton","Fullerton, California","https://en.wikipedia.org/wiki/Fullerton,_California","Active","","","","","1979"
"","","","","","","Inactive","","","","",""
"Xi Nu","May 19, 1979","Rutgers University","https://en.wikipedia.org/wiki/Rutgers_University","New Brunswick, New Jersey","https://en.wikipedia.org/wiki/New_Brunswick,_New_Jersey","Active","166","https://en.wikipedia.org/wiki/List_of_Delta_Sigma_Theta_collegiate_chapters#cite_note-250","[","]",""
"Xi Xi","","California State Polytechnic University, Pomona","https://en.wikipedia.org/wiki/California_State_Polytechnic_University,_Pomona","Pomona, California","https://en.wikipedia.org/wiki/Pomona,_California","Active","","","","","1979"
"","","University of La Verne","https://en.wikipedia.org/wiki/University_of_La_Verne","","","","","","","",""
"Xi Omicron","","Francis Marion University","https://en.wikipedia.org/wiki/Francis_Marion_University","Florence, South Carolina","https://en.wikipedia.org/wiki/Florence,_South_Carolina","Active","","","","","1977"
"Xi Pi","","Rensselaer Polytechnic Institute","https://en.wikipedia.org/wiki/Rensselaer_Polytechnic_Institute","Albany, New York","https://en.wikipedia.org/wiki/Albany,_New_York","Active","","","","","1978"
"","","Union College","https://en.wikipedia.org/wiki/Union_College","","","","","","","",""
"","","University at Albany, SUNY","https://en.wikipedia.org/wiki/University_at_Albany,_SUNY","","","","","","","",""
"Xi Rho","","Morris College","https://en.wikipedia.org/wiki/Morris_College","Sumter, South Carolina","https://en.wikipedia.org/wiki/Sumter,_South_Carolina","Active","","","","","1979"
"","","","","","","Inactive","","","","",""
"Xi Tau","","Babson College","https://en.wikipedia.org/wiki/Babson_College","Cambridge, Massachusetts","https://en.wikipedia.org/wiki/Cambridge,_Massachusetts","Active","167","https://en.wikipedia.org/wiki/List_of_Delta_Sigma_Theta_collegiate_chapters#cite_note-251","[","]","1980"
"","","Bentley University","https://en.wikipedia.org/wiki/Bentley_University","","","","","","","",""
"","","Massachusetts Institute of Technology","https://en.wikipedia.org/wiki/Massachusetts_Institute_of_Technology","","","","","","","",""
"","","Tufts University","https://en.wikipedia.org/wiki/Tufts_University","","","","","","","",""
"","","Wellesley College","https://en.wikipedia.org/wiki/Wellesley_College","","","","","","","",""
"Xi Upsilon","April 12, 1980","Birmingham–Southern College","https://en.wikipedia.org/wiki/Birmingham%E2%80%93Southern_College","Birmingham, Alabama","https://en.wikipedia.org/wiki/Birmingham,_Alabama","Active","","","","",""
"Xi Phi","April 12, 1980","University of North Alabama","https://en.wikipedia.org/wiki/University_of_North_Alabama","Florence, Alabama","https://en.wikipedia.org/wiki/Florence,_Alabama","Active","168","https://en.wikipedia.org/wiki/List_of_Delta_Sigma_Theta_collegiate_chapters#cite_note-252","[","]",""
"","","California State University, Fresno","https://en.wikipedia.org/wiki/California_State_University,_Fresno","Fresno, California","https://en.wikipedia.org/wiki/Fresno,_California","Inactive","","","","","1980–March 2023"
"Xi Psi","","Washington State University","https://en.wikipedia.org/wiki/Washington_State_University","Pullman, Washington","https://en.wikipedia.org/wiki/Pullman,_Washington","Active","","","","","1980"
"Xi Omega","","Irvine, California","https://en.wikipedia.org/wiki/Irvine,_California","","","Active","","","","","1980"
"Omicron Alpha","","Queens College, City University of New York","https://en.wikipedia.org/wiki/Queens_College,_City_University_of_New_York","New York","https://en.wikipedia.org/wiki/New_York_(state)","Active","","","","","1980"
"","","St. John's University","https://en.wikipedia.org/wiki/St._John%27s_University_(New_York_City)","","","","","","","",""
"","","York College, City University of New York","https://en.wikipedia.org/wiki/York_College,_City_University_of_New_York","","","","","","","",""
"Omicron Beta","","Jacksonville, Florida","https://en.wikipedia.org/wiki/Jacksonville,_Florida","","","Active","","","","","1980"
"Omicron Gamma","","University of Alabama in Huntsville","https://en.wikipedia.org/wiki/University_of_Alabama_in_Huntsville","Huntsville, Alabama","https://en.wikipedia.org/wiki/Huntsville,_Alabama","Active","","","","","1980"
"","October 25, 1980","Bennett College","https://en.wikipedia.org/wiki/Bennett_College","Greensboro, North Carolina","https://en.wikipedia.org/wiki/Greensboro,_North_Carolina","Inactive","102","https://en.wikipedia.org/wiki/List_of_Delta_Sigma_Theta_collegiate_chapters#cite_note-:12-158","[","]","– 202x ?"
"Omicron Epsilon","December 13, 1980","Mississippi University for Women","https://en.wikipedia.org/wiki/Mississippi_University_for_Women","Columbus, Mississippi","https://en.wikipedia.org/wiki/Columbus,_Mississippi","Active","","","","",""
"Omicron Zeta","December 20, 1980","Oakland University","https://en.wikipedia.org/wiki/Oakland_University","Rochester, Michigan","https://en.wikipedia.org/wiki/Rochester,_Michigan","Active","","","","",""
"","February 15, 1981","University of North Carolina at Greensboro","https://en.wikipedia.org/wiki/University_of_North_Carolina_at_Greensboro","Greensboro, North Carolina","https://en.wikipedia.org/wiki/Greensboro,_North_Carolina","Inactive","169","https://en.wikipedia.org/wiki/List_of_Delta_Sigma_Theta_collegiate_chapters#cite_note-255","[","]","– November 5, 2014"
"Omicron Theta","February 28, 1981","Wittenberg University","https://en.wikipedia.org/wiki/Wittenberg_University","Springfield, Ohio","https://en.wikipedia.org/wiki/Springfield,_Ohio","Active","","","","",""
"Omicron Iota","May 9, 1981","Elon University","https://en.wikipedia.org/wiki/Elon_University","Elon, North Carolina","https://en.wikipedia.org/wiki/Elon,_North_Carolina","Active","171","https://en.wikipedia.org/wiki/List_of_Delta_Sigma_Theta_collegiate_chapters#cite_note-258","[","]",""
"Omicron Kappa","","State University of New York at New Paltz","https://en.wikipedia.org/wiki/State_University_of_New_York_at_New_Paltz","New Paltz, New York","https://en.wikipedia.org/wiki/New_Paltz_(village),_New_York","Active","","","","","1981"
"Omicron Lambda","July 12, 1981","Long Beach, California","https://en.wikipedia.org/wiki/Long_Beach,_California","","","Active","","","","",""
"Omicron Mu","January 23, 1982","Auburn University at Montgomery","https://en.wikipedia.org/wiki/Auburn_University_at_Montgomery","Montgomery, Alabama","https://en.wikipedia.org/wiki/Montgomery,_Alabama","Active","","","","",""
"Omicron Nu","","University of North Carolina at Pembroke","https://en.wikipedia.org/wiki/University_of_North_Carolina_at_Pembroke","Pembroke, North Carolina","https://en.wikipedia.org/wiki/Pembroke,_North_Carolina","Active","","","","","1982"
"Omicron Xi","May 30, 1982","Emory University","https://en.wikipedia.org/wiki/Emory_University","Decatur, Georgia","https://en.wikipedia.org/wiki/Decatur,_Georgia","Active","172","https://en.wikipedia.org/wiki/List_of_Delta_Sigma_Theta_collegiate_chapters#cite_note-259","[","]",""
"Omicron Omicron","","La Salle University","https://en.wikipedia.org/wiki/La_Salle_University","","","Active","","","","","1982"
"Omicron Pi","April 9, 1983","Southeast Missouri State University","https://en.wikipedia.org/wiki/Southeast_Missouri_State_University","Cape Girardeau, Missouri","https://en.wikipedia.org/wiki/Cape_Girardeau,_Missouri","Active","173","https://en.wikipedia.org/wiki/List_of_Delta_Sigma_Theta_collegiate_chapters#cite_note-260","[","]",""
"Omicron Rho","","George Mason University","https://en.wikipedia.org/wiki/George_Mason_University","Fairfax, Virginia","https://en.wikipedia.org/wiki/Fairfax,_Virginia","Active","","","","","1983"
"Omicron Tau","April 22, 1983","Christopher Newport University","https://en.wikipedia.org/wiki/Christopher_Newport_University","Newport News, Virginia","https://en.wikipedia.org/wiki/Newport_News,_Virginia","Active","174","https://en.wikipedia.org/wiki/List_of_Delta_Sigma_Theta_collegiate_chapters#cite_note-261","[","]",""
"Omicron Upsilon","April 30, 1983","Fairmont State University","https://en.wikipedia.org/wiki/Fairmont_State_University","Morgantown, West Virginia","https://en.wikipedia.org/wiki/Morgantown,_West_Virginia","Active","175","https://en.wikipedia.org/wiki/List_of_Delta_Sigma_Theta_collegiate_chapters#cite_note-262","[","]",""
"","","West Virginia University","https://en.wikipedia.org/wiki/West_Virginia_University","","","","","","","",""
"Omicron Phi","May 5, 1983","Clemson University","https://en.wikipedia.org/wiki/Clemson_University","Clemson, South Carolina","https://en.wikipedia.org/wiki/Clemson,_South_Carolina","Active","176","https://en.wikipedia.org/wiki/List_of_Delta_Sigma_Theta_collegiate_chapters#cite_note-263","[","]",""
"Omicron Chi","June 2, 1983","Stanford University","https://en.wikipedia.org/wiki/Stanford_University","Stanford, California","https://en.wikipedia.org/wiki/Stanford,_California","Active","177","https://en.wikipedia.org/wiki/List_of_Delta_Sigma_Theta_collegiate_chapters#cite_note-264","[","]",""
"Omicron Psi","","California State University, Bakersfield","https://en.wikipedia.org/wiki/California_State_University,_Bakersfield","Bakersfield, California","https://en.wikipedia.org/wiki/Bakersfield,_California","Active","","","","","1984"
"Omicron Omega","March 24, 1984","Texas A&M University","https://en.wikipedia.org/wiki/Texas_A%26M_University","College Station, Texas","https://en.wikipedia.org/wiki/College_Station,_Texas","Active","178","https://en.wikipedia.org/wiki/List_of_Delta_Sigma_Theta_collegiate_chapters#cite_note-265","[","]",""
"Pi Alpha","March 24, 1984","Yale University","https://en.wikipedia.org/wiki/Yale_University","New Haven, Connecticut","https://en.wikipedia.org/wiki/New_Haven,_Connecticut","Active","179","https://en.wikipedia.org/wiki/List_of_Delta_Sigma_Theta_collegiate_chapters#cite_note-266","[","]",""
"Pi Beta","April 7, 1984","Rochester Institute of Technology","https://en.wikipedia.org/wiki/Rochester_Institute_of_Technology","Rochester, New York","https://en.wikipedia.org/wiki/Rochester,_New_York","Active","180","https://en.wikipedia.org/wiki/List_of_Delta_Sigma_Theta_collegiate_chapters#cite_note-267","[","]",""
"","","SUNY Brockport","https://en.wikipedia.org/wiki/SUNY_Brockport","","","","","","","",""
"","","University of Rochester","https://en.wikipedia.org/wiki/University_of_Rochester","","","","","","","",""
"Pi Gamma","April 28, 1984","Western Carolina University","https://en.wikipedia.org/wiki/Western_Carolina_University","Cullowhee, North Carolina","https://en.wikipedia.org/wiki/Cullowhee,_North_Carolina","Active","181","https://en.wikipedia.org/wiki/List_of_Delta_Sigma_Theta_collegiate_chapters#cite_note-268","[","]",""
"Pi Delta","May 12, 1984","Stony Brook University","https://en.wikipedia.org/wiki/Stony_Brook_University","New York","https://en.wikipedia.org/wiki/New_York_(state)","Active","","","","",""
"","","West Virginia University Institute of Technology","https://en.wikipedia.org/wiki/West_Virginia_University_Institute_of_Technology","Montgomery, West Virginia","https://en.wikipedia.org/wiki/Montgomery,_West_Virginia","Inactive","","","","","198x ?–xxxx ?"
"Pi Zeta","1985","McNeese State University","https://en.wikipedia.org/wiki/McNeese_State_University","Lake Charles, Louisiana","https://en.wikipedia.org/wiki/Lake_Charles,_Louisiana","Active","182","https://en.wikipedia.org/wiki/List_of_Delta_Sigma_Theta_collegiate_chapters#cite_note-269","[","]","–September 2006,20xx ?"
"Pi Eta","March 17, 1985","State University of New York","https://en.wikipedia.org/wiki/State_University_of_New_York","Binghamton, New York","https://en.wikipedia.org/wiki/Binghamton,_New_York","Active","183","https://en.wikipedia.org/wiki/List_of_Delta_Sigma_Theta_collegiate_chapters#cite_note-271","[","]","– 2002;April 4, 2009"
"Pi Theta","April 28, 1985","Dartmouth College","https://en.wikipedia.org/wiki/Dartmouth_College","Hanover, New Hampshire","https://en.wikipedia.org/wiki/Hanover,_New_Hampshire","Active","185","https://en.wikipedia.org/wiki/List_of_Delta_Sigma_Theta_collegiate_chapters#cite_note-273","[","]",""
"Pi Iota","June 2, 1985","American International College","https://en.wikipedia.org/wiki/American_International_College","Wilbraham, Massachusetts","https://en.wikipedia.org/wiki/Wilbraham,_Massachusetts","Active","186","https://en.wikipedia.org/wiki/List_of_Delta_Sigma_Theta_collegiate_chapters#cite_note-274","[","]",""
"","","Mount Holyoke College","https://en.wikipedia.org/wiki/Mount_Holyoke_College","","","","","","","",""
"","","Smith College","https://en.wikipedia.org/wiki/Smith_College","","","","","","","",""
"","","University of Massachusetts Amherst","https://en.wikipedia.org/wiki/University_of_Massachusetts_Amherst","","","","","","","",""
"","","Western New England University","https://en.wikipedia.org/wiki/Western_New_England_University","","","","","","","",""
"","","Westfield State University","https://en.wikipedia.org/wiki/Westfield_State_University","","","","","","","",""
"Pi Kappa","November 20, 1985","Denison University","https://en.wikipedia.org/wiki/Denison_University","Granville, Ohio","https://en.wikipedia.org/wiki/Granville,_Ohio","Active","","","","",""
"","April 19, 1986","Iona College","https://en.wikipedia.org/wiki/Iona_University","New Rochelle, New York","https://en.wikipedia.org/wiki/New_Rochelle,_New_York","Reissued","ck","https://en.wikipedia.org/wiki/List_of_Delta_Sigma_Theta_collegiate_chapters#cite_note-Pi_Lambda-275","[","]","– 19xx ?"
"Pi Mu","","Longwood University","https://en.wikipedia.org/wiki/Longwood_University","Farmville, Virginia","https://en.wikipedia.org/wiki/Farmville,_Virginia","Active","","","","","1987"
"","April 25, 1987","Southern Polytechnic State University","https://en.wikipedia.org/wiki/Southern_Polytechnic_State_University","Marietta, Georgia","https://en.wikipedia.org/wiki/Marietta,_Georgia","Consolidated","cl","https://en.wikipedia.org/wiki/List_of_Delta_Sigma_Theta_collegiate_chapters#cite_note-276","[","]","– xxxx ?"
"Pi Xi","June 26, 1986","Chico, California","https://en.wikipedia.org/wiki/Chico,_California","","","Active","187","https://en.wikipedia.org/wiki/List_of_Delta_Sigma_Theta_collegiate_chapters#cite_note-277","[","]","– 2008;2020"
"Pi Omicron","April 14, 1988","Wake Forest University","https://en.wikipedia.org/wiki/Wake_Forest_University","Winston-Salem, North Carolina","https://en.wikipedia.org/wiki/Winston-Salem,_North_Carolina","Active","188","https://en.wikipedia.org/wiki/List_of_Delta_Sigma_Theta_collegiate_chapters#cite_note-278","[","]",""
"Pi Rho","May 1, 1988","LIU Post","https://en.wikipedia.org/wiki/LIU_Post","Brookville, New York","https://en.wikipedia.org/wiki/Brookville,_New_York","Active","189","https://en.wikipedia.org/wiki/List_of_Delta_Sigma_Theta_collegiate_chapters#cite_note-279","[","]",""
"Pi Sigma","May 1, 1988","State University of New York at Old Westbury","https://en.wikipedia.org/wiki/State_University_of_New_York_at_Old_Westbury","Westbury, New York","https://en.wikipedia.org/wiki/Westbury,_New_York","Active","","","","",""
"Pi Tau","","Adelphi University","https://en.wikipedia.org/wiki/Adelphi_University","Garden City, New York","https://en.wikipedia.org/wiki/Garden_City,_New_York","Active","","","","","1988"
"","","Fairleigh Dickinson University","https://en.wikipedia.org/wiki/Fairleigh_Dickinson_University","Madison, New Jersey","https://en.wikipedia.org/wiki/Madison,_New_Jersey","Inactive","190","https://en.wikipedia.org/wiki/List_of_Delta_Sigma_Theta_collegiate_chapters#cite_note-280","[","]","198x ?–202x ?"
"","","Ramapo College","https://en.wikipedia.org/wiki/Ramapo_College","Mahwah, New Jersey","https://en.wikipedia.org/wiki/Mahwah,_New_Jersey","","","","","",""
"Pi Chi","","California State University, Dominguez Hills","https://en.wikipedia.org/wiki/California_State_University,_Dominguez_Hills","Carson, California","https://en.wikipedia.org/wiki/Carson,_California","Active","","","","","1989"
"Pi Psi","","Santa Cruz, California","https://en.wikipedia.org/wiki/Santa_Cruz,_California","","","Active","","","","","1989"
"Pi Omega","","Aurora University","https://en.wikipedia.org/wiki/Aurora_University","Aurora, Illinois","https://en.wikipedia.org/wiki/Aurora,_Illinois","Active","","","","","1989"
"Rho Alpha","","West Chester University","https://en.wikipedia.org/wiki/West_Chester_University","West Chester, Pennsylvania","https://en.wikipedia.org/wiki/West_Chester,_Pennsylvania","Active","","","","","1989"
"Rho Beta","December 2, 1989","Missouri State University","https://en.wikipedia.org/wiki/Missouri_State_University","Springfield, Missouri","https://en.wikipedia.org/wiki/Springfield,_Missouri","Active","191","https://en.wikipedia.org/wiki/List_of_Delta_Sigma_Theta_collegiate_chapters#cite_note-281","[","]",""
"Rho Gamma","February 4, 1990","Christian Brothers University","https://en.wikipedia.org/wiki/Christian_Brothers_University","Memphis, Tennessee","https://en.wikipedia.org/wiki/Memphis,_Tennessee","Active","192","https://en.wikipedia.org/wiki/List_of_Delta_Sigma_Theta_collegiate_chapters#cite_note-282","[","]",""
"","","Rhodes College","https://en.wikipedia.org/wiki/Rhodes_College","","","","","","","",""
"Rho Delta","December 15, 1990","University of Tulsa","https://en.wikipedia.org/wiki/University_of_Tulsa","Tulsa, Oklahoma","https://en.wikipedia.org/wiki/Tulsa,_Oklahoma","Active","193","https://en.wikipedia.org/wiki/List_of_Delta_Sigma_Theta_collegiate_chapters#cite_note-283","[","]",""
"Rho Epsilon","","Princeton, New Jersey","https://en.wikipedia.org/wiki/Princeton,_New_Jersey","Princeton City-Wide","","Active","","","","","1991"
"Rho Zeta","","Poughkeepsie, New York","https://en.wikipedia.org/wiki/Poughkeepsie,_New_York","Poughkeepsie City-Wide","","Active","","","","","1991"
"Rho Eta","","Baylor University","https://en.wikipedia.org/wiki/Baylor_University","Waco, Texas","https://en.wikipedia.org/wiki/Waco,_Texas","Active","","","","","1991"
"Rho Theta","","Appalachian State University","https://en.wikipedia.org/wiki/Appalachian_State_University","Boone, North Carolina","https://en.wikipedia.org/wiki/Boone,_North_Carolina","Active","","","","","1991"
"Rho Iota","","Lewisburg, Pennsylvania","https://en.wikipedia.org/wiki/Lewisburg,_Pennsylvania","","","Active","","","","","1991"
"","","Bucknell University","https://en.wikipedia.org/wiki/Bucknell_University","","","","","","","",""
"","","","","","","","","","","",""
"Rho Kappa","","Oberlin, Ohio","https://en.wikipedia.org/wiki/Oberlin,_Ohio","Oberlin City-Wide","","Active","194","https://en.wikipedia.org/wiki/List_of_Delta_Sigma_Theta_collegiate_chapters#cite_note-284","[","]","1991"
"Rho Lambda","","University of South Carolina Aiken","https://en.wikipedia.org/wiki/University_of_South_Carolina_Aiken","Aiken, South Carolina","https://en.wikipedia.org/wiki/Aiken,_South_Carolina","Active","","","","","1991"
"Rho Mu","","Saginaw Valley State University","https://en.wikipedia.org/wiki/Saginaw_Valley_State_University","Saginaw, Michigan","https://en.wikipedia.org/wiki/Saginaw,_Michigan","Active","","","","","1992"
"Rho Nu","","Angelo State University","https://en.wikipedia.org/wiki/Angelo_State_University","San Angelo, Texas","https://en.wikipedia.org/wiki/San_Angelo,_Texas","Active","","","","","1992"
"Rho Xi","","Xavier University","https://en.wikipedia.org/wiki/Xavier_University","","","Active","","","","","1992"
"Rho Omicron","","Slippery Rock University","https://en.wikipedia.org/wiki/Slippery_Rock_University","Slippery Rock, Pennsylvania","https://en.wikipedia.org/wiki/Slippery_Rock,_Pennsylvania","Active","","","","","1992"
"Rho Pi","","Gannon University","https://en.wikipedia.org/wiki/Gannon_University","Edinboro, Pennsylvania","https://en.wikipedia.org/wiki/Edinboro,_Pennsylvania","Active","","","","","1992"
"","","Mercyhurst University","https://en.wikipedia.org/wiki/Mercyhurst_University","","","","","","","",""
"","","Penn State Erie, The Behrend College","https://en.wikipedia.org/wiki/Penn_State_Erie,_The_Behrend_College","","","","","","","",""
"","","","","","","","","","","",""
"Rho Rho","","University of Richmond","https://en.wikipedia.org/wiki/University_of_Richmond","Richmond, Virginia","https://en.wikipedia.org/wiki/Richmond,_Virginia","Active","","","","","1992"
"","","","","","","Inactive","","","","",""
"Rho Tau","","Millsaps College","https://en.wikipedia.org/wiki/Millsaps_College","Jackson, Mississippi","https://en.wikipedia.org/wiki/Jackson,_Mississippi","Active","","","","","1992"
"Rho Upsilon","","East Tennessee State University","https://en.wikipedia.org/wiki/East_Tennessee_State_University","Johnson City, Tennessee","https://en.wikipedia.org/wiki/Johnson_City,_Tennessee","Active","","","","","1993"
"","","Kutztown, Pennsylvania","https://en.wikipedia.org/wiki/Kutztown,_Pennsylvania","","","Inactive","195","https://en.wikipedia.org/wiki/List_of_Delta_Sigma_Theta_collegiate_chapters#cite_note-285","[","]","199x ?–202x ?"
"","","Lehigh University","https://en.wikipedia.org/wiki/Lehigh_University","","","","","","","",""
"Rho Chi","","Gallaudet University","https://en.wikipedia.org/wiki/Gallaudet_University","Washington, D.C.","https://en.wikipedia.org/wiki/Washington,_D.C.","Active","196","https://en.wikipedia.org/wiki/List_of_Delta_Sigma_Theta_collegiate_chapters#cite_note-286","[","]","1993"
"Rho Psi","","University of Houston–Downtown","https://en.wikipedia.org/wiki/University_of_Houston%E2%80%93Downtown","Houston, Texas","https://en.wikipedia.org/wiki/Houston","Active","","","","","1993"
"Rho Omega","November 21, 1993","Jacksonville University","https://en.wikipedia.org/wiki/Jacksonville_University","Jacksonville, Florida","https://en.wikipedia.org/wiki/Jacksonville,_Florida","Active","","","","",""
"Sigma Alpha","November 21, 1993","University of North Florida","https://en.wikipedia.org/wiki/University_of_North_Florida","Jacksonville, Florida","https://en.wikipedia.org/wiki/Jacksonville,_Florida","Active","197","https://en.wikipedia.org/wiki/List_of_Delta_Sigma_Theta_collegiate_chapters#cite_note-287","[","]",""
"Sigma Beta","","Adrian College","https://en.wikipedia.org/wiki/Adrian_College","Adrian, Michigan","https://en.wikipedia.org/wiki/Adrian,_Michigan","Active","","","","","1994"
"Sigma Gamma","","Davenport University","https://en.wikipedia.org/wiki/Davenport_University","Grand Rapids, Michigan","https://en.wikipedia.org/wiki/Grand_Rapids,_Michigan","Active","","","","","1994"
"Sigma Delta","October 15, 1994","Missouri University of Science and Technology","https://en.wikipedia.org/wiki/Missouri_University_of_Science_and_Technology","Rolla, Missouri","https://en.wikipedia.org/wiki/Rolla,_Missouri","Active","","","","",""
"Sigma Epsilon","February 26, 1995","Kennesaw State University","https://en.wikipedia.org/wiki/Kennesaw_State_University","Kennesaw, Georgia","https://en.wikipedia.org/wiki/Kennesaw,_Georgia","Active","198","https://en.wikipedia.org/wiki/List_of_Delta_Sigma_Theta_collegiate_chapters#cite_note-288","[","]",""
"","","Southern Polytechnic State University","https://en.wikipedia.org/wiki/Southern_Polytechnic_State_University","","","","","","","",""
"Sigma Zeta","","Northern Kentucky University","https://en.wikipedia.org/wiki/Northern_Kentucky_University","Highland Heights, Kentucky","https://en.wikipedia.org/wiki/Highland_Heights,_Kentucky","Active","","","","","1995"
"Sigma Eta","","Samford University","https://en.wikipedia.org/wiki/Samford_University","Birmingham, Alabama","https://en.wikipedia.org/wiki/Birmingham,_Alabama","Active","","","","","1995"
"Sigma Theta","April 7, 1995","Midwestern State University","https://en.wikipedia.org/wiki/Midwestern_State_University","Wichita Falls, Texas","https://en.wikipedia.org/wiki/Wichita_Falls,_Texas","Active","199","https://en.wikipedia.org/wiki/List_of_Delta_Sigma_Theta_collegiate_chapters#cite_note-290","[","]",""
"Sigma Iota","","Lynchburg, Virginia","https://en.wikipedia.org/wiki/Lynchburg,_Virginia","","","Active","","","","","1995"
"","","","","","","Inactive","","","","",""
"Sigma Lambda","","Northwood University","https://en.wikipedia.org/wiki/Northwood_University","Midland, Michigan","https://en.wikipedia.org/wiki/Midland,_Michigan","Active","","","","","199x ?"
"Sigma Mu","March 29, 1996","University of Texas at Dallas","https://en.wikipedia.org/wiki/University_of_Texas_at_Dallas","Richardson, Texas","https://en.wikipedia.org/wiki/Richardson,_Texas","Active","200","https://en.wikipedia.org/wiki/List_of_Delta_Sigma_Theta_collegiate_chapters#cite_note-291","[","]",""
"Sigma Nu","","Missouri Western State University","https://en.wikipedia.org/wiki/Missouri_Western_State_University","","","Active","","","","","1996"
"Sigma Xi","April 21, 1996","Coastal Carolina University","https://en.wikipedia.org/wiki/Coastal_Carolina_University","Conway, South Carolina","https://en.wikipedia.org/wiki/Conway,_South_Carolina","Active","201","https://en.wikipedia.org/wiki/List_of_Delta_Sigma_Theta_collegiate_chapters#cite_note-292","[","]",""
"Sigma Omicron","","Brigham Young University","https://en.wikipedia.org/wiki/Brigham_Young_University","","","Active","","","","","1996"
"","","University of Utah","https://en.wikipedia.org/wiki/University_of_Utah","","","","","","","",""
"","","Utah State University","https://en.wikipedia.org/wiki/Utah_State_University","","","","","","","",""
"","","Utah Valley University","https://en.wikipedia.org/wiki/Utah_Valley_University","","","","","","","",""
"","","Weber State University","https://en.wikipedia.org/wiki/Weber_State_University","","","","","","","",""
"Sigma Pi","","Newberry College","https://en.wikipedia.org/wiki/Newberry_College","Newberry, South Carolina","https://en.wikipedia.org/wiki/Newberry,_South_Carolina","Active","","","","","199x ?"
"Sigma Rho","April 1997","University of Alaska Anchorage","https://en.wikipedia.org/wiki/University_of_Alaska_Anchorage","Anchorage, Alaska","https://en.wikipedia.org/wiki/Anchorage,_Alaska","Active","202","https://en.wikipedia.org/wiki/List_of_Delta_Sigma_Theta_collegiate_chapters#cite_note-293","[","]",""
"Sigma Tau","","California State University, Stanislaus","https://en.wikipedia.org/wiki/California_State_University,_Stanislaus","Turlock, California","https://en.wikipedia.org/wiki/Turlock,_California","Active","","","","","1997"
"Sigma Upsilon","","Carthage College","https://en.wikipedia.org/wiki/Carthage_College","Kenosha, Wisconsin","https://en.wikipedia.org/wiki/Kenosha,_Wisconsin","Active","","","","","1997"
"","","University of Wisconsin–Parkside","https://en.wikipedia.org/wiki/University_of_Wisconsin%E2%80%93Parkside","","","","","","","",""
"Sigma Phi","","University of Arkansas at Monticello","https://en.wikipedia.org/wiki/University_of_Arkansas_at_Monticello","Monticello, Arkansas","https://en.wikipedia.org/wiki/Monticello,_Arkansas","Active","","","","","1997"
"Sigma Chi","","West Virginia Wesleyan College","https://en.wikipedia.org/wiki/West_Virginia_Wesleyan_College","Buckhannon, West Virginia","https://en.wikipedia.org/wiki/Buckhannon,_West_Virginia","Active","","","","","1997"
"Sigma Psi","","University of the Virgin Islands","https://en.wikipedia.org/wiki/University_of_the_Virgin_Islands","","","Active","","","","","1997"
"Sigma Omega","","University of the Virgin Islands","https://en.wikipedia.org/wiki/University_of_the_Virgin_Islands","","","Active","","","","","1997"
"Tau Alpha","","Savannah, Georgia","https://en.wikipedia.org/wiki/Savannah,_Georgia","","","Active","","","","","1998"
"Tau Beta","","Indiana University of Pennsylvania","https://en.wikipedia.org/wiki/Indiana_University_of_Pennsylvania","Indiana, Pennsylvania","https://en.wikipedia.org/wiki/Indiana,_Pennsylvania","Active","","","","","1998"
"Tau Gamma","","Fort Wayne, Indiana","https://en.wikipedia.org/wiki/Fort_Wayne,_Indiana","Fort Wayne City-Wide","","Active","","","","","1998"
"Pi Lambda","","Westchester County, New York","https://en.wikipedia.org/wiki/Westchester_County,_New_York","Westchester County-Wide","","Active","ck","https://en.wikipedia.org/wiki/List_of_Delta_Sigma_Theta_collegiate_chapters#cite_note-Pi_Lambda-275","[","]","1999"
"","April 21, 2000","Brenau University","https://en.wikipedia.org/wiki/Brenau_University","Gainesville, Georgia","https://en.wikipedia.org/wiki/Gainesville,_Georgia","Inactive","203","https://en.wikipedia.org/wiki/List_of_Delta_Sigma_Theta_collegiate_chapters#cite_note-294","[","]","– 20xx ?"
"Tau Delta","April 22, 2000","Loyola Marymount University","https://en.wikipedia.org/wiki/Loyola_Marymount_University","","","Active","204","https://en.wikipedia.org/wiki/List_of_Delta_Sigma_Theta_collegiate_chapters#cite_note-295","[","]","– 2018, 2020"
"Tau Epsilon","April 22, 2000","Clayton State University","https://en.wikipedia.org/wiki/Clayton_State_University","Morrow, Georgia","https://en.wikipedia.org/wiki/Morrow,_Georgia","Active","206","https://en.wikipedia.org/wiki/List_of_Delta_Sigma_Theta_collegiate_chapters#cite_note-297","[","]",""
"Tau Zeta","May 3, 2000","","","","","Active","","","","",""
"Tau Theta","May 7, 2000","United States Military Academy","https://en.wikipedia.org/wiki/United_States_Military_Academy","West Point, New York","https://en.wikipedia.org/wiki/West_Point,_New_York","Active","","","","","– 20xx ?; April 2014"
"Tau Iota","April 22, 2001","University of Tampa","https://en.wikipedia.org/wiki/University_of_Tampa","Tampa, Florida","https://en.wikipedia.org/wiki/Tampa,_Florida","Active","","","","",""
"Tau Kappa","December 8, 2002","Rider University","https://en.wikipedia.org/wiki/Rider_University","Lawrenceville, New Jersey","https://en.wikipedia.org/wiki/Lawrenceville,_New_Jersey","Active","207","https://en.wikipedia.org/wiki/List_of_Delta_Sigma_Theta_collegiate_chapters#cite_note-298","[","]",""
"Tau Lambda","April 26, 2003","Colorado State University","https://en.wikipedia.org/wiki/Colorado_State_University","Greeley, Colorado","https://en.wikipedia.org/wiki/Greeley,_Colorado","Active","208","https://en.wikipedia.org/wiki/List_of_Delta_Sigma_Theta_collegiate_chapters#cite_note-299","[","]",""
"","","University of Northern Colorado","https://en.wikipedia.org/wiki/University_of_Northern_Colorado","","","","","","","",""
"Tau Mu","","University of Nevada, Reno","https://en.wikipedia.org/wiki/University_of_Nevada,_Reno","Reno, Nevada","https://en.wikipedia.org/wiki/Reno,_Nevada","Active","","","","","2004"
"Tau Nu","","Belmont University","https://en.wikipedia.org/wiki/Belmont_University","Nashville, Tennessee","https://en.wikipedia.org/wiki/Nashville,_Tennessee","Active","","","","","2004"
"","","","","","","Active","","","","",""
"Tau Omicron","","Mercer University","https://en.wikipedia.org/wiki/Mercer_University","","","Active","","","","","2004"
"Tau Pi","","Arkansas Baptist College","https://en.wikipedia.org/wiki/Arkansas_Baptist_College","Little Rock, Arkansas","https://en.wikipedia.org/wiki/Little_Rock,_Arkansas","Active","","","","","2004"
"Tau Rho","April 30, 2004","University of Miami","https://en.wikipedia.org/wiki/University_of_Miami","Coral Gables, Florida","https://en.wikipedia.org/wiki/Coral_Gables,_Florida","Active","209","https://en.wikipedia.org/wiki/List_of_Delta_Sigma_Theta_collegiate_chapters#cite_note-300","[","]",""
"Tau Sigma","April 30, 2004","Florida Gulf Coast University","https://en.wikipedia.org/wiki/Florida_Gulf_Coast_University","Fort Myers, Florida","https://en.wikipedia.org/wiki/Fort_Myers,_Florida","Active","210","https://en.wikipedia.org/wiki/List_of_Delta_Sigma_Theta_collegiate_chapters#cite_note-301","[","]",""
"Tau Tau","March 19, 2005","University of San Francisco","https://en.wikipedia.org/wiki/University_of_San_Francisco","","","Active","","","","",""
"Tau Upsilon","","Cookeville, Tennessee","https://en.wikipedia.org/wiki/Cookeville,_Tennessee","","","Active","","","","","2004"
"Tau Phi","","LaGrange College","https://en.wikipedia.org/wiki/LaGrange_College","","","Active","","","","","2005"
"Tau Chi","","University of Northern Iowa","https://en.wikipedia.org/wiki/University_of_Northern_Iowa","Cedar Falls, Iowa","https://en.wikipedia.org/wiki/Cedar_Falls,_Iowa","Active","","","","","2005"
"Tau Omega","April 23, 2005","Roanoke College","https://en.wikipedia.org/wiki/Roanoke_College","Salem, Virginia","https://en.wikipedia.org/wiki/Salem,_Virginia","Active","211","https://en.wikipedia.org/wiki/List_of_Delta_Sigma_Theta_collegiate_chapters#cite_note-302","[","]",""
"","","Washington & Lee University","https://en.wikipedia.org/wiki/Washington_and_Lee_University","","","","","","","",""
"Tau Psi","April 24, 2005","Hope College","https://en.wikipedia.org/wiki/Hope_College","Holland, Michigan","https://en.wikipedia.org/wiki/Holland,_Michigan","Active","","","","",""
"Upsilon Alpha","April 30, 2006","High Point University","https://en.wikipedia.org/wiki/High_Point_University","High Point, North Carolina","https://en.wikipedia.org/wiki/High_Point,_North_Carolina","Active","212","https://en.wikipedia.org/wiki/List_of_Delta_Sigma_Theta_collegiate_chapters#cite_note-303","[","]",""
"Upsilon Beta","","University of Virginia's College at Wise","https://en.wikipedia.org/wiki/University_of_Virginia%27s_College_at_Wise","Wise, Virginia","https://en.wikipedia.org/wiki/Wise,_Virginia","Active","","","","","200x ?"
"Upsilon Gamma","April 22, 2007","California State University, San Bernardino","https://en.wikipedia.org/wiki/California_State_University,_San_Bernardino","San Bernardino, California","https://en.wikipedia.org/wiki/San_Bernardino,_California","Active","213","https://en.wikipedia.org/wiki/List_of_Delta_Sigma_Theta_collegiate_chapters#cite_note-304","[","]",""
"Upsilon Delta","April 29, 2007","Dickinson College","https://en.wikipedia.org/wiki/Dickinson_College","Carlisle, Pennsylvania","https://en.wikipedia.org/wiki/Carlisle,_Pennsylvania","Active","","","","",""
"","","Gettysburg College","https://en.wikipedia.org/wiki/Gettysburg_College","","","","","","","",""
"","","York College of Pennsylvania","https://en.wikipedia.org/wiki/York_College_of_Pennsylvania","","","","","","","",""
"Upsilon Epsilon","","University of Texas at Tyler","https://en.wikipedia.org/wiki/University_of_Texas_at_Tyler","Tyler, Texas","https://en.wikipedia.org/wiki/Tyler,_Texas","Active","","","","","2007"
"Upsilon Zeta","April 28, 2007","Nassau, Bahamas","https://en.wikipedia.org/wiki/Nassau,_Bahamas","","","Active","","","","",""
"Upsilon Eta","April 16, 2009","Florida Southern College","https://en.wikipedia.org/wiki/Florida_Southern_College","Lakeland, Florida","https://en.wikipedia.org/wiki/Lakeland,_Florida","Active","","","","",""
"Upsilon Iota","April 26, 2009","Chowan University","https://en.wikipedia.org/wiki/Chowan_University","Murfreesboro, North Carolina","https://en.wikipedia.org/wiki/Murfreesboro,_North_Carolina","Active","","","","",""
"Upsilon Theta","April 30, 2009","Marymount University","https://en.wikipedia.org/wiki/Marymount_University","","","Active","cn","https://en.wikipedia.org/wiki/List_of_Delta_Sigma_Theta_collegiate_chapters#cite_note-305","[","]",""
"Upsilon Kappa","","Fort Smith, Arkansas","https://en.wikipedia.org/wiki/Fort_Smith,_Arkansas","","","Active","","","","","2009"
"Upsilon Lambda","","North Carolina Wesleyan University","https://en.wikipedia.org/wiki/North_Carolina_Wesleyan_University","Rocky Mount, North Carolina","https://en.wikipedia.org/wiki/Rocky_Mount,_North_Carolina","Active","","","","","20xx ?"
"Upsilon Mu","March 27, 2011","Davidson College","https://en.wikipedia.org/wiki/Davidson_College","Davidson, North Carolina","https://en.wikipedia.org/wiki/Davidson,_North_Carolina","Active","214","https://en.wikipedia.org/wiki/List_of_Delta_Sigma_Theta_collegiate_chapters#cite_note-306","[","]",""
"Upsilon Nu","April 28, 2013","University of Texas at San Antonio","https://en.wikipedia.org/wiki/University_of_Texas_at_San_Antonio","","","Active","","","","",""
"Upsilon Xi","April 27, 2014","Seaside, California","https://en.wikipedia.org/wiki/Seaside,_California","","","Active","","","","",""
"Upsilon Omicron","April 26, 2014","University of Bridgeport","https://en.wikipedia.org/wiki/University_of_Bridgeport","Bridgeport, Connecticut","https://en.wikipedia.org/wiki/Bridgeport,_Connecticut","Active","","","","",""
"Upsilon Pi","April 27, 2014","Widener University","https://en.wikipedia.org/wiki/Widener_University","Chester, Pennsylvania","https://en.wikipedia.org/wiki/Chester,_Pennsylvania","Active","215","https://en.wikipedia.org/wiki/List_of_Delta_Sigma_Theta_collegiate_chapters#cite_note-307","[","]",""
"Upsilon Rho","November 19, 2016","University of Illinois Springfield","https://en.wikipedia.org/wiki/University_of_Illinois_Springfield","Springfield, Illinois","https://en.wikipedia.org/wiki/Springfield,_Illinois","Active","216","https://en.wikipedia.org/wiki/List_of_Delta_Sigma_Theta_collegiate_chapters#cite_note-308","[","]",""
"Upsilon Sigma","April 15, 2017","University of Maryland Eastern Shore","https://en.wikipedia.org/wiki/University_of_Maryland_Eastern_Shore","Princess Anne, Maryland","https://en.wikipedia.org/wiki/Princess_Anne,_Maryland","Active","","","","",""
"Upsilon Tau","April 22, 2017","Villanova University","https://en.wikipedia.org/wiki/Villanova_University","Villanova, Pennsylvania","https://en.wikipedia.org/wiki/Villanova,_Pennsylvania","Active","217","https://en.wikipedia.org/wiki/List_of_Delta_Sigma_Theta_collegiate_chapters#cite_note-309","[","]",""
"Upsilon Upsilon","March 4, 2018","DePaul University","https://en.wikipedia.org/wiki/DePaul_University","","","Active","","","","",""
"Upsilon Phi","November 18, 2018","Seton Hall University","https://en.wikipedia.org/wiki/Seton_Hall_University","South Orange, New Jersey","https://en.wikipedia.org/wiki/South_Orange,_New_Jersey","Active","","","","",""
"Upsilon Chi","October 9, 2020","Columbia College","https://en.wikipedia.org/wiki/Columbia_College_(South_Carolina)","Columbia, South Carolina","https://en.wikipedia.org/wiki/Columbia,_South_Carolina","Active","218","https://en.wikipedia.org/wiki/List_of_Delta_Sigma_Theta_collegiate_chapters#cite_note-310","[","]",""
"Upsilon Psi","October 11, 2020","Wingate University","https://en.wikipedia.org/wiki/Wingate_University","Wingate, North Carolina","https://en.wikipedia.org/wiki/Wingate,_North_Carolina","Active","","","","",""
"Upsilon Omega","April 30, 2023","California State University, San Marcos","https://en.wikipedia.org/wiki/California_State_University,_San_Marcos","San Marcos, California","https://en.wikipedia.org/wiki/San_Marcos,_California","Active","","","","",""
"Phi Alpha","November 18, 2023","University of California, Merced","https://en.wikipedia.org/wiki/University_of_California,_Merced","Merced, California","https://en.wikipedia.org/wiki/Merced,_California","Active","","","","",""
"Phi Beta","April 12, 2025","University of Connecticut","https://en.wikipedia.org/wiki/University_of_Connecticut","Storrs, Connecticut","https://en.wikipedia.org/wiki/Storrs,_Connecticut","Active","219","https://en.wikipedia.org/wiki/List_of_Delta_Sigma_Theta_collegiate_chapters#cite_note-311","[","]",""
"Phi Gamma","April 19, 2025","University of North Texas at Dallas","https://en.wikipedia.org/wiki/University_of_North_Texas_at_Dallas","","","Active","","","","",""
"Omega Omega","","","","","","Memorial","","","","",""