"tablescraper-selected-row","tablescraper-selected-row 2","tablescraper-selected-row 3","tablescraper-selected-row href","tablescraper-selected-row 4","tablescraper-selected-row href 2","tablescraper-selected-row 5","reference","reference href","cite-bracket","cite-bracket 2","tablescraper-selected-row 6","tablescraper-selected-row 7","tablescraper-selected-row href 3","tablescraper-selected-row 8"
"Alpha","January 16, 1920","Howard University","https://en.wikipedia.org/wiki/Howard_University","Washington","https://en.wikipedia.org/wiki/Washington,_D.C.","Active","4","https://en.wikipedia.org/wiki/List_of_Zeta_Phi_Beta_chapters#cite_note-4","[","]","","","",""
"Beta","1921","Morris Brown College","https://en.wikipedia.org/wiki/Morris_Brown_College","Atlanta","https://en.wikipedia.org/wiki/Atlanta","Active","","","","","–xxxx ?","Georgia","https://en.wikipedia.org/wiki/Georgia_(U.S._state)",""
"Gamma","November 2, 1921","Morgan State University","https://en.wikipedia.org/wiki/Morgan_State_University","Baltimore","https://en.wikipedia.org/wiki/Baltimore","Active","5","https://en.wikipedia.org/wiki/List_of_Zeta_Phi_Beta_chapters#cite_note-5","[","]","","Maryland","https://en.wikipedia.org/wiki/Maryland",""
"","","San Antonio","https://en.wikipedia.org/wiki/San_Antonio","Texas","https://en.wikipedia.org/wiki/Texas","Active","6","https://en.wikipedia.org/wiki/List_of_Zeta_Phi_Beta_chapters#cite_note-7","[","]","192x ? –19xx ?","","","Delta first"
"Delta","August 30, 1956","Texas A&M University–San Antonio","https://en.wikipedia.org/wiki/Texas_A%26M_University%E2%80%93San_Antonio","San Antonio","https://en.wikipedia.org/wiki/San_Antonio","Active","7","https://en.wikipedia.org/wiki/List_of_Zeta_Phi_Beta_chapters#cite_note-8","[","]","","Texas","https://en.wikipedia.org/wiki/Texas",""
"","1925","New York City","https://en.wikipedia.org/wiki/New_York_City","New York City","https://en.wikipedia.org/wiki/New_York_City","Inactive","","","","","","New York","https://en.wikipedia.org/wiki/New_York_(state)","Epsilon"
"Zeta","March 19, 1945","Alcorn State University","https://en.wikipedia.org/wiki/Alcorn_State_University","Lorman","https://en.wikipedia.org/wiki/Lorman,_Mississippi","Active","8","https://en.wikipedia.org/wiki/List_of_Zeta_Phi_Beta_chapters#cite_note-9","[","]","","Mississippi","https://en.wikipedia.org/wiki/Mississippi",""
"","1922","Temple University","https://en.wikipedia.org/wiki/Temple_University","Philadelphia","https://en.wikipedia.org/wiki/Philadelphia","Inactive","9","https://en.wikipedia.org/wiki/List_of_Zeta_Phi_Beta_chapters#cite_note-:6-10","[","]","–20xx ?","Pennsylvania","https://en.wikipedia.org/wiki/Pennsylvania","Eta"
"","1923","Marshall","https://en.wikipedia.org/wiki/Marshall,_Texas","Texas","https://en.wikipedia.org/wiki/Texas","Inactive","11","https://en.wikipedia.org/wiki/List_of_Zeta_Phi_Beta_chapters#cite_note-13","[","]","–","","","Theta"
"","June 19, 1924","University of Cincinnati","https://en.wikipedia.org/wiki/University_of_Cincinnati","Cincinnati","https://en.wikipedia.org/wiki/Cincinnati","Inactive","12","https://en.wikipedia.org/wiki/List_of_Zeta_Phi_Beta_chapters#cite_note-:32-15","[","]","– 1943","Ohio","https://en.wikipedia.org/wiki/Ohio","Iota first"
"Iota","1946","Talladega College","https://en.wikipedia.org/wiki/Talladega_College","Talladega","https://en.wikipedia.org/wiki/Talladega,_Alabama","Active","13","https://en.wikipedia.org/wiki/List_of_Zeta_Phi_Beta_chapters#cite_note-16","[","]","","Alabama","https://en.wikipedia.org/wiki/Alabama",""
"Kappa","March 15, 1946","Johnson C. Smith University","https://en.wikipedia.org/wiki/Johnson_C._Smith_University","Charlotte","https://en.wikipedia.org/wiki/Charlotte,_North_Carolina","Active","","","","","","North Carolina","https://en.wikipedia.org/wiki/North_Carolina",""
"","1923","Nashville","https://en.wikipedia.org/wiki/Nashville,_Tennessee","Tennessee","https://en.wikipedia.org/wiki/Tennessee","Inactive","14","https://en.wikipedia.org/wiki/List_of_Zeta_Phi_Beta_chapters#cite_note-:20-17","[","]","–1937","","","Lambda first"
"","1946","Allen University","https://en.wikipedia.org/wiki/Allen_University","Columbia","https://en.wikipedia.org/wiki/Columbia,_South_Carolina","Inactive","15","https://en.wikipedia.org/wiki/List_of_Zeta_Phi_Beta_chapters#cite_note-:7-19","[","]","–20xx ?","South Carolina","https://en.wikipedia.org/wiki/South_Carolina","Lambda"
"Mu","April 16, 1946","Claflin University","https://en.wikipedia.org/wiki/Claflin_University","Organgeburg","https://en.wikipedia.org/wiki/Orangeburg,_South_Carolina","Active","","","","","","South Carolina","https://en.wikipedia.org/wiki/South_Carolina",""
"Nu","1925","Virginia Union University","https://en.wikipedia.org/wiki/Virginia_Union_University","Richmond","https://en.wikipedia.org/wiki/Richmond,_Virginia","Active","","","","","","Virginia","https://en.wikipedia.org/wiki/Virginia",""
"","","Wilberforce University","https://en.wikipedia.org/wiki/Wilberforce_University","Detroit","https://en.wikipedia.org/wiki/Detroit","Inactive","16","https://en.wikipedia.org/wiki/List_of_Zeta_Phi_Beta_chapters#cite_note-:0-21","[","]","192x ?–19xx","Michigan","https://en.wikipedia.org/wiki/Michigan","Xi first"
"","1965","Detroit","https://en.wikipedia.org/wiki/Detroit","Michigan","https://en.wikipedia.org/wiki/Michigan","Inactive","16","https://en.wikipedia.org/wiki/List_of_Zeta_Phi_Beta_chapters#cite_note-:0-21","[","]","–xxxx ?","","","Xi"
"Omicron","1927","Shaw University","https://en.wikipedia.org/wiki/Shaw_University","Raleigh","https://en.wikipedia.org/wiki/Raleigh,_North_Carolina","Active","","","","","","North Carolina","https://en.wikipedia.org/wiki/North_Carolina",""
"","1927","Tulsa","https://en.wikipedia.org/wiki/Tulsa,_Oklahoma","Oklahoma","https://en.wikipedia.org/wiki/Oklahoma","Inactive","18","https://en.wikipedia.org/wiki/List_of_Zeta_Phi_Beta_chapters#cite_note-:1-23","[","]","–1928, November 1935–November 1945","","","Pi first (see Alpha Iota Zeta)"
"","May 30, 1946","Knoxville College","https://en.wikipedia.org/wiki/Knoxville_College","Knoxville","https://en.wikipedia.org/wiki/Knoxville,_Tennessee","Inactive","g","https://en.wikipedia.org/wiki/List_of_Zeta_Phi_Beta_chapters#cite_note-26","[","]","– 2015","Tennessee","https://en.wikipedia.org/wiki/Tennessee","Pi"
"Beta Theta Zeta","December 17, 1927","Norfolk State University","https://en.wikipedia.org/wiki/Norfolk_State_University","Norfolk","https://en.wikipedia.org/wiki/Norfolk,_Virginia","Reassigned","20","https://en.wikipedia.org/wiki/List_of_Zeta_Phi_Beta_chapters#cite_note-:33-27","[","]","– 1944","Virginia","https://en.wikipedia.org/wiki/Virginia","Rho first"
"","1946","Pittsburg","https://en.wikipedia.org/wiki/Pittsburg,_Kansas","Kansas","https://en.wikipedia.org/wiki/Kansas","Reassigned","19","https://en.wikipedia.org/wiki/List_of_Zeta_Phi_Beta_chapters#cite_note-:3-24","[","]","–19xx ?","","","Rho second (see Alpha Kappa)"
"","1955","Bishop College","https://en.wikipedia.org/wiki/Bishop_College","Marshall","https://en.wikipedia.org/wiki/Marshall,_Texas","Reassigned","21","https://en.wikipedia.org/wiki/List_of_Zeta_Phi_Beta_chapters#cite_note-:2-29","[","]","–1988","Texas","https://en.wikipedia.org/wiki/Texas","Rho third"
"Sigma","April 28, 1928","Livingstone College","https://en.wikipedia.org/wiki/Livingstone_College","Salisbury","https://en.wikipedia.org/wiki/Salisbury,_North_Carolina","Active","","","","","","North Carolina","https://en.wikipedia.org/wiki/North_Carolina",""
"Tau","March 15, 1947","Little Rock","https://en.wikipedia.org/wiki/Little_Rock,_Arkansas","Arkansas","https://en.wikipedia.org/wiki/Arkansas","Active","22","https://en.wikipedia.org/wiki/List_of_Zeta_Phi_Beta_chapters#cite_note-31","[","]","","","",""
"Upsilon","September 30, 1961","Delaware State University","https://en.wikipedia.org/wiki/Delaware_State_University","Dover","https://en.wikipedia.org/wiki/Dover,_Delaware","Active","23","https://en.wikipedia.org/wiki/List_of_Zeta_Phi_Beta_chapters#cite_note-32","[","]","","Delaware","https://en.wikipedia.org/wiki/Delaware",""
"Phi","1929","Virginia State University","https://en.wikipedia.org/wiki/Virginia_State_University","Petersburg","https://en.wikipedia.org/wiki/Petersburg,_Virginia","Active","","","","","","Virginia","https://en.wikipedia.org/wiki/Virginia",""
"Chi","October 3, 1953","Cheyney","https://en.wikipedia.org/wiki/Cheyney,_Pennsylvania","Pennsylvania","https://en.wikipedia.org/wiki/Pennsylvania","Active","","","","","","","",""
"Psi","January 17, 1931","Clark Atlanta University","https://en.wikipedia.org/wiki/Clark_Atlanta_University","Atlanta","https://en.wikipedia.org/wiki/Atlanta","Active","24","https://en.wikipedia.org/wiki/List_of_Zeta_Phi_Beta_chapters#cite_note-:24-33","[","]","","Georgia","https://en.wikipedia.org/wiki/Georgia_(U.S._state)",""
"Omega","May 8, 1948","Winston-Salem State University","https://en.wikipedia.org/wiki/Winston-Salem_State_University","Winston-Salem","https://en.wikipedia.org/wiki/Winston-Salem,_North_Carolina","Active","","","","","","North Carolina","https://en.wikipedia.org/wiki/North_Carolina",""
"Alpha Alpha","1931","Chicago","https://en.wikipedia.org/wiki/Chicago","Illinois","https://en.wikipedia.org/wiki/Illinois","Active","25","https://en.wikipedia.org/wiki/List_of_Zeta_Phi_Beta_chapters#cite_note-35","[","]","","","",""
"Beta Alpha","February 13, 1932","Southern University","https://en.wikipedia.org/wiki/Southern_University","Baton Rouge","https://en.wikipedia.org/wiki/Baton_Rouge,_Louisiana","Active","","","","","","Louisiana","https://en.wikipedia.org/wiki/Louisiana",""
"Gamma Alpha","May 14, 1932","Florida A&M University","https://en.wikipedia.org/wiki/Florida_A%26M_University","Tallahassee","https://en.wikipedia.org/wiki/Tallahassee,_Florida","Active","26","https://en.wikipedia.org/wiki/List_of_Zeta_Phi_Beta_chapters#cite_note-36","[","]","","Florida","https://en.wikipedia.org/wiki/Florida",""
"Delta Alpha","1945","Texas College","https://en.wikipedia.org/wiki/Texas_College","Tyler","https://en.wikipedia.org/wiki/Tyler,_Texas","Active","","","","","–1950, 1956","Texas","https://en.wikipedia.org/wiki/Texas",""
"Epsilon Alpha","April 15, 1933","Tennessee State University","https://en.wikipedia.org/wiki/Tennessee_State_University","Nashville","https://en.wikipedia.org/wiki/Nashville,_Tennessee","Active","","","","","","Tennessee","https://en.wikipedia.org/wiki/Tennessee",""
"Zeta Alpha","July 16, 1934","North Carolina A&T State University","https://en.wikipedia.org/wiki/North_Carolina_A%26T_State_University","Greensboro","https://en.wikipedia.org/wiki/Greensboro,_North_Carolina","Active","","","","","","North Carolina","https://en.wikipedia.org/wiki/North_Carolina",""
"Eta Alpha","","Kentucky State University","https://en.wikipedia.org/wiki/Kentucky_State_University","Frankfort","https://en.wikipedia.org/wiki/Frankfort,_Kentucky","Active","","","","","193x ?","Kentucky","https://en.wikipedia.org/wiki/Kentucky",""
"Theta Alpha","October 15, 1933","Boston","https://en.wikipedia.org/wiki/Boston","Massachusetts","https://en.wikipedia.org/wiki/Massachusetts","Active","","","","","","","",""
"Iota Alpha","April 2, 1942","Florida Memorial University","https://en.wikipedia.org/wiki/Florida_Memorial_University","Miami Gardens","https://en.wikipedia.org/wiki/Miami_Gardens,_Florida","Active","","","","","","Florida","https://en.wikipedia.org/wiki/Florida",""
"Kappa Alpha","March 23, 1937","University of the District of Columbia","https://en.wikipedia.org/wiki/University_of_the_District_of_Columbia","Washington","https://en.wikipedia.org/wiki/Washington,_D.C.","Active","27","https://en.wikipedia.org/wiki/List_of_Zeta_Phi_Beta_chapters#cite_note-37","[","]","","","",""
"","December 11, 1937","Langston University","https://en.wikipedia.org/wiki/Langston_University","Langston","https://en.wikipedia.org/wiki/Langston,_Oklahoma","Inactive","18","https://en.wikipedia.org/wiki/List_of_Zeta_Phi_Beta_chapters#cite_note-:1-23","[","]","– 20xx ?","Oklahoma","https://en.wikipedia.org/wiki/Oklahoma","Lambda Alpha"
"","","Bluefield State University","https://en.wikipedia.org/wiki/Bluefield_State_University","Bluefield","https://en.wikipedia.org/wiki/Bluefield,_West_Virginia","Inactive","","","","","193x ?–19xx ?","West Virginia","https://en.wikipedia.org/wiki/West_Virginia","Mu Alpha"
"Nu Alpha","March 26, 1938","Texas Southern University","https://en.wikipedia.org/wiki/Texas_Southern_University","Houston","https://en.wikipedia.org/wiki/Houston","Active","","","","","","Texas","https://en.wikipedia.org/wiki/Texas",""
"","1937","Occidental College","https://en.wikipedia.org/wiki/Occidental_College","Los Angeles","https://en.wikipedia.org/wiki/Los_Angeles","Inactive","28","https://en.wikipedia.org/wiki/List_of_Zeta_Phi_Beta_chapters#cite_note-:9-41","[","]","–xxxx ?","California","https://en.wikipedia.org/wiki/California","Xi Alpha"
"Mu Nu","April 15, 1939","Wichita State University","https://en.wikipedia.org/wiki/Wichita_State_University","Friends University","https://en.wikipedia.org/wiki/Friends_University","Inactive","19","https://en.wikipedia.org/wiki/List_of_Zeta_Phi_Beta_chapters#cite_note-:3-24","[","]","– 19xx ?","Wichita","https://en.wikipedia.org/wiki/Wichita,_Kansas","Omicron Alpha first"
"","June 14, 1965","Queens College","https://en.wikipedia.org/wiki/Queens_College,_City_University_of_New_York","St. John's University","https://en.wikipedia.org/wiki/St._John%27s_University_(New_York_City)","Inactive","o","https://en.wikipedia.org/wiki/List_of_Zeta_Phi_Beta_chapters#cite_note-44","[","]","– 2021 ?","Queens","https://en.wikipedia.org/wiki/Queens","Omicron Alpha"
"Pi Alpha","April 1939","LeMoyne–Owen College","https://en.wikipedia.org/wiki/LeMoyne%E2%80%93Owen_College","Memphis","https://en.wikipedia.org/wiki/Memphis,_Tennessee","Active","30","https://en.wikipedia.org/wiki/List_of_Zeta_Phi_Beta_chapters#cite_note-:18-45","[","]","","Tennessee","https://en.wikipedia.org/wiki/Tennessee",""
"Rho Alpha","February 26, 1947","Hampton University","https://en.wikipedia.org/wiki/Hampton_University","Hampton","https://en.wikipedia.org/wiki/Hampton,_Virginia","Active","","","","","","Virginia","https://en.wikipedia.org/wiki/Virginia",""
"Sigma Alpha","June 5, 1971","Kent State University","https://en.wikipedia.org/wiki/Kent_State_University","Kent","https://en.wikipedia.org/wiki/Kent,_Ohio","Active","31","https://en.wikipedia.org/wiki/List_of_Zeta_Phi_Beta_chapters#cite_note-46","[","]","","Ohio","https://en.wikipedia.org/wiki/Ohio",""
"Tau Alpha","December 27, 1939","University of Nebraska Omaha","https://en.wikipedia.org/wiki/University_of_Nebraska_Omaha","Omaha","https://en.wikipedia.org/wiki/Omaha,_Nebraska","Active","19","https://en.wikipedia.org/wiki/List_of_Zeta_Phi_Beta_chapters#cite_note-:3-24","[","]","","Nebraska","https://en.wikipedia.org/wiki/Nebraska",""
"Upsilon Alpha","March 4, 1940","Huston–Tillotson University","https://en.wikipedia.org/wiki/Huston%E2%80%93Tillotson_University","Austin","https://en.wikipedia.org/wiki/Austin,_Texas","Active","","","","","","Texas","https://en.wikipedia.org/wiki/Texas",""
"","","St. Louis","https://en.wikipedia.org/wiki/St._Louis","Missouri","https://en.wikipedia.org/wiki/Missouri","Inactive","","","","","19xx ?–20xx ?","","","Phi Alpha"
"Chi Alpha","1954","Rider University","https://en.wikipedia.org/wiki/Rider_University","Lawrence Township","https://en.wikipedia.org/wiki/Lawrence_Township,_Mercer_County,_New_Jersey","Active","33","https://en.wikipedia.org/wiki/List_of_Zeta_Phi_Beta_chapters#cite_note-:19-48","[","]","","New Jersey","https://en.wikipedia.org/wiki/New_Jersey",""
"Psi Alpha","February 8, 1941","South Carolina State University","https://en.wikipedia.org/wiki/South_Carolina_State_University","Orangeburg","https://en.wikipedia.org/wiki/Orangeburg,_South_Carolina","Active","34","https://en.wikipedia.org/wiki/List_of_Zeta_Phi_Beta_chapters#cite_note-:27-50","[","]","","South Carolina","https://en.wikipedia.org/wiki/South_Carolina",""
"Omega Alpha","","Wayne State University","https://en.wikipedia.org/wiki/Wayne_State_University","Detroit","https://en.wikipedia.org/wiki/Detroit","Active","17","https://en.wikipedia.org/wiki/List_of_Zeta_Phi_Beta_chapters#cite_note-:8-22","[","]","194x ?","Michigan","https://en.wikipedia.org/wiki/Michigan",""
"Alpha Beta","January 1942","Dillard University","https://en.wikipedia.org/wiki/Dillard_University","New Orleans","https://en.wikipedia.org/wiki/New_Orleans","Active","","","","","","Louisiana","https://en.wikipedia.org/wiki/Louisiana",""
"Omega Theta","February 25, 1979","University of Kansas","https://en.wikipedia.org/wiki/University_of_Kansas","Lawrence","https://en.wikipedia.org/wiki/Lawrence,_Kansas","Active","19","https://en.wikipedia.org/wiki/List_of_Zeta_Phi_Beta_chapters#cite_note-:3-24","[","]","","Kansas","https://en.wikipedia.org/wiki/Kansas","Beta Beta first"
"Beta Beta","1952","University of Arkansas at Pine Bluff","https://en.wikipedia.org/wiki/University_of_Arkansas_at_Pine_Bluff","Pine Bluff","https://en.wikipedia.org/wiki/Pine_Bluff,_Arkansas","Active","","","","","","Arkansas","https://en.wikipedia.org/wiki/Arkansas",""
"","1942","University of California, Berkeley","https://en.wikipedia.org/wiki/University_of_California,_Berkeley","Berkeley","https://en.wikipedia.org/wiki/Berkeley,_California","Inactive","36","https://en.wikipedia.org/wiki/List_of_Zeta_Phi_Beta_chapters#cite_note-:44-53","[","]","–2012","California","https://en.wikipedia.org/wiki/California","Gamma Beta"
"Delta Beta","April 4, 1946","Fort Valley State University","https://en.wikipedia.org/wiki/Fort_Valley_State_University","Fort Valley","https://en.wikipedia.org/wiki/Fort_Valley,_Georgia","Active","","","","","","Georgia","https://en.wikipedia.org/wiki/Georgia_(U.S._state)",""
"Epsilon Beta","1947","Alabama State University","https://en.wikipedia.org/wiki/Alabama_State_University","Montgomery","https://en.wikipedia.org/wiki/Montgomery,_Alabama","Active","","","","","","Alabama","https://en.wikipedia.org/wiki/Alabama",""
"Zeta Beta","February 13, 1932","Southern University at New Orleans","https://en.wikipedia.org/wiki/Southern_University_at_New_Orleans","New Orleans","https://en.wikipedia.org/wiki/New_Orleans","Active","","","","","","Louisiana","https://en.wikipedia.org/wiki/Louisiana",""
"","May 31, 1947","University of Maryland Eastern Shore","https://en.wikipedia.org/wiki/University_of_Maryland_Eastern_Shore","Princess Anne","https://en.wikipedia.org/wiki/Princess_Anne,_Maryland","Inactive","15","https://en.wikipedia.org/wiki/List_of_Zeta_Phi_Beta_chapters#cite_note-:7-19","[","]","– 19xx ?; 1963–20xx ?","Maryland","https://en.wikipedia.org/wiki/Maryland","Eta Beta"
"Theta Beta","April 15, 1948","Tuskegee University","https://en.wikipedia.org/wiki/Tuskegee_University","Tuskegee","https://en.wikipedia.org/wiki/Tuskegee,_Alabama","Active","37","https://en.wikipedia.org/wiki/List_of_Zeta_Phi_Beta_chapters#cite_note-56","[","]","","Alabama","https://en.wikipedia.org/wiki/Alabama",""
"Iota Beta","1948","West Virginia State University","https://en.wikipedia.org/wiki/West_Virginia_State_University","Institute","https://en.wikipedia.org/wiki/Institute,_West_Virginia","Active","","","","","","West Virginia","https://en.wikipedia.org/wiki/West_Virginia",""
"","1970","Benedict College","https://en.wikipedia.org/wiki/Benedict_College","Columbia","https://en.wikipedia.org/wiki/Columbia,_South_Carolina","Inactive","15","https://en.wikipedia.org/wiki/List_of_Zeta_Phi_Beta_chapters#cite_note-:7-19","[","]","–20xx ?","South Carolina","https://en.wikipedia.org/wiki/South_Carolina","Kappa Beta"
"","1948","Jackson State University","https://en.wikipedia.org/wiki/Jackson_State_University","Jackson","https://en.wikipedia.org/wiki/Jackson,_Mississippi","Inactive","15","https://en.wikipedia.org/wiki/List_of_Zeta_Phi_Beta_chapters#cite_note-:7-19","[","]","–20xx ?","Mississippi","https://en.wikipedia.org/wiki/Mississippi","Lambda Beta"
"","1948","Bethune–Cookman University","https://en.wikipedia.org/wiki/Bethune%E2%80%93Cookman_University","Daytona Beach","https://en.wikipedia.org/wiki/Daytona_Beach,_Florida","Inactive","15","https://en.wikipedia.org/wiki/List_of_Zeta_Phi_Beta_chapters#cite_note-:7-19","[","]","–20xx ?","Florida","https://en.wikipedia.org/wiki/Florida","Mu Beta"
"Nu Beta","1950","Tougaloo College","https://en.wikipedia.org/wiki/Tougaloo_College","Tougaloo","https://en.wikipedia.org/wiki/Tougaloo,_Mississippi","Active","","","","","","Mississippi","https://en.wikipedia.org/wiki/Mississippi",""
"Xi Beta","1950","Lincoln University","https://en.wikipedia.org/wiki/Lincoln_University_(Missouri)","Jefferson City","https://en.wikipedia.org/wiki/Jefferson_City,_Missouri","Active","","","","","","Missiouri","https://en.wikipedia.org/wiki/Missouri",""
"Omicron Beta","1950","Brooklyn","https://en.wikipedia.org/wiki/Brooklyn","New York","https://en.wikipedia.org/wiki/New_York_(state)","Active","38","https://en.wikipedia.org/wiki/List_of_Zeta_Phi_Beta_chapters#cite_note-60","[","]","","","",""
"Pi Beta","1950","Albany State University","https://en.wikipedia.org/wiki/Albany_State_University","Albany","https://en.wikipedia.org/wiki/Albany,_Georgia","Active","","","","","","Georgia","https://en.wikipedia.org/wiki/Georgia_(U.S._state)",""
"Rho Beta","November 1950","Savannah State University","https://en.wikipedia.org/wiki/Savannah_State_University","Savannah","https://en.wikipedia.org/wiki/Savannah,_Georgia","Active","","","","","","Georgia","https://en.wikipedia.org/wiki/Georgia_(U.S._state)",""
"Sigma Beta","March 1, 1951","Alabama A&M University","https://en.wikipedia.org/wiki/Alabama_A%26M_University","Normal","https://en.wikipedia.org/wiki/Normal,_Alabama","Active","","","","","","Alabama","https://en.wikipedia.org/wiki/Alabama",""
"Tau Beta","1973","Paul Quinn College","https://en.wikipedia.org/wiki/Paul_Quinn_College","Dallas","https://en.wikipedia.org/wiki/Dallas","Active","","","","","","Texas","https://en.wikipedia.org/wiki/Texas",""
"Phi Beta","October 11, 1951","St. Augustine's University","https://en.wikipedia.org/wiki/St._Augustine%27s_University_(North_Carolina)","Raleigh","https://en.wikipedia.org/wiki/Raleigh,_North_Carolina","Active","","","","","","North Carolina","https://en.wikipedia.org/wiki/North_Carolina",""
"","February 22, 1952","Central State University","https://en.wikipedia.org/wiki/Central_State_University","Wilberforce","https://en.wikipedia.org/wiki/Wilberforce,_Ohio","Inactive","39","https://en.wikipedia.org/wiki/List_of_Zeta_Phi_Beta_chapters#cite_note-61","[","]","– 20xx ?","Ohio","https://en.wikipedia.org/wiki/Ohio","Chi Beta"
"Psi Beta","May 7, 1952","Grambling State University","https://en.wikipedia.org/wiki/Grambling_State_University","Grambling","https://en.wikipedia.org/wiki/Grambling,_Louisiana","Active","","","","","","Louisiana","https://en.wikipedia.org/wiki/Louisiana",""
"Omega Beta","May 10, 1952","Fayetteville State University","https://en.wikipedia.org/wiki/Fayetteville_State_University","Fayetteville","https://en.wikipedia.org/wiki/Fayetteville,_North_Carolina","Active","","","","","","North Carolina","https://en.wikipedia.org/wiki/North_Carolina",""
"Alpha Gamma","1953","Elizabeth City State University","https://en.wikipedia.org/wiki/Elizabeth_City_State_University","Elizabeth City","https://en.wikipedia.org/wiki/Elizabeth_City,_North_Carolina","Active","","","","","","North Carolina","https://en.wikipedia.org/wiki/North_Carolina",""
"","February 13, 1960","Oklahoma City","https://en.wikipedia.org/wiki/Oklahoma_City","Oklahoma","https://en.wikipedia.org/wiki/Oklahoma","Inactive","19","https://en.wikipedia.org/wiki/List_of_Zeta_Phi_Beta_chapters#cite_note-:3-24","[","]","– xxxx ?","","","Beta Gamma first"
"","","University of Central Oklahoma","https://en.wikipedia.org/wiki/University_of_Central_Oklahoma","Edmond","https://en.wikipedia.org/wiki/Edmond,_Oklahoma","Inactive","15","https://en.wikipedia.org/wiki/List_of_Zeta_Phi_Beta_chapters#cite_note-:7-19","[","]","19xx ? – 201x ?","Oklahoma","https://en.wikipedia.org/wiki/Oklahoma","Beta Gamma"
"Gamma Gamma","April 29, 1960","North Carolina Central University","https://en.wikipedia.org/wiki/North_Carolina_Central_University","Durham","https://en.wikipedia.org/wiki/Durham,_North_Carolina","Active","","","","","","North Carolina","https://en.wikipedia.org/wiki/North_Carolina",""
"","","","","","","Inactive","","","","","196x ?–xxxx ?","","","Delta Gamma"
"Epsilon Gamma","1962","Stillman College","https://en.wikipedia.org/wiki/Stillman_College","Tuscaloosa","https://en.wikipedia.org/wiki/Tuscaloosa,_Alabama","Active","","","","","","Alabama","https://en.wikipedia.org/wiki/Alabama",""
"Zeta Gamma","December 1, 1962","Norfolk State University","https://en.wikipedia.org/wiki/Norfolk_State_University","Norfolk","https://en.wikipedia.org/wiki/Norfolk,_Virginia","Active","20","https://en.wikipedia.org/wiki/List_of_Zeta_Phi_Beta_chapters#cite_note-:33-27","[","]","","Virginia","https://en.wikipedia.org/wiki/Virginia",""
"","","University of Tulsa","https://en.wikipedia.org/wiki/University_of_Tulsa","Tulsa","https://en.wikipedia.org/wiki/Tulsa,_Oklahoma","Inactive","","","","","196x ?–xxxx ?","Oklahoma","https://en.wikipedia.org/wiki/Oklahoma","Eta Gamma"
"","","Barber–Scotia College","https://en.wikipedia.org/wiki/Barber%E2%80%93Scotia_College","Concord","https://en.wikipedia.org/wiki/Concord,_North_Carolina","Inactive","","","","","196x ?–xxxx ?","North Carolina","https://en.wikipedia.org/wiki/North_Carolina","Theta Gamma"
"Iota Gamma","May 25, 1965","Rust College","https://en.wikipedia.org/wiki/Rust_College","Holly Springs","https://en.wikipedia.org/wiki/Holly_Springs,_Mississippi","Active","","","","","","Mississippi","https://en.wikipedia.org/wiki/Mississippi",""
"Kappa Gamma","November 1966","Fisk University","https://en.wikipedia.org/wiki/Fisk_University","Old Hickory","https://en.wikipedia.org/wiki/Old_Hickory,_Tennessee","Active","","","","","","Tennessee","https://en.wikipedia.org/wiki/Tennessee",""
"Lambda Gamma","April 29, 1969","McNeese State University","https://en.wikipedia.org/wiki/McNeese_State_University","Lake Charles","https://en.wikipedia.org/wiki/Lake_Charles,_Louisiana","Active","","","","","","Louisiana","https://en.wikipedia.org/wiki/Louisiana",""
"Mu Gamma","1969","Edward Waters University","https://en.wikipedia.org/wiki/Edward_Waters_University","Jacksonville","https://en.wikipedia.org/wiki/Jacksonville,_Florida","Active","","","","","","Florida","https://en.wikipedia.org/wiki/Florida",""
"Nu Gamma","1968","Coppin State University","https://en.wikipedia.org/wiki/Coppin_State_University","Baltimore","https://en.wikipedia.org/wiki/Baltimore","Active","","","","","","Maryland","https://en.wikipedia.org/wiki/Maryland",""
"Xi Gamma","1968","Ohio State University","https://en.wikipedia.org/wiki/Ohio_State_University","Columbus","https://en.wikipedia.org/wiki/Columbus,_Ohio","Active","","","","","","Ohio","https://en.wikipedia.org/wiki/Ohio",""
"","1968","Bowie State University","https://en.wikipedia.org/wiki/Bowie_State_University","Prince George's County","https://en.wikipedia.org/wiki/Prince_George%27s_County,_Maryland","Inactive","15","https://en.wikipedia.org/wiki/List_of_Zeta_Phi_Beta_chapters#cite_note-:7-19","[","]","–20xx ?","Maryland","https://en.wikipedia.org/wiki/Maryland","Omicron Gamma"
"","","Oklahoma","https://en.wikipedia.org/wiki/Oklahoma","","","Inactive","","","","","196x ?–xxxx ?","","","Pi Gamma"
"Rho Gamma","May 1968","University of Memphis","https://en.wikipedia.org/wiki/University_of_Memphis","Memphis","https://en.wikipedia.org/wiki/Memphis,_Tennessee","Active","30","https://en.wikipedia.org/wiki/List_of_Zeta_Phi_Beta_chapters#cite_note-:18-45","[","]","","Tennessee","https://en.wikipedia.org/wiki/Tennessee",""
"Sigma Gamma","September 1968","Houston","https://en.wikipedia.org/wiki/Houston","Texas","https://en.wikipedia.org/wiki/Texas","Active","","","","","","","",""
"Tau Gamma","November 21, 1968","Lane College","https://en.wikipedia.org/wiki/Lane_College","Jackson","https://en.wikipedia.org/wiki/Jackson,_Tennessee","Active","","","","","","Tennessee","https://en.wikipedia.org/wiki/Tennessee",""
"","","Shreveport","https://en.wikipedia.org/wiki/Shreveport,_Louisiana","Louisiana","https://en.wikipedia.org/wiki/Louisiana","Inactive","","","","","196x ?–xxxx ?","","","Upsilon Gamma"
"Phi Gamma","September 15, 1960","Michigan State University","https://en.wikipedia.org/wiki/Michigan_State_University","East Lansing","https://en.wikipedia.org/wiki/East_Lansing,_Michigan","Active","16","https://en.wikipedia.org/wiki/List_of_Zeta_Phi_Beta_chapters#cite_note-:0-21","[","]","","Michigan","https://en.wikipedia.org/wiki/Michigan",""
"Chi Gamma","1969","Bennett College","https://en.wikipedia.org/wiki/Bennett_College","Greensboro","https://en.wikipedia.org/wiki/Greensboro,_North_Carolina","Active","","","","","","North Carolina","https://en.wikipedia.org/wiki/North_Carolina",""
"","","Mississippi Valley State University","https://en.wikipedia.org/wiki/Mississippi_Valley_State_University","Mississippi","https://en.wikipedia.org/wiki/Mississippi","Inactive","15","https://en.wikipedia.org/wiki/List_of_Zeta_Phi_Beta_chapters#cite_note-:7-19","[","]","19xx ?–20xx ?","","","Psi Gamma"
"","1969","Prairie View A&M University","https://en.wikipedia.org/wiki/Prairie_View_A%26M_University","Prairie View","https://en.wikipedia.org/wiki/Prairie_View,_Texas","Inactive","15","https://en.wikipedia.org/wiki/List_of_Zeta_Phi_Beta_chapters#cite_note-:7-19","[","]","–20xx ?","Texas","https://en.wikipedia.org/wiki/Texas","Omega Gamma"
"","","Selma University","https://en.wikipedia.org/wiki/Selma_University","Selma","https://en.wikipedia.org/wiki/Selma,_Alabama","Inactive","40","https://en.wikipedia.org/wiki/List_of_Zeta_Phi_Beta_chapters#cite_note-:11-66","[","]","19xx ?–xxxx ?","Alabama","https://en.wikipedia.org/wiki/Alabama","Alpha Delta"
"Beta Delta","1970","Xavier University","https://en.wikipedia.org/wiki/Xavier_University","New Orleans","https://en.wikipedia.org/wiki/New_Orleans","Active","","","","","","Louisiana","https://en.wikipedia.org/wiki/Louisiana",""
"Gamma Delta","May 16, 1970","University of Michigan","https://en.wikipedia.org/wiki/University_of_Michigan","Ann Arbor","https://en.wikipedia.org/wiki/Ann_Arbor,_Michigan","Active","41","https://en.wikipedia.org/wiki/List_of_Zeta_Phi_Beta_chapters#cite_note-67","[","]","","Michigan","https://en.wikipedia.org/wiki/Michigan",""
"Delta Delta","1969","Lincoln University","https://en.wikipedia.org/wiki/Lincoln_University_(Pennsylvania)","Lincoln University","https://en.wikipedia.org/wiki/Lincoln_University,_Pennsylvania_(CDP)","Active","","","","","","Pennsylvania","https://en.wikipedia.org/wiki/Pennsylvania",""
"Epsilon Delta","December 4, 1971","Lamar University","https://en.wikipedia.org/wiki/Lamar_University","Beaumont","https://en.wikipedia.org/wiki/Beaumont,_Texas","Active","42","https://en.wikipedia.org/wiki/List_of_Zeta_Phi_Beta_chapters#cite_note-68","[","]","","Texas","https://en.wikipedia.org/wiki/Texas",""
"Zeta Delta","January 31, 1972","Jarvis Christian University","https://en.wikipedia.org/wiki/Jarvis_Christian_University","Hawkins","https://en.wikipedia.org/wiki/Hawkins,_Texas","Active","","","","","","Texas","https://en.wikipedia.org/wiki/Texas",""
"Eta Delta","May 1, 1971","Northern Illinois University","https://en.wikipedia.org/wiki/Northern_Illinois_University","DeKalb","https://en.wikipedia.org/wiki/DeKalb,_Illinois","Active","43","https://en.wikipedia.org/wiki/List_of_Zeta_Phi_Beta_chapters#cite_note-69","[","]","","Illinois","https://en.wikipedia.org/wiki/Illinois",""
"Theta Delta","1971","Wayne State University","https://en.wikipedia.org/wiki/Wayne_State_University","Detroit","https://en.wikipedia.org/wiki/Detroit","Active","16","https://en.wikipedia.org/wiki/List_of_Zeta_Phi_Beta_chapters#cite_note-:0-21","[","]","","Michigan","https://en.wikipedia.org/wiki/Michigan",""
"Iota Delta","1971","Miles College","https://en.wikipedia.org/wiki/Miles_College","Birmingham","https://en.wikipedia.org/wiki/Birmingham,_Alabama","Active","","","","","","Alabama","https://en.wikipedia.org/wiki/Alabama",""
"Kappa Delta","1971","Paine College","https://en.wikipedia.org/wiki/Paine_College","Augusta","https://en.wikipedia.org/wiki/Augusta,_Georgia","Active","","","","","","Georgia","https://en.wikipedia.org/wiki/Georgia_(U.S._state)",""
"Lambda Delta","1971","University of Tennessee at Chattanooga","https://en.wikipedia.org/wiki/University_of_Tennessee_at_Chattanooga","Chattanooga","https://en.wikipedia.org/wiki/Chattanooga,_Tennessee","Active","","","","","","Tennessee","https://en.wikipedia.org/wiki/Tennessee",""
"","","Southern Illinois University Carbondale","https://en.wikipedia.org/wiki/Southern_Illinois_University_Carbondale","Carbondale","https://en.wikipedia.org/wiki/Carbondale,_Illinois","Inactive","15","https://en.wikipedia.org/wiki/List_of_Zeta_Phi_Beta_chapters#cite_note-:7-19","[","]","197x ?–20xx ?","Illinois","https://en.wikipedia.org/wiki/Illinois","Mu Delta"
"Nu Delta","April 15, 1972","Champaign","https://en.wikipedia.org/wiki/Champaign,_Illinois","Illinois","https://en.wikipedia.org/wiki/Illinois","Active","44","https://en.wikipedia.org/wiki/List_of_Zeta_Phi_Beta_chapters#cite_note-71","[","]","","","",""
"Xi Delta","December 3, 1971","University of Pittsburgh","https://en.wikipedia.org/wiki/University_of_Pittsburgh","Pittsburgh","https://en.wikipedia.org/wiki/Pittsburgh","Active","","","","","","Pennsylvania","https://en.wikipedia.org/wiki/Pennsylvania",""
"Omicron Delta","1975","Eastern Illinois University","https://en.wikipedia.org/wiki/Eastern_Illinois_University","Charleston","https://en.wikipedia.org/wiki/Charleston,_Illinois","Active","","","","","","Illinois","https://en.wikipedia.org/wiki/Illinois",""
"Pi Delta","February 5, 1972","Eastern Michigan University","https://en.wikipedia.org/wiki/Eastern_Michigan_University","Ypsilanti","https://en.wikipedia.org/wiki/Ypsilanti,_Michigan","Active","16","https://en.wikipedia.org/wiki/List_of_Zeta_Phi_Beta_chapters#cite_note-:0-21","[","]","","Michigan","https://en.wikipedia.org/wiki/Michigan",""
"","1972","University of North Texas","https://en.wikipedia.org/wiki/University_of_North_Texas","Denton","https://en.wikipedia.org/wiki/Denton,_Texas","Inactive","15","https://en.wikipedia.org/wiki/List_of_Zeta_Phi_Beta_chapters#cite_note-:7-19","[","]","–198x ?, 1995–20xx ?","Texas","https://en.wikipedia.org/wiki/Texas","Rho Delta"
"Sigma Delta","September 19, 1972","University of Miami","https://en.wikipedia.org/wiki/University_of_Miami","Coral Gables","https://en.wikipedia.org/wiki/Coral_Gables,_Florida","Active","45","https://en.wikipedia.org/wiki/List_of_Zeta_Phi_Beta_chapters#cite_note-73","[","]","","Florida","https://en.wikipedia.org/wiki/Florida",""
"","1972","Western Michigan University","https://en.wikipedia.org/wiki/Western_Michigan_University","Kalamazoo","https://en.wikipedia.org/wiki/Kalamazoo,_Michigan","Inactive","9","https://en.wikipedia.org/wiki/List_of_Zeta_Phi_Beta_chapters#cite_note-:6-10","[","]","–20xx ?","Michigan","https://en.wikipedia.org/wiki/Michigan","Tau Delta"
"","","Southeastern Oklahoma State University","https://en.wikipedia.org/wiki/Southeastern_Oklahoma_State_University","Durant, Oklahoma","https://en.wikipedia.org/wiki/Durant,_Oklahoma","Inactive","","","","","197x ?–xxxx ?","Oklahoma","https://en.wikipedia.org/wiki/Oklahoma","Upsilon Delta"
"Phi Delta","May 6, 1973","Bradley University","https://en.wikipedia.org/wiki/Bradley_University","Peoria","https://en.wikipedia.org/wiki/Peoria,_Illinois","Active","","","","","","Illinois","https://en.wikipedia.org/wiki/Illinois",""
"Chi Delta","February 4, 1974","Texas Woman's University","https://en.wikipedia.org/wiki/Texas_Woman%27s_University","Denton","https://en.wikipedia.org/wiki/Denton,_Texas","Active","","","","","","Texas","https://en.wikipedia.org/wiki/Texas",""
"Psi Delta","January 19, 1974","Stephen F. Austin State University","https://en.wikipedia.org/wiki/Stephen_F._Austin_State_University","Nacogdoches","https://en.wikipedia.org/wiki/Nacogdoches,_Texas","Active","","","","","","Texas","https://en.wikipedia.org/wiki/Texas",""
"Omega Delta","January 20, 1972","Western Kentucky University","https://en.wikipedia.org/wiki/Western_Kentucky_University","Bowling Green","https://en.wikipedia.org/wiki/Bowling_Green,_Kentucky","Active","46","https://en.wikipedia.org/wiki/List_of_Zeta_Phi_Beta_chapters#cite_note-74","[","]","","Kentucky","https://en.wikipedia.org/wiki/Kentucky",""
"Alpha Epsilon","1973","East Texas A&M University","https://en.wikipedia.org/wiki/East_Texas_A%26M_University","Commerce","https://en.wikipedia.org/wiki/Commerce,_Texas","Active","ac","https://en.wikipedia.org/wiki/List_of_Zeta_Phi_Beta_chapters#cite_note-75","[","]","","Texas","https://en.wikipedia.org/wiki/Texas",""
"","1974","Ohio University","https://en.wikipedia.org/wiki/Ohio_University","Athens","https://en.wikipedia.org/wiki/Athens,_Ohio","Inactive","15","https://en.wikipedia.org/wiki/List_of_Zeta_Phi_Beta_chapters#cite_note-:7-19","[","]","–201x ?","Ohio","https://en.wikipedia.org/wiki/Ohio","Beta Epsilon"
"","","Wilberforce University","https://en.wikipedia.org/wiki/Wilberforce_University","Wilberforce","https://en.wikipedia.org/wiki/Wilberforce,_Ohio","Inactive","","","","","197x ?–xxxx ?","Ohio","https://en.wikipedia.org/wiki/Ohio","Gamma Epsilon"
"Delta Epsilon","April 23, 1973","Indiana University Bloomington","https://en.wikipedia.org/wiki/Indiana_University_Bloomington","Bloomington","https://en.wikipedia.org/wiki/Bloomington,_Indiana","Active","47","https://en.wikipedia.org/wiki/List_of_Zeta_Phi_Beta_chapters#cite_note-76","[","]","","Indiana","https://en.wikipedia.org/wiki/Indiana",""
"","","","","","","Inactive","","","","","197x ?–xxxx ?","","","Epsilon Epsilon"
"Zeta Epsilon","1973","PennWest California","https://en.wikipedia.org/wiki/PennWest_California","California","https://en.wikipedia.org/wiki/California,_Pennsylvania","Active","48","https://en.wikipedia.org/wiki/List_of_Zeta_Phi_Beta_chapters#cite_note-77","[","]","–2010, 2016","Pennsylvania","https://en.wikipedia.org/wiki/Pennsylvania",""
"Eta Epsilon","1973","University of Maryland, College Park","https://en.wikipedia.org/wiki/University_of_Maryland,_College_Park","College Park","https://en.wikipedia.org/wiki/College_Park,_Maryland","Active","49","https://en.wikipedia.org/wiki/List_of_Zeta_Phi_Beta_chapters#cite_note-78","[","]","","Maryland","https://en.wikipedia.org/wiki/Maryland",""
"Theta Epsilon","","Voorhees College","https://en.wikipedia.org/wiki/Voorhees_University","Denmark","https://en.wikipedia.org/wiki/Denmark,_South_Carolina","Active","","","","","197x ?","South Carolina","https://en.wikipedia.org/wiki/South_Carolina",""
"Iota Epsilon","March 30, 1973","University of Dayton","https://en.wikipedia.org/wiki/University_of_Dayton","Dayton","https://en.wikipedia.org/wiki/Dayton,_Ohio","Active","50","https://en.wikipedia.org/wiki/List_of_Zeta_Phi_Beta_chapters#cite_note-79","[","]","","Ohio","https://en.wikipedia.org/wiki/Ohio",""
"Kappa Epsilon","1974","Columbus State University","https://en.wikipedia.org/wiki/Columbus_State_University","Columbus","https://en.wikipedia.org/wiki/Columbus,_Georgia","Active","","","","","","Georgia","https://en.wikipedia.org/wiki/Georgia_(U.S._state)",""
"","June 3, 1973","Illinois State University","https://en.wikipedia.org/wiki/Illinois_State_University","Normal","https://en.wikipedia.org/wiki/Normal,_Illinois","Inactive","15","https://en.wikipedia.org/wiki/List_of_Zeta_Phi_Beta_chapters#cite_note-:7-19","[","]","– 20xx ?","Illinois","https://en.wikipedia.org/wiki/Illinois","Lambda Epsilon"
"Mu Epsilon","April 3, 1974","University of Florida","https://en.wikipedia.org/wiki/University_of_Florida","Gainesville","https://en.wikipedia.org/wiki/Gainesville,_Florida","Active","51","https://en.wikipedia.org/wiki/List_of_Zeta_Phi_Beta_chapters#cite_note-81","[","]","","Florida","https://en.wikipedia.org/wiki/Florida",""
"","1974","Loyola Marymount University","https://en.wikipedia.org/wiki/Loyola_Marymount_University","California","https://en.wikipedia.org/wiki/California","Inactive","","","","","–19xx?","","","Nu Epsilon"
"Xi Epsilon","1974","Northwestern State University","https://en.wikipedia.org/wiki/Northwestern_State_University","Natchitoches","https://en.wikipedia.org/wiki/Natchitoches,_Louisiana","Active","","","","","","Louisiana","https://en.wikipedia.org/wiki/Louisiana",""
"Omicron Epsilon","April 16, 1974","College of New Jersey","https://en.wikipedia.org/wiki/The_College_of_New_Jersey","Ewing Township","https://en.wikipedia.org/wiki/Ewing_Township,_New_Jersey","Active","33","https://en.wikipedia.org/wiki/List_of_Zeta_Phi_Beta_chapters#cite_note-:19-48","[","]","","New Jersey","https://en.wikipedia.org/wiki/New_Jersey",","
"Pi Epsilon","October 10, 1974","University of Tennessee","https://en.wikipedia.org/wiki/University_of_Tennessee","Knoxville","https://en.wikipedia.org/wiki/Knoxville,_Tennessee","Active","52","https://en.wikipedia.org/wiki/List_of_Zeta_Phi_Beta_chapters#cite_note-82","[","]","","Tennessee","https://en.wikipedia.org/wiki/Tennessee",""
"Rho Epsilon","May 2, 1975","Louisiana State University","https://en.wikipedia.org/wiki/Louisiana_State_University","Baton Rouge","https://en.wikipedia.org/wiki/Baton_Rouge,_Louisiana","Active","53","https://en.wikipedia.org/wiki/List_of_Zeta_Phi_Beta_chapters#cite_note-83","[","]","","Louisiana","https://en.wikipedia.org/wiki/Louisiana",""
"Sigma Epsilon","1974","University of Central Florida","https://en.wikipedia.org/wiki/University_of_Central_Florida","Orlando","https://en.wikipedia.org/wiki/Orlando,_Florida","Active","","","","","","Florida","https://en.wikipedia.org/wiki/Florida",""
"","","University of Redlands","https://en.wikipedia.org/wiki/University_of_Redlands","Redlands","https://en.wikipedia.org/wiki/Redlands,_California","Inactive","","","","","197x ?–xxxx ?","California","https://en.wikipedia.org/wiki/California","Tau Epsilon"
"Upsilon Epsilon","February 14, 1975","University of Akron","https://en.wikipedia.org/wiki/University_of_Akron","Akron","https://en.wikipedia.org/wiki/Akron,_Ohio","Active","54","https://en.wikipedia.org/wiki/List_of_Zeta_Phi_Beta_chapters#cite_note-84","[","]","","Ohio","https://en.wikipedia.org/wiki/Ohio",""
"Phi Epsilon","January 27, 1975","University of Houston","https://en.wikipedia.org/wiki/University_of_Houston","Houston","https://en.wikipedia.org/wiki/Houston","Active","55","https://en.wikipedia.org/wiki/List_of_Zeta_Phi_Beta_chapters#cite_note-85","[","]","","Texas","https://en.wikipedia.org/wiki/Texas",""
"","March 15, 1975","University of Georgia","https://en.wikipedia.org/wiki/University_of_Georgia","Athens","https://en.wikipedia.org/wiki/Athens,_Georgia","Inactive","9","https://en.wikipedia.org/wiki/List_of_Zeta_Phi_Beta_chapters#cite_note-:6-10","[","]","– xxxx ?","Georgia","https://en.wikipedia.org/wiki/Georgia_(U.S._state)","Chi Epsilon"
"Psi Epsilon","May 25, 1974","Bowling Green State University","https://en.wikipedia.org/wiki/Bowling_Green_State_University","Bowling Green","https://en.wikipedia.org/wiki/Bowling_Green,_Ohio","Active","57","https://en.wikipedia.org/wiki/List_of_Zeta_Phi_Beta_chapters#cite_note-87","[","]","","Ohio","https://en.wikipedia.org/wiki/Ohio",""
"","","","","","","Inactive","","","","","197x ?–xxxx ?","","","Omega Epsilon"
"Alpha Eta","1976","University of South Florida","https://en.wikipedia.org/wiki/University_of_South_Florida","Tampa","https://en.wikipedia.org/wiki/Tampa,_Florida","Active","","","","","","Florida","https://en.wikipedia.org/wiki/Florida",""
"Beta Eta","April 12, 1975","University of Cincinnati","https://en.wikipedia.org/wiki/University_of_Cincinnati","Cincinnati","https://en.wikipedia.org/wiki/Cincinnati","Active","58","https://en.wikipedia.org/wiki/List_of_Zeta_Phi_Beta_chapters#cite_note-88","[","]","","Ohio","https://en.wikipedia.org/wiki/Ohio",""
"Gamma Eta","April 4, 1978","University of Central Arkansas","https://en.wikipedia.org/wiki/University_of_Central_Arkansas","Conway","https://en.wikipedia.org/wiki/Conway,_Arkansas","Active","59","https://en.wikipedia.org/wiki/List_of_Zeta_Phi_Beta_chapters#cite_note-89","[","]","","Arkansas","https://en.wikipedia.org/wiki/Arkansas",""
"Delta Eta","1976","California State University, Long Beach","https://en.wikipedia.org/wiki/California_State_University,_Long_Beach","Long Beach","https://en.wikipedia.org/wiki/Long_Beach,_California","Active","","","","","","California","https://en.wikipedia.org/wiki/California",""
"","1976","Shippensburg","https://en.wikipedia.org/wiki/Shippensburg,_Pennsylvania","Pennsylvania","https://en.wikipedia.org/wiki/Pennsylvania","Inactive","15","https://en.wikipedia.org/wiki/List_of_Zeta_Phi_Beta_chapters#cite_note-:7-19","[","]","–201x ?","","","Epsilon Eta"
"","","","","","","Inactive","","","","","197x ?–xxxx ?","","","Zeta Eta"
"","","Youngstown State University","https://en.wikipedia.org/wiki/Youngstown_State_University","Youngstown","https://en.wikipedia.org/wiki/Youngstown,_Ohio","Inactive","60","https://en.wikipedia.org/wiki/List_of_Zeta_Phi_Beta_chapters#cite_note-90","[","]","197x ?–xxxx ?","Ohio","https://en.wikipedia.org/wiki/Ohio","Eta Eta"
"","","University of Maryland, Baltimore County","https://en.wikipedia.org/wiki/University_of_Maryland,_Baltimore_County","Baltimore County","https://en.wikipedia.org/wiki/Baltimore_County,_Maryland","Inactive","","","","","197x ?–xxxx ?","Maryland","https://en.wikipedia.org/wiki/Maryland","Theta Eta"
"Iota Eta","May 4, 1974","University of Alabama","https://en.wikipedia.org/wiki/University_of_Alabama","Tuscaloosa","https://en.wikipedia.org/wiki/Tuscaloosa,_Alabama","Active","61","https://en.wikipedia.org/wiki/List_of_Zeta_Phi_Beta_chapters#cite_note-91","[","]","","Alabama","https://en.wikipedia.org/wiki/Alabama",""
"Kappa Eta","May 4, 1976","University of Arkansas, Monticello","https://en.wikipedia.org/wiki/University_of_Arkansas_at_Monticello","Monticello","https://en.wikipedia.org/wiki/Monticello","Active","62","https://en.wikipedia.org/wiki/List_of_Zeta_Phi_Beta_chapters#cite_note-92","[","]","","Arkansas","https://en.wikipedia.org/wiki/Arkansas",""
"Lambda Eta","April 30, 1976","Sam Houston State University","https://en.wikipedia.org/wiki/Sam_Houston_State_University","Huntsville","https://en.wikipedia.org/wiki/Huntsville,_Texas","Active","","","","","","Texas","https://en.wikipedia.org/wiki/Texas",""
"Mu Eta","July 26, 1976","Pennsylvania State University","https://en.wikipedia.org/wiki/Pennsylvania_State_University","Pennsylvania","https://en.wikipedia.org/wiki/Pennsylvania","Active","63","https://en.wikipedia.org/wiki/List_of_Zeta_Phi_Beta_chapters#cite_note-93","[","]","","","",""
"Nu Eta","1976","University of West Florida","https://en.wikipedia.org/wiki/University_of_West_Florida","Pensacola","https://en.wikipedia.org/wiki/Pensacola,_Florida","Active","","","","","–19xx ?, 1999","Florida","https://en.wikipedia.org/wiki/Florida",""
"Xi Eta","1976","Henderson State University","https://en.wikipedia.org/wiki/Henderson_State_University","Arkadelphia","https://en.wikipedia.org/wiki/Arkadelphia,_Arkansas","Active","","","","","","Arkansas","https://en.wikipedia.org/wiki/Arkansas",""
"Omicron Eta","1976","University of Texas at Arlington","https://en.wikipedia.org/wiki/University_of_Texas_at_Arlington","Arlington","https://en.wikipedia.org/wiki/Arlington,_Texas","Active","","","","","","Texas","https://en.wikipedia.org/wiki/Texas",""
"Pi Eta","1976","Florida Atlantic University","https://en.wikipedia.org/wiki/Florida_Atlantic_University","Boca Raton","https://en.wikipedia.org/wiki/Boca_Raton,_Florida","Active","","","","","","Florida","https://en.wikipedia.org/wiki/Florida",""
"Rho Eta","April 20, 1976","California State University, Los Angeles","https://en.wikipedia.org/wiki/California_State_University,_Los_Angeles","Los Angeles","https://en.wikipedia.org/wiki/Los_Angeles","Active","","","","","","California","https://en.wikipedia.org/wiki/California",""
"","","LaGrange College","https://en.wikipedia.org/wiki/LaGrange_College","LaGrange","https://en.wikipedia.org/wiki/LaGrange,_Georgia","Inactive","","","","","197x ?–xxxx ?","Georgia","https://en.wikipedia.org/wiki/Georgia_(U.S._state)","Sigma Eta"
"","November 13, 1976","University of Mississippi","https://en.wikipedia.org/wiki/University_of_Mississippi","Oxford","https://en.wikipedia.org/wiki/Oxford,_Mississippi","Inactive","64","https://en.wikipedia.org/wiki/List_of_Zeta_Phi_Beta_chapters#cite_note-94","[","]","– 2019 ?","Mississippi","https://en.wikipedia.org/wiki/Mississippi","Tau Eta"
"","1977","Pace University","https://en.wikipedia.org/wiki/Pace_University","New York City","https://en.wikipedia.org/wiki/New_York_City","Inactive","","","","","–xxxx ?","New York","https://en.wikipedia.org/wiki/New_York_(state)","Upsilon Eta"
"","1977","East Central University","https://en.wikipedia.org/wiki/East_Central_University","Ada","https://en.wikipedia.org/wiki/Ada,_Oklahoma","Inactive","","","","","–xxxx ?","Oklahoma","https://en.wikipedia.org/wiki/Oklahoma","Phi Eta"
"","","","","","","Inactive","","","","","197x ?–xxxx ?","","","Chi Eta"
"Psi Eta","January 7, 1977","University of South Carolina","https://en.wikipedia.org/wiki/University_of_South_Carolina","Columbia","https://en.wikipedia.org/wiki/Columbia_University","Active","","","","","","South Carolina","https://en.wikipedia.org/wiki/South_Carolina",""
"Omega Eta","January 7, 1977","University of Louisiana at Lafayette","https://en.wikipedia.org/wiki/University_of_Louisiana_at_Lafayette","Lafayette","https://en.wikipedia.org/wiki/Lafayette,_Louisiana","Active","66","https://en.wikipedia.org/wiki/List_of_Zeta_Phi_Beta_chapters#cite_note-96","[","]","","Louisiana","https://en.wikipedia.org/wiki/Louisiana",""
"","1977","Valdosta State University","https://en.wikipedia.org/wiki/Valdosta_State_University","Valdosta","https://en.wikipedia.org/wiki/Valdosta,_Georgia","Inactive","15","https://en.wikipedia.org/wiki/List_of_Zeta_Phi_Beta_chapters#cite_note-:7-19","[","]","–20xx ?","Georgia","https://en.wikipedia.org/wiki/Georgia_(U.S._state)","Alpha Theta"
"Beta Theta","February 3, 1977","University of Louisiana at Monroe","https://en.wikipedia.org/wiki/University_of_Louisiana_at_Monroe","Monroe","https://en.wikipedia.org/wiki/Monroe,_Louisiana","Active","","","","","","Louisiana","https://en.wikipedia.org/wiki/Louisiana",""
"Gamma Theta","1977","University of Alabama at Birmingham","https://en.wikipedia.org/wiki/University_of_Alabama_at_Birmingham","Birmingham","https://en.wikipedia.org/wiki/Birmingham,_Alabama","Active","","","","","","Alabama","https://en.wikipedia.org/wiki/Alabama",""
"Delta Theta","June 12, 1977","University of Louisville","https://en.wikipedia.org/wiki/University_of_Louisville","Louisville","https://en.wikipedia.org/wiki/Louisville,_Kentucky","Active","","","","","","Kentucky","https://en.wikipedia.org/wiki/Kentucky",""
"Epsilon Theta","1977","Mississippi State University","https://en.wikipedia.org/wiki/Mississippi_State_University","Mississippi State","https://en.wikipedia.org/wiki/Mississippi_State,_Mississippi","Active","","","","","","Mississippi","https://en.wikipedia.org/wiki/Mississippi",""
"","","","","","","Inactive","","","","","197x ?–xxxx ?","","","Zeta Theta"
"Eta Theta","1977","Virginia Commonwealth University","https://en.wikipedia.org/wiki/Virginia_Commonwealth_University","Richmond","https://en.wikipedia.org/wiki/Richmond,_Virginia","Active","","","","","","Virginia","https://en.wikipedia.org/wiki/Virginia",""
"Theta Theta","March 22, 1977","Winthrop University","https://en.wikipedia.org/wiki/Winthrop_University","Rock Hill","https://en.wikipedia.org/wiki/Rock_Hill,_South_Carolina","Active","67","https://en.wikipedia.org/wiki/List_of_Zeta_Phi_Beta_chapters#cite_note-98","[","]","","South Carolina","https://en.wikipedia.org/wiki/South_Carolina",""
"Iota Theta","1975","Indiana State University","https://en.wikipedia.org/wiki/Indiana_State_University","Terre Haute","https://en.wikipedia.org/wiki/Terre_Haute,_Indiana","Active","","","","","","Indiana","https://en.wikipedia.org/wiki/Indiana",""
"","1976","Ferris State University","https://en.wikipedia.org/wiki/Ferris_State_University","Big Rapids","https://en.wikipedia.org/wiki/Big_Rapids,_Michigan","Inactive","16","https://en.wikipedia.org/wiki/List_of_Zeta_Phi_Beta_chapters#cite_note-:0-21","[","]","–xxxx ?","Michigan","https://en.wikipedia.org/wiki/Michigan","Kappa Theta"
"Lambda Theta","1977","University of Southern Mississippi","https://en.wikipedia.org/wiki/University_of_Southern_Mississippi","Hattiesburg","https://en.wikipedia.org/wiki/Hattiesburg,_Mississippi","Active","","","","","","Mississippi","https://en.wikipedia.org/wiki/Mississippi",""
"Mu Theta","September 17, 1977","Middle Tennessee State University","https://en.wikipedia.org/wiki/Middle_Tennessee_State_University","Murfreesboro","https://en.wikipedia.org/wiki/Murfreesboro,_Tennessee","Active","68","https://en.wikipedia.org/wiki/List_of_Zeta_Phi_Beta_chapters#cite_note-99","[","]","","Tennessee","https://en.wikipedia.org/wiki/Tennessee",""
"Nu Theta","1978","University of Connecticut","https://en.wikipedia.org/wiki/University_of_Connecticut","Wilmington","https://en.wikipedia.org/wiki/Willington,_Connecticut","Active","69","https://en.wikipedia.org/wiki/List_of_Zeta_Phi_Beta_chapters#cite_note-100","[","]","–xxxx ?, 2009","Connecticut","https://en.wikipedia.org/wiki/Connecticut",""
"Xi Theta","1978","University of Arkansas at Little Rock","https://en.wikipedia.org/wiki/University_of_Arkansas_at_Little_Rock","Little Rock","https://en.wikipedia.org/wiki/Little_Rock,_Arkansas","Active","","","","","","Arkansas","https://en.wikipedia.org/wiki/Arkansas",""
"Omicron Theta","February 18, 1978","University of Texas at Austin","https://en.wikipedia.org/wiki/University_of_Texas_at_Austin","Austin","https://en.wikipedia.org/wiki/Austin,_Texas","Active","","","","","","Texas","https://en.wikipedia.org/wiki/Texas",""
"Pi Theta","December 10, 1977","Morris College","https://en.wikipedia.org/wiki/Morris_College","Sumter","https://en.wikipedia.org/wiki/Sumter,_South_Carolina","Active","","","","","","South Carolina","https://en.wikipedia.org/wiki/South_Carolina",""
"Rho Theta","December 21, 1977","Rowan University","https://en.wikipedia.org/wiki/Rowan_University","Glassboro","https://en.wikipedia.org/wiki/Glassboro,_New_Jersey","Active","70","https://en.wikipedia.org/wiki/List_of_Zeta_Phi_Beta_chapters#cite_note-101","[","]","","New Jersey","https://en.wikipedia.org/wiki/New_Jersey",""
"Tau Xi","1977","University of West Alabama","https://en.wikipedia.org/wiki/University_of_West_Alabama","Livingston","https://en.wikipedia.org/wiki/Livingston,_Alabama","Inactive","16","https://en.wikipedia.org/wiki/List_of_Zeta_Phi_Beta_chapters#cite_note-:0-21","[","]","–xxxx ?","Alabama","https://en.wikipedia.org/wiki/Alabama","Sigma Theta"
"Tau Theta","April 2, 1978","University of Virginia","https://en.wikipedia.org/wiki/University_of_Virginia","Charlottesville","https://en.wikipedia.org/wiki/Charlottesville,_Virginia","Active","","","","","","Virginia","https://en.wikipedia.org/wiki/Virginia",""
"","","","","","","Inactive","","","","","197x ?–xxxx ?","","","Upsilon Theta"
"Phi Theta","April 4, 1978","University of Arkansas","https://en.wikipedia.org/wiki/University_of_Arkansas","Fayetteville","https://en.wikipedia.org/wiki/Fayetteville,_Arkansas","Active","72","https://en.wikipedia.org/wiki/List_of_Zeta_Phi_Beta_chapters#cite_note-104","[","]","","Arkansas","https://en.wikipedia.org/wiki/Arkansas",""
"Chi Theta","February 3, 1979","University of Delaware","https://en.wikipedia.org/wiki/University_of_Delaware","Newark","https://en.wikipedia.org/wiki/Newark,_Delaware","Active","73","https://en.wikipedia.org/wiki/List_of_Zeta_Phi_Beta_chapters#cite_note-105","[","]","","Delaware","https://en.wikipedia.org/wiki/Delaware",""
"Psi Theta","April 15, 1978","Cleveland State University","https://en.wikipedia.org/wiki/Cleveland_State_University","Cleveland","https://en.wikipedia.org/wiki/Cleveland","Active","","","","","","Ohio","https://en.wikipedia.org/wiki/Ohio",""
"Omega Theta","February 25, 1979","University of Kansas","https://en.wikipedia.org/wiki/University_of_Kansas","Lawrence","https://en.wikipedia.org/wiki/Lawrence,_Kansas","Active","74","https://en.wikipedia.org/wiki/List_of_Zeta_Phi_Beta_chapters#cite_note-106","[","]","","Kansas","https://en.wikipedia.org/wiki/Kansas","(see Beta Beta first)"
"Alpha Iota","October 5, 1985","California State University, Fresno","https://en.wikipedia.org/wiki/California_State_University,_Fresno","Fresno","https://en.wikipedia.org/wiki/Fresno,_California","Active","75","https://en.wikipedia.org/wiki/List_of_Zeta_Phi_Beta_chapters#cite_note-107","[","]","","California","https://en.wikipedia.org/wiki/California",""
"Beta Iota","January 13, 1979","Spelman College","https://en.wikipedia.org/wiki/Spelman_College","Atlanta","https://en.wikipedia.org/wiki/Atlanta","Active","77","https://en.wikipedia.org/wiki/List_of_Zeta_Phi_Beta_chapters#cite_note-109","[","]","– 1983, 1993","Georgia","https://en.wikipedia.org/wiki/Georgia_(U.S._state)",""
"","","Bucknell University","https://en.wikipedia.org/wiki/Bucknell_University","Lewisburg, Pennsylvania","https://en.wikipedia.org/wiki/Lewisburg,_Pennsylvania","Inactive","","","","","197x ?–xxxx ?","Pennsylvania","https://en.wikipedia.org/wiki/Pennsylvania","Gamma Iota"
"Delta Iota","November 25, 1978","University of Tennessee at Martin","https://en.wikipedia.org/wiki/University_of_Tennessee_at_Martin","Martin","https://en.wikipedia.org/wiki/Martin,_Tennessee","Active","78","https://en.wikipedia.org/wiki/List_of_Zeta_Phi_Beta_chapters#cite_note-110","[","]","","Tennessee","https://en.wikipedia.org/wiki/Tennessee",""
"","","Lewis University","https://en.wikipedia.org/wiki/Lewis_University","Romeoville","https://en.wikipedia.org/wiki/Romeoville,_Illinois","Inactive","","","","","197x ?–xxxx ?","Illinois","https://en.wikipedia.org/wiki/Illinois","Epsilon Iota"
"Zeta Iota","April 21, 1979","State University of New York at Geneseo","https://en.wikipedia.org/wiki/State_University_of_New_York_at_Geneseo","Geneseo","https://en.wikipedia.org/wiki/Geneseo,_New_York","Active","","","","","","New York","https://en.wikipedia.org/wiki/New_York_(state)",""
"Eta Iota","1979","University of Wisconsin–Madison","https://en.wikipedia.org/wiki/University_of_Wisconsin%E2%80%93Madison","Madison","https://en.wikipedia.org/wiki/Madison,_Wisconsin","Active","79","https://en.wikipedia.org/wiki/List_of_Zeta_Phi_Beta_chapters#cite_note-111","[","]","","Wisconsin","https://en.wikipedia.org/wiki/Wisconsin",""
"Theta Iota","January 1979","University of Northern Colorado","https://en.wikipedia.org/wiki/University_of_Northern_Colorado","Greeley","https://en.wikipedia.org/wiki/Greeley,_Colorado","Active","80","https://en.wikipedia.org/wiki/List_of_Zeta_Phi_Beta_chapters#cite_note-112","[","]","","Colorado","https://en.wikipedia.org/wiki/Colorado",""
"Kappa Iota","September 19, 1979","Arizona State University","https://en.wikipedia.org/wiki/Arizona_State_University","Tempe","https://en.wikipedia.org/wiki/Tempe,_Arizona","Active","81","https://en.wikipedia.org/wiki/List_of_Zeta_Phi_Beta_chapters#cite_note-113","[","]","","Arizona","https://en.wikipedia.org/wiki/Arizona",""
"Lambda Iota","May 11, 1979","Frostburg State University","https://en.wikipedia.org/wiki/Frostburg_State_University","Frostburg","https://en.wikipedia.org/wiki/Frostburg,_Maryland","Active","82","https://en.wikipedia.org/wiki/List_of_Zeta_Phi_Beta_chapters#cite_note-114","[","]","","Maryland","https://en.wikipedia.org/wiki/Maryland",""
"Mu Iota","May 19, 1979","University of Pennsylvania","https://en.wikipedia.org/wiki/University_of_Pennsylvania","Philadelphia","https://en.wikipedia.org/wiki/Philadelphia","Active","83","https://en.wikipedia.org/wiki/List_of_Zeta_Phi_Beta_chapters#cite_note-115","[","]","","Pennsylvania","https://en.wikipedia.org/wiki/Pennsylvania",""
"Nu Iota","1979","Baylor University","https://en.wikipedia.org/wiki/Baylor_University","Waco","https://en.wikipedia.org/wiki/Waco,_Texas","Active","","","","","","Texas","https://en.wikipedia.org/wiki/Texas",""
"Xi Iota","September 22, 1979","Montclair State University","https://en.wikipedia.org/wiki/Montclair_State_University","Montclair","https://en.wikipedia.org/wiki/Montclair,_New_Jersey","Active","84","https://en.wikipedia.org/wiki/List_of_Zeta_Phi_Beta_chapters#cite_note-116","[","]","","New Jersey","https://en.wikipedia.org/wiki/New_Jersey",""
"Omicron Iota","November 19, 1979","University of Central Missouri","https://en.wikipedia.org/wiki/University_of_Central_Missouri","Warrensburg","https://en.wikipedia.org/wiki/Warrensburg,_Missouri","Active","","","","","","Missiouri","https://en.wikipedia.org/wiki/Missouri",""
"Pi Iota","December 8, 1979","Syracuse University","https://en.wikipedia.org/wiki/Syracuse_University","Syracuse","https://en.wikipedia.org/wiki/Syracuse,_New_York","Active","","","","","","New York","https://en.wikipedia.org/wiki/New_York_(state)",""
"Iota Omincron","1989","Tulane University","https://en.wikipedia.org/wiki/Tulane_University","New Orleans","https://en.wikipedia.org/wiki/New_Orleans","Merged","","","","","–19xx ?","Louisiana","https://en.wikipedia.org/wiki/Louisiana","Rho Iota (see"
"","","","","","","Inactive","","","","","19xx ?–xxxx ?","","","Sigma Iota"
"","1980","University of Texas at El Paso","https://en.wikipedia.org/wiki/University_of_Texas_at_El_Paso","El Paso","https://en.wikipedia.org/wiki/El_Paso,_Texas","Inactive","","","","","–xxxx ?","Texas","https://en.wikipedia.org/wiki/Texas","Tau Iota"
"Upsilon Iota","January 5, 1980","University of New Orleans","https://en.wikipedia.org/wiki/University_of_New_Orleans","New Orleans","https://en.wikipedia.org/wiki/New_Orleans","Active","85","https://en.wikipedia.org/wiki/List_of_Zeta_Phi_Beta_chapters#cite_note-117","[","]","– xxxx ?;","Louisiana","https://en.wikipedia.org/wiki/Louisiana",""
"Phi Iota","February 1, 1980","University of Nebraska–Lincoln","https://en.wikipedia.org/wiki/University_of_Nebraska%E2%80%93Lincoln","Lincoln","https://en.wikipedia.org/wiki/Lincoln,_Nebraska","Active","86","https://en.wikipedia.org/wiki/List_of_Zeta_Phi_Beta_chapters#cite_note-118","[","]","","Nebraska","https://en.wikipedia.org/wiki/Nebraska",""
"Chi Iota","March 31, 1981","College of Charleston","https://en.wikipedia.org/wiki/College_of_Charleston","Charleston","https://en.wikipedia.org/wiki/Charleston,_South_Carolina","Active","","","","","","South Carolina","https://en.wikipedia.org/wiki/South_Carolina",""
"","","","","","","Inactive","","","","","19xx ?–xxxx ?","","","Psi Iota"
"Omega Iota","November 18, 1978","University of North Carolina at Chapel Hill","https://en.wikipedia.org/wiki/University_of_North_Carolina_at_Chapel_Hill","Chapel Hill","https://en.wikipedia.org/wiki/Chapel_Hill,_North_Carolina","Active","15","https://en.wikipedia.org/wiki/List_of_Zeta_Phi_Beta_chapters#cite_note-:7-19","[","]","–20xx ?March 2025","North Carolina","https://en.wikipedia.org/wiki/North_Carolina",""
"","","Pittsburg State University","https://en.wikipedia.org/wiki/Pittsburg_State_University","Pittsburg, Kansas","https://en.wikipedia.org/wiki/Pittsburg,_Kansas","Inactive","","","","","19xx ?–xxxx ?","Kansas","https://en.wikipedia.org/wiki/Kansas","Alpha Kappa (see Rho second)"
"","","","","","","Inactive","","","","","19xx ?–xxxx ?","","","Beta Kappa"
"Gamma Kappa","May 17, 1980","Rutgers University–New Brunswick","https://en.wikipedia.org/wiki/Rutgers_University%E2%80%93New_Brunswick","New Brunswick","https://en.wikipedia.org/wiki/New_Brunswick,_New_Jersey","Active","87","https://en.wikipedia.org/wiki/List_of_Zeta_Phi_Beta_chapters#cite_note-120","[","]","","Piscataway","https://en.wikipedia.org/wiki/Piscataway,_New_Jersey","and"
"Delta Kappa","October 9, 1979","Southern Illinois University Edwardsville","https://en.wikipedia.org/wiki/Southern_Illinois_University_Edwardsville","Edwardsville","https://en.wikipedia.org/wiki/Edwardsville,_Illinois","Active","88","https://en.wikipedia.org/wiki/List_of_Zeta_Phi_Beta_chapters#cite_note-121","[","]","","Illinois","https://en.wikipedia.org/wiki/Illinois",""
"Epsilon Kappa","April 27, 1980","Purdue University","https://en.wikipedia.org/wiki/Purdue_University","West Lafayette","https://en.wikipedia.org/wiki/West_Lafayette,_Indiana","Active","89","https://en.wikipedia.org/wiki/List_of_Zeta_Phi_Beta_chapters#cite_note-122","[","]","","Indiana","https://en.wikipedia.org/wiki/Indiana",""
"Zeta Kappa","March 1, 1980","LIU Post","https://en.wikipedia.org/wiki/LIU_Post","Brookville","https://en.wikipedia.org/wiki/Brookville,_New_York","Active","90","https://en.wikipedia.org/wiki/List_of_Zeta_Phi_Beta_chapters#cite_note-123","[","]","","New York","https://en.wikipedia.org/wiki/New_York_(state)",""
"Eta Kappa","May 10, 1980","State University of New York at Old Westbury","https://en.wikipedia.org/wiki/State_University_of_New_York_at_Old_Westbury","Long Island","https://en.wikipedia.org/wiki/Long_Island","Active","","","","","","New York","https://en.wikipedia.org/wiki/New_York_(state)",""
"Theta Kappa","1984","Stony Brook University","https://en.wikipedia.org/wiki/Stony_Brook_University","Stony Brook","https://en.wikipedia.org/wiki/Stony_Brook,_New_York","Active","","","","","","New York","https://en.wikipedia.org/wiki/New_York_(state)",""
"","","","","","","Inactive","","","","","198x ?–xxxx ?","","","Iota Kappa"
"","","","","","","Inactive","","","","","198x ?–xxxx ?","","","Kappa Kappa"
"","","","","","","Inactive","","","","","198x ?–xxxx ?","","","Lambda Kappa"
"","May 3, 1980","Indiana University of Pennsylvania","https://en.wikipedia.org/wiki/Indiana_University_of_Pennsylvania","Indiana","https://en.wikipedia.org/wiki/Indiana,_Pennsylvania","Active","","","","","– 2025","Pennsylvania","https://en.wikipedia.org/wiki/Pennsylvania","Mu Kappa"
"","","","","","","Inactive","","","","","198x ?–xxxx ?","","","Nu Kappa"
"Xi Kappa","October 18, 1980","San Diego State University","https://en.wikipedia.org/wiki/San_Diego_State_University","San Diego","https://en.wikipedia.org/wiki/San_Diego","Active","91","https://en.wikipedia.org/wiki/List_of_Zeta_Phi_Beta_chapters#cite_note-124","[","]","","California","https://en.wikipedia.org/wiki/California",""
"","1978","Western Illinois University","https://en.wikipedia.org/wiki/Western_Illinois_University","Macomb","https://en.wikipedia.org/wiki/Macomb,_Illinois","Inactive","15","https://en.wikipedia.org/wiki/List_of_Zeta_Phi_Beta_chapters#cite_note-:7-19","[","]","–20xx ?","Illinois","https://en.wikipedia.org/wiki/Illinois","Omicron Kappa"
"","December 2, 1980","University of Iowa","https://en.wikipedia.org/wiki/University_of_Iowa","Iowa City","https://en.wikipedia.org/wiki/Iowa_City,_Iowa","Inactive","","","","","– 2018 ?","Iowa","https://en.wikipedia.org/wiki/Iowa","Pi Kappa"
"Rho Kappa","1981","Florida State University","https://en.wikipedia.org/wiki/Florida_State_University","Tallahassee","https://en.wikipedia.org/wiki/Tallahassee,_Florida","Active","","","","","","Florida","https://en.wikipedia.org/wiki/Florida",""
"Sigma Kappa","March 29, 1980","Central Michigan University","https://en.wikipedia.org/wiki/Central_Michigan_University","Mount Pleasant","https://en.wikipedia.org/wiki/Mount_Pleasant,_Michigan","Active","","","","","","Michigan","https://en.wikipedia.org/wiki/Michigan",""
"","","Colorado","https://en.wikipedia.org/wiki/Colorado","","","Inactive","","","","","198x ?–xxxx ?","","","Tau Kappa"
"Upsilon Kappa","April 1, 1978","California State University, Fullerton","https://en.wikipedia.org/wiki/California_State_University,_Fullerton","Fullerton","https://en.wikipedia.org/wiki/Fullerton,_California","Active","92","https://en.wikipedia.org/wiki/List_of_Zeta_Phi_Beta_chapters#cite_note-125","[","]","","California","https://en.wikipedia.org/wiki/California",""
"","","","","","","Inactive","","","","","198x ?–xxxx ?","","","Phi Kappa"
"Chi Kappa","March 31, 1981","University of Missouri","https://en.wikipedia.org/wiki/University_of_Missouri","Columbia","https://en.wikipedia.org/wiki/Columbia,_Missouri","Active","","","","","","Missouri","https://en.wikipedia.org/wiki/Missouri",""
"Psi Kappa","1995","Delta State University","https://en.wikipedia.org/wiki/Delta_State_University","Cleveland","https://en.wikipedia.org/wiki/Cleveland,_Mississippi","Active","93","https://en.wikipedia.org/wiki/List_of_Zeta_Phi_Beta_chapters#cite_note-126","[","]","","Mississippi","https://en.wikipedia.org/wiki/Mississippi",""
"Omega Kappa","March 31, 1981","California State University, Northridge","https://en.wikipedia.org/wiki/California_State_University,_Northridge","Los Angeles","https://en.wikipedia.org/wiki/Los_Angeles","Active","","","","","","California","https://en.wikipedia.org/wiki/California",""
"","1981","Adelphi University","https://en.wikipedia.org/wiki/Adelphi_University","Garden City","https://en.wikipedia.org/wiki/Garden_City,_New_York","Inactive","94","https://en.wikipedia.org/wiki/List_of_Zeta_Phi_Beta_chapters#cite_note-:34-127","[","]","–xxxx ?","New York","https://en.wikipedia.org/wiki/New_York_(state)","Alpha Lambda"
"Beta Lambda","April 18, 1981","University of Houston–Downtown","https://en.wikipedia.org/wiki/University_of_Houston%E2%80%93Downtown","Houston","https://en.wikipedia.org/wiki/Houston","Active","95","https://en.wikipedia.org/wiki/List_of_Zeta_Phi_Beta_chapters#cite_note-129","[","]","","Texas","https://en.wikipedia.org/wiki/Texas",""
"Gamma Lambda","1981","University of Southern California","https://en.wikipedia.org/wiki/University_of_Southern_California","Los Angeles","https://en.wikipedia.org/wiki/Los_Angeles","Active","","","","","","California","https://en.wikipedia.org/wiki/California",""
"Delta Lambda","February 26, 1972","University of South Alabama","https://en.wikipedia.org/wiki/University_of_South_Alabama","Mobile","https://en.wikipedia.org/wiki/Mobile,_Alabama","Active","","","","","","Alabama","https://en.wikipedia.org/wiki/Alabama",""
"Epsilon Lambda","1975","Louisiana Tech University","https://en.wikipedia.org/wiki/Louisiana_Tech_University","Ruston","https://en.wikipedia.org/wiki/Ruston,_Louisiana","Active","97","https://en.wikipedia.org/wiki/List_of_Zeta_Phi_Beta_chapters#cite_note-131","[","]","","Louisiana","https://en.wikipedia.org/wiki/Louisiana",""
"Zeta Lambda","1981","Kean University","https://en.wikipedia.org/wiki/Kean_University","Plainfield","https://en.wikipedia.org/wiki/Plainfield,_New_Jersey","Active","","","","","","New Jersey","https://en.wikipedia.org/wiki/New_Jersey",""
"Eta Lambda","1981","Southeastern Louisiana University","https://en.wikipedia.org/wiki/Southeastern_Louisiana_University","Hammond","https://en.wikipedia.org/wiki/Hammond,_Louisiana","Active","","","","","","Louisiana","https://en.wikipedia.org/wiki/Louisiana",""
"Theta Lambda","October 20, 1981","West Chester University","https://en.wikipedia.org/wiki/West_Chester_University","Chester","https://en.wikipedia.org/wiki/Chester,_Pennsylvania","Active","98","https://en.wikipedia.org/wiki/List_of_Zeta_Phi_Beta_chapters#cite_note-:37-132","[","]","","Pennsylvania","https://en.wikipedia.org/wiki/Pennsylvania",""
"","1981","Charleston Southern University","https://en.wikipedia.org/wiki/Charleston_Southern_University","North Charleston","https://en.wikipedia.org/wiki/North_Charleston,_South_Carolina","Inactive","","","","","–20xx ?","South Carolina","https://en.wikipedia.org/wiki/South_Carolina","Iota Lambda"
"Kappa Lambda","1982","University of Tampa","https://en.wikipedia.org/wiki/University_of_Tampa","Tampa","https://en.wikipedia.org/wiki/Tampa,_Florida","Active","","","","","","Florida","https://en.wikipedia.org/wiki/Florida",""
"Lambda Lambda","1981","University of Wisconsin–Milwaukee","https://en.wikipedia.org/wiki/University_of_Wisconsin%E2%80%93Milwaukee","Marquette University","https://en.wikipedia.org/wiki/Marquette_University","Active","","","","","","Milwaukee","https://en.wikipedia.org/wiki/Milwaukee",""
"Mu Lambda","November 20, 1982","Eastern Kentucky University","https://en.wikipedia.org/wiki/Eastern_Kentucky_University","Richmond","https://en.wikipedia.org/wiki/Richmond,_Kentucky","Active","","","","","","Kentucky","https://en.wikipedia.org/wiki/Kentucky",""
"Nu Lambda","January 23, 1982","University of California, Los Angeles","https://en.wikipedia.org/wiki/University_of_California,_Los_Angeles","Los Angeles","https://en.wikipedia.org/wiki/Los_Angeles","Active","99","https://en.wikipedia.org/wiki/List_of_Zeta_Phi_Beta_chapters#cite_note-133","[","]","","California","https://en.wikipedia.org/wiki/California",""
"Xi Lambda","April 10, 1982","College of William & Mary","https://en.wikipedia.org/wiki/College_of_William_%26_Mary","Williamsburg","https://en.wikipedia.org/wiki/Williamsburg,_Virginia","Active","100","https://en.wikipedia.org/wiki/List_of_Zeta_Phi_Beta_chapters#cite_note-134","[","]","","Virginia","https://en.wikipedia.org/wiki/Virginia",""
"","","","","","","Inactive","","","","","198x ?–xxxx ?","","","Omicron Lambda"
"Pi Lambda","March 4, 1982","University of North Carolina at Pembroke","https://en.wikipedia.org/wiki/University_of_North_Carolina_at_Pembroke","Pembroke","https://en.wikipedia.org/wiki/Pembroke,_North_Carolina","Active","101","https://en.wikipedia.org/wiki/List_of_Zeta_Phi_Beta_chapters#cite_note-135","[","]","","North Carolina","https://en.wikipedia.org/wiki/North_Carolina",""
"Rho Lambda","1982","Auburn University at Montgomery","https://en.wikipedia.org/wiki/Auburn_University_at_Montgomery","Montgomery","https://en.wikipedia.org/wiki/Montgomery,_Alabama","Active","","","","","","Alabama","https://en.wikipedia.org/wiki/Alabama",""
"Saint Paul's College","","","https://en.wikipedia.org/wiki/Saint_Paul%27s_College_(Virginia)","Lawrenceville","https://en.wikipedia.org/wiki/Lawrenceville,_Virginia","Inactive","ai","https://en.wikipedia.org/wiki/List_of_Zeta_Phi_Beta_chapters#cite_note-136","[","]","198x ?–xxxx ?","Virginia","https://en.wikipedia.org/wiki/Virginia","Sigma Lamba"
"Tau Lambda","May 22, 1982","Radford University","https://en.wikipedia.org/wiki/Radford_University","Radford","https://en.wikipedia.org/wiki/Radford,_Virginia","Active","","","","","","Virginia","https://en.wikipedia.org/wiki/Virginia",""
"","1982","Virginia Tech","https://en.wikipedia.org/wiki/Virginia_Tech","Blacksburg","https://en.wikipedia.org/wiki/Blacksburg,_Virginia","Inactive","15","https://en.wikipedia.org/wiki/List_of_Zeta_Phi_Beta_chapters#cite_note-:7-19","[","]","–20xx ?","Virginia","https://en.wikipedia.org/wiki/Virginia","Upsilon Lambda"
"Phi Lambda","","Texas A&M University–Corpus Christi","https://en.wikipedia.org/wiki/Texas_A%26M_University%E2%80%93Corpus_Christi","Corpus Christi","https://en.wikipedia.org/wiki/Corpus_Christi,_Texas","Active","102","https://en.wikipedia.org/wiki/List_of_Zeta_Phi_Beta_chapters#cite_note-138","[","]","198x ?–xxxx ?","Texas","https://en.wikipedia.org/wiki/Texas",""
"Chi Lambda","1983","University of Rochester","https://en.wikipedia.org/wiki/University_of_Rochester","Rochester Institute of Technology","https://en.wikipedia.org/wiki/Rochester_Institute_of_Technology","Active","103","https://en.wikipedia.org/wiki/List_of_Zeta_Phi_Beta_chapters#cite_note-:17-139","[","]","New York","SUNY Brockport","https://en.wikipedia.org/wiki/SUNY_Brockport",""
"Psi Lambda","1983","Rutgers University–Newark","https://en.wikipedia.org/wiki/Rutgers_University%E2%80%93Newark","New Jersey Institute of Technology","https://en.wikipedia.org/wiki/New_Jersey_Institute_of_Technology","Active","104","https://en.wikipedia.org/wiki/List_of_Zeta_Phi_Beta_chapters#cite_note-:14-140","[","]","","Newark","https://en.wikipedia.org/wiki/Newark,_New_Jersey",""
"","","Westchester County","https://en.wikipedia.org/wiki/Westchester_County,_New_York","New York","https://en.wikipedia.org/wiki/New_York_(state)","Inactive","","","","","198x ?–xxxx ?","","","Omega Lambda"
"Alpha Mu","August 23, 1982","Christian Brothers University","https://en.wikipedia.org/wiki/Christian_Brothers_University","Memphis","https://en.wikipedia.org/wiki/Memphis,_Tennessee","Active","30","https://en.wikipedia.org/wiki/List_of_Zeta_Phi_Beta_chapters#cite_note-:18-45","[","]","– xxxx ?; January 22, 2010","Tennessee","https://en.wikipedia.org/wiki/Tennessee",""
"","","Fairleigh Dickinson University","https://en.wikipedia.org/wiki/Fairleigh_Dickinson_University","Teaneck","https://en.wikipedia.org/wiki/Teaneck,_New_Jersey","Inactive","15","https://en.wikipedia.org/wiki/List_of_Zeta_Phi_Beta_chapters#cite_note-:7-19","[","]","198x ?–20xx ?","New Jersey","https://en.wikipedia.org/wiki/New_Jersey","Beta Nu"
"","","","","","","Inactive","","","","","198x ?–xxxx ?","","","Gamma Mu"
"Delta Mu","November 13, 1982","Lander University","https://en.wikipedia.org/wiki/Lander_University","Greenwood","https://en.wikipedia.org/wiki/Greenwood,_South_Carolina","Active","106","https://en.wikipedia.org/wiki/List_of_Zeta_Phi_Beta_chapters#cite_note-142","[","]","","South Carolina","https://en.wikipedia.org/wiki/South_Carolina",""
"Epsilon Mu","December 4, 1982","Kansas State University","https://en.wikipedia.org/wiki/Kansas_State_University","Manhattan","https://en.wikipedia.org/wiki/Manhattan,_Kansas","Active","","","","","","Kansas","https://en.wikipedia.org/wiki/Kansas",""
"","1982","Troy University","https://en.wikipedia.org/wiki/Troy_University","Troy","https://en.wikipedia.org/wiki/Troy,_Alabama","Inactive","15","https://en.wikipedia.org/wiki/List_of_Zeta_Phi_Beta_chapters#cite_note-:7-19","[","]","–201x ?","Alabama","https://en.wikipedia.org/wiki/Alabama","Zeta Mu"
"","","","","","","Inactive","","","","","198x ?–xxxx ?","","","Eta Mu"
"Theta Mu","March 18, 1984","Oklahoma State University–Oklahoma City","https://en.wikipedia.org/wiki/Oklahoma_State_University%E2%80%93Oklahoma_City","Oklahoma City","https://en.wikipedia.org/wiki/Oklahoma_City","Active","107","https://en.wikipedia.org/wiki/List_of_Zeta_Phi_Beta_chapters#cite_note-:4-143","[","]","","Oklahoma","https://en.wikipedia.org/wiki/Oklahoma",""
"Iota Mu","April 23, 1983","University of Kentucky","https://en.wikipedia.org/wiki/University_of_Kentucky","Lexington","https://en.wikipedia.org/wiki/Lexington,_Kentucky","Active","","","","","","Kentucky","https://en.wikipedia.org/wiki/Kentucky",""
"","1983","Peru State College","https://en.wikipedia.org/wiki/Peru_State_College","Peru","https://en.wikipedia.org/wiki/Peru,_Nebraska","Inactive","","","","","–xxxx ?","Nebraska","https://en.wikipedia.org/wiki/Nebraska","Kappa Mu"
"","1923","East Carolina University","https://en.wikipedia.org/wiki/East_Carolina_University","Greenville","https://en.wikipedia.org/wiki/Greenville,_North_Carolina","Inactive","15","https://en.wikipedia.org/wiki/List_of_Zeta_Phi_Beta_chapters#cite_note-:7-19","[","]","–201x ?","North Carolina","https://en.wikipedia.org/wiki/North_Carolina","Lambda Mu prime"
"Mu Mu","1983","Georgia Southwestern State University","https://en.wikipedia.org/wiki/Georgia_Southwestern_State_University","Americus","https://en.wikipedia.org/wiki/Americus,_Georgia","Active","","","","","","Georgia","https://en.wikipedia.org/wiki/Georgia_(U.S._state)",""
"Nu Mu","June 30, 1983","San Francisco State University","https://en.wikipedia.org/wiki/San_Francisco_State_University","San Francisco","https://en.wikipedia.org/wiki/San_Francisco","Active","108","https://en.wikipedia.org/wiki/List_of_Zeta_Phi_Beta_chapters#cite_note-145","[","]","","California","https://en.wikipedia.org/wiki/California",""
"","","","","","","Inactive","","","","","198x ?–xxxx ?","","","Xi Mu"
"Omicron Mu","1983","University at Buffalo","https://en.wikipedia.org/wiki/University_at_Buffalo","Buffalo State University","https://en.wikipedia.org/wiki/Buffalo_State_University","Active","109","https://en.wikipedia.org/wiki/List_of_Zeta_Phi_Beta_chapters#cite_note-147","[","]","","Buffalo","https://en.wikipedia.org/wiki/Buffalo,_New_York",""
"Pi Mu","November 16, 1983","Millersville","https://en.wikipedia.org/wiki/Millersville,_Pennsylvania","Pennsylvania","https://en.wikipedia.org/wiki/Pennsylvania","Active","110","https://en.wikipedia.org/wiki/List_of_Zeta_Phi_Beta_chapters#cite_note-148","[","]","","","",""
"","October 22, 1983","Cornell University","https://en.wikipedia.org/wiki/Cornell_University","Ithaca","https://en.wikipedia.org/wiki/Ithaca,_New_York","Inactive","","","","","– 200x ?","New York","https://en.wikipedia.org/wiki/New_York_(state)","Rho Mu"
"Sigma Mu","October 5, 1983","Mississippi University for Women","https://en.wikipedia.org/wiki/Mississippi_University_for_Women","Columbus","https://en.wikipedia.org/wiki/Columbus,_Mississippi","Active","111","https://en.wikipedia.org/wiki/List_of_Zeta_Phi_Beta_chapters#cite_note-149","[","]","","Mississippi","https://en.wikipedia.org/wiki/Mississippi",""
"Tau Mu","1984","California State University, East Bay","https://en.wikipedia.org/wiki/California_State_University,_East_Bay","Hayward","https://en.wikipedia.org/wiki/Hayward,_California","Active","","","","","","California","https://en.wikipedia.org/wiki/California",""
"Upsilon Mu","February 25, 1984","Towson University","https://en.wikipedia.org/wiki/Towson_University","Towson","https://en.wikipedia.org/wiki/Towson,_Maryland","Active","112","https://en.wikipedia.org/wiki/List_of_Zeta_Phi_Beta_chapters#cite_note-150","[","]","","Maryland","https://en.wikipedia.org/wiki/Maryland",""
"Phi Mu","April 26, 1984","Stockton University","https://en.wikipedia.org/wiki/Stockton_University","Galloway Township","https://en.wikipedia.org/wiki/Galloway_Township,_New_Jersey","Active","","","","","","New Jersey","https://en.wikipedia.org/wiki/New_Jersey",""
"Chi Mu","1984","Nicholls State University","https://en.wikipedia.org/wiki/Nicholls_State_University","Thibodaux","https://en.wikipedia.org/wiki/Thibodaux,_Louisiana","Active","","","","","","Louisiana","https://en.wikipedia.org/wiki/Louisiana",""
"Psi Mu","April 24, 1984","San Jose State University","https://en.wikipedia.org/wiki/San_Jose_State_University","San Jose","https://en.wikipedia.org/wiki/San_Jose,_California","Active","113","https://en.wikipedia.org/wiki/List_of_Zeta_Phi_Beta_chapters#cite_note-151","[","]","","California","https://en.wikipedia.org/wiki/California",""
"Omega Mu","May 1984","Mercer University","https://en.wikipedia.org/wiki/Mercer_University","Macon","https://en.wikipedia.org/wiki/Macon,_Georgia","Active","","","","","–xxxx ?; April 17, 2002","Georgia","https://en.wikipedia.org/wiki/Georgia_(U.S._state)",""
"Alpha Nu","October 13, 1985","State University of New York at New Paltz","https://en.wikipedia.org/wiki/State_University_of_New_York_at_New_Paltz","New Paltz","https://en.wikipedia.org/wiki/New_Paltz_(village),_New_York","Active","114","https://en.wikipedia.org/wiki/List_of_Zeta_Phi_Beta_chapters#cite_note-152","[","]","","New York","https://en.wikipedia.org/wiki/New_York_(state)",""
"","1985","Fairleigh Dickinson University","https://en.wikipedia.org/wiki/Fairleigh_Dickinson_University","New Jersey","https://en.wikipedia.org/wiki/New_Jersey","Inactive","","","","","–xxxx ?","","","Beta Nu"
"Gamma Nu","May 28, 1985","Austin Peay State University","https://en.wikipedia.org/wiki/Austin_Peay_State_University","Clarksville","https://en.wikipedia.org/wiki/Clarksville,_Tennessee","Active","115","https://en.wikipedia.org/wiki/List_of_Zeta_Phi_Beta_chapters#cite_note-153","[","]","","Tennessee","https://en.wikipedia.org/wiki/Tennessee",""
"Delta Nu","June 17, 1985","Cleveland","https://en.wikipedia.org/wiki/Cleveland","Ohio","https://en.wikipedia.org/wiki/Ohio","Active","32","https://en.wikipedia.org/wiki/List_of_Zeta_Phi_Beta_chapters#cite_note-:10-47","[","]","","","",""
"Epsilon Nu","1986","State University of New York at Albany","https://en.wikipedia.org/wiki/University_at_Albany,_SUNY","Albany","https://en.wikipedia.org/wiki/Albany,_New_York","Active","","","","","","New York","https://en.wikipedia.org/wiki/New_York_(state)",""
"Zeta Nu","January 26, 1985","University of California, Davis","https://en.wikipedia.org/wiki/University_of_California,_Davis","Davis","https://en.wikipedia.org/wiki/Davis,_California","Active","116","https://en.wikipedia.org/wiki/List_of_Zeta_Phi_Beta_chapters#cite_note-154","[","]","","California","https://en.wikipedia.org/wiki/California",""
"Eta Nu","1986","Clemson University","https://en.wikipedia.org/wiki/Clemson_University","Clemson","https://en.wikipedia.org/wiki/Clemson,_South_Carolina","Active","","","","","","South Carolina","https://en.wikipedia.org/wiki/South_Carolina",""
"Theta Nu","1986","James Madison University","https://en.wikipedia.org/wiki/James_Madison_University","Harrisonburg","https://en.wikipedia.org/wiki/Harrisonburg,_Virginia","Active","117","https://en.wikipedia.org/wiki/List_of_Zeta_Phi_Beta_chapters#cite_note-155","[","]","","Virginia","https://en.wikipedia.org/wiki/Virginia",""
"Iota Nu","March 23, 1986","Arkansas State University","https://en.wikipedia.org/wiki/Arkansas_State_University","Jonesboro","https://en.wikipedia.org/wiki/Jonesboro,_Arkansas","Active","","","","","","Arkansas","https://en.wikipedia.org/wiki/Arkansas",""
"Kappa Nu","March 23, 1986","University of Washington","https://en.wikipedia.org/wiki/University_of_Washington","Seattle","https://en.wikipedia.org/wiki/Seattle","Active","","","","","","Washington","https://en.wikipedia.org/wiki/Washington_(state)",""
"","1986","Georgia State University","https://en.wikipedia.org/wiki/Georgia_State_University","Atlanta","https://en.wikipedia.org/wiki/Atlanta","Inactive","15","https://en.wikipedia.org/wiki/List_of_Zeta_Phi_Beta_chapters#cite_note-:7-19","[","]","–201x ?","Georgia","https://en.wikipedia.org/wiki/Georgia_(U.S._state)","Lambda Nu prime"
"Mu Nu","July 10, 1987","Wichita State University","https://en.wikipedia.org/wiki/Wichita_State_University","Wichita","https://en.wikipedia.org/wiki/Wichita,_Kansas","Active","an","https://en.wikipedia.org/wiki/List_of_Zeta_Phi_Beta_chapters#cite_note-157","[","]","","Kansas","https://en.wikipedia.org/wiki/Kansas","Omicron Alpha)"
"Nu Nu","April 25, 1987","Oakland University","https://en.wikipedia.org/wiki/Oakland_University","Oakland County","https://en.wikipedia.org/wiki/Oakland_County,_Michigan","Active","16","https://en.wikipedia.org/wiki/List_of_Zeta_Phi_Beta_chapters#cite_note-:0-21","[","]","","Michigan","https://en.wikipedia.org/wiki/Michigan",""
"Xi Nu","1987","Francis Marion University","https://en.wikipedia.org/wiki/Francis_Marion_University","Marion","https://en.wikipedia.org/wiki/Marion,_South_Carolina","Active","","","","","","South Carolina","https://en.wikipedia.org/wiki/South_Carolina",""
"Omicron Nu","","University of West Georgia","https://en.wikipedia.org/wiki/University_of_West_Georgia","Carrollton","https://en.wikipedia.org/wiki/Carrollton,_Georgia","Active","118","https://en.wikipedia.org/wiki/List_of_Zeta_Phi_Beta_chapters#cite_note-158","[","]","198x ?","Georgia","https://en.wikipedia.org/wiki/Georgia_(U.S._state)",""
"Pi Nu","1987","University of North Carolina Wilmington","https://en.wikipedia.org/wiki/University_of_North_Carolina_Wilmington","Wilmington","https://en.wikipedia.org/wiki/Wilmington,_North_Carolina","Active","","","","","","North Carolina","https://en.wikipedia.org/wiki/North_Carolina",""
"Rho Nu","November 15, 1987","Old Dominion University","https://en.wikipedia.org/wiki/Old_Dominion_University","Norfolk","https://en.wikipedia.org/wiki/Norfolk,_Virginia","Active","20","https://en.wikipedia.org/wiki/List_of_Zeta_Phi_Beta_chapters#cite_note-:33-27","[","]","","Virginia","https://en.wikipedia.org/wiki/Virginia",""
"Sigma Nu","1988","Johnson & Wales University","https://en.wikipedia.org/wiki/Johnson_%26_Wales_University","Providence","https://en.wikipedia.org/wiki/Providence,_Rhode_Island","Active","","","","","","Rhode Island","https://en.wikipedia.org/wiki/Rhode_Island",""
"Tau Nu","February 25, 1988","Ball State University","https://en.wikipedia.org/wiki/Ball_State_University","Muncie","https://en.wikipedia.org/wiki/Muncie,_Indiana","Active","119","https://en.wikipedia.org/wiki/List_of_Zeta_Phi_Beta_chapters#cite_note-159","[","]","","Indiana","https://en.wikipedia.org/wiki/Indiana",""
"Upsilon Nu","March 19, 1988","Iowa State University","https://en.wikipedia.org/wiki/Iowa_State_University","Ames","https://en.wikipedia.org/wiki/Ames,_Iowa","Active","120","https://en.wikipedia.org/wiki/List_of_Zeta_Phi_Beta_chapters#cite_note-160","[","]","","Iowa","https://en.wikipedia.org/wiki/Iowa",""
"Phi Nu","1988","American Baptist College","https://en.wikipedia.org/wiki/American_Baptist_College","Nashville","https://en.wikipedia.org/wiki/Nashville,_Tennessee","Active","","","","","","Tennessee","https://en.wikipedia.org/wiki/Tennessee",""
"Chi Nu","1988","Jacksonville State University","https://en.wikipedia.org/wiki/Jacksonville_State_University","Jacksonville","https://en.wikipedia.org/wiki/Jacksonville,_Alabama","Active","","","","","","Alabama","https://en.wikipedia.org/wiki/Alabama",""
"","","","","","","Inactive","","","","","198x ?–xxxx ?","","","Psi Nu"
"Omega Nu","1989","University of North Carolina at Greensboro","https://en.wikipedia.org/wiki/University_of_North_Carolina_at_Greensboro","Greensboro","https://en.wikipedia.org/wiki/Greensboro,_North_Carolina","Active","","","","","","North Carolina","https://en.wikipedia.org/wiki/North_Carolina",""
"","","","","","","Inactive","","","","","198x ?–xxxx ?","","","Alpha Xi"
"","","","","","","Inactive","","","","","198x ?–xxxx ?","","","Beta Xi"
"Gamma Xi","1989","Auburn University","https://en.wikipedia.org/wiki/Auburn_University","Auburn","https://en.wikipedia.org/wiki/Auburn,_Alabama","Active","","","","","","Alabama","https://en.wikipedia.org/wiki/Alabama",""
"","October 14, 1989","DeVry University","https://en.wikipedia.org/wiki/DeVry_University","Decatur","https://en.wikipedia.org/wiki/Decatur,_Georgia","Inactive","24","https://en.wikipedia.org/wiki/List_of_Zeta_Phi_Beta_chapters#cite_note-:24-33","[","]","– xxxx ?","Georgia","https://en.wikipedia.org/wiki/Georgia_(U.S._state)","Delta Xi"
"Epsilon Xi","1991","Georgia Southern University","https://en.wikipedia.org/wiki/Georgia_Southern_University","Statesboro","https://en.wikipedia.org/wiki/Statesboro,_Georgia","Active","","","","","","Georgia","https://en.wikipedia.org/wiki/Georgia_(U.S._state)",""
"Zeta Xi","September 27, 1989","Western Carolina University","https://en.wikipedia.org/wiki/Western_Carolina_University","Cullohwee","https://en.wikipedia.org/wiki/Cullowhee,_North_Carolina","Active","121","https://en.wikipedia.org/wiki/List_of_Zeta_Phi_Beta_chapters#cite_note-161","[","]","","North Carolina","https://en.wikipedia.org/wiki/North_Carolina",""
"Eta Xi","1988","Georgia College & State University","https://en.wikipedia.org/wiki/Georgia_College_%26_State_University","Milledgeville","https://en.wikipedia.org/wiki/Milledgeville,_Georgia","Active","","","","","","Georgia","https://en.wikipedia.org/wiki/Georgia_(U.S._state)",""
"Theta Xi","January 12, 1990","University of Detroit Mercy","https://en.wikipedia.org/wiki/University_of_Detroit_Mercy","Marygrove College","https://en.wikipedia.org/wiki/Marygrove_College","Active","16","https://en.wikipedia.org/wiki/List_of_Zeta_Phi_Beta_chapters#cite_note-:0-21","[","]","","Detroit","https://en.wikipedia.org/wiki/Detroit",""
"Iota Xi","1990","Southern Arkansas University","https://en.wikipedia.org/wiki/Southern_Arkansas_University","Magnolia","https://en.wikipedia.org/wiki/Magnolia,_Arkansas","Active","123","https://en.wikipedia.org/wiki/List_of_Zeta_Phi_Beta_chapters#cite_note-163","[","]","","Arkansas","https://en.wikipedia.org/wiki/Arkansas",""
"Kappa Xi","1990","University of Wisconsin–Whitewater","https://en.wikipedia.org/wiki/University_of_Wisconsin%E2%80%93Whitewater","Whitewater","https://en.wikipedia.org/wiki/Whitewater,_Wisconsin","Active","","","","","","Wisconsin","https://en.wikipedia.org/wiki/Wisconsin",""
"","","","","","","Inactive","","","","","199x ?–xxxx ?","","","Lambda Xi"
"Mu Xi","May 5, 1990","North Carolina State University","https://en.wikipedia.org/wiki/North_Carolina_State_University","Raleigh","https://en.wikipedia.org/wiki/Raleigh,_North_Carolina","Active","124","https://en.wikipedia.org/wiki/List_of_Zeta_Phi_Beta_chapters#cite_note-164","[","]","","North Carolina","https://en.wikipedia.org/wiki/North_Carolina",""
"","","","","","","Inactive","","","","","199x ?–xxxx ?","","","Nu Xi"
"","1990","California Polytechnic State University, San Luis Obispo","https://en.wikipedia.org/wiki/California_Polytechnic_State_University,_San_Luis_Obispo","San Luis Obispo","https://en.wikipedia.org/wiki/San_Luis_Obispo,_California","Inactive","","","","","–xxxx ?","California","https://en.wikipedia.org/wiki/California","Xi Xi"
"Omicron Xi","January 8, 1991","Texas State University","https://en.wikipedia.org/wiki/Texas_State_University","San Marcos","https://en.wikipedia.org/wiki/San_Marcos,_Texas","Active","","","","","","Texas","https://en.wikipedia.org/wiki/Texas",""
"Pi Xi","March 30, 1991","University of Arizona","https://en.wikipedia.org/wiki/University_of_Arizona","Tucson","https://en.wikipedia.org/wiki/Tucson,_Arizona","Active","125","https://en.wikipedia.org/wiki/List_of_Zeta_Phi_Beta_chapters#cite_note-165","[","]","","Arizona","https://en.wikipedia.org/wiki/Arizona",""
"","","","","","","Inactive","","","","","199x ?–xxxx ?","","","Rho Xi"
"","","","","","","Inactive","","","","","199x ?–xxxx ?","","","Sigma Xi"
"Tau Xi","1999","University of West Alabama","https://en.wikipedia.org/wiki/University_of_West_Alabama","Livingston","https://en.wikipedia.org/wiki/Livingston,_Alabama","Active","40","https://en.wikipedia.org/wiki/List_of_Zeta_Phi_Beta_chapters#cite_note-:11-66","[","]","","Alabama","https://en.wikipedia.org/wiki/Alabama","Sigma Theta"
"Upsilon Xi","September 28, 1991","University of North Carolina at Charlotte","https://en.wikipedia.org/wiki/University_of_North_Carolina_at_Charlotte","Charlotte","https://en.wikipedia.org/wiki/Charlotte,_North_Carolina","Active","","","","","","North Carolina","https://en.wikipedia.org/wiki/North_Carolina",""
"Phi Xi","March 11, 2001","Christopher Newport University","https://en.wikipedia.org/wiki/Christopher_Newport_University","Newport News","https://en.wikipedia.org/wiki/Newport_News,_Virginia","Active","","","","","– 20xx ?; February 26, 2017","Virginia","https://en.wikipedia.org/wiki/Virginia",""
"","1992","Grand Valley State University","https://en.wikipedia.org/wiki/Grand_Valley_State_University","Allendale","https://en.wikipedia.org/wiki/Allendale,_Michigan","Inactive","16","https://en.wikipedia.org/wiki/List_of_Zeta_Phi_Beta_chapters#cite_note-:0-21","[","]","–xxxx ?","Michigan","https://en.wikipedia.org/wiki/Michigan","Chi Xi"
"Psi Xi","1992","East Stroudsburg","https://en.wikipedia.org/wiki/East_Stroudsburg,_Pennsylvania","Pennsylvania","https://en.wikipedia.org/wiki/Pennsylvania","Active","","","","","","","",""
"","1992","Washington State University","https://en.wikipedia.org/wiki/Washington_State_University","Pullman","https://en.wikipedia.org/wiki/Pullman,_Washington","Inactive","126","https://en.wikipedia.org/wiki/List_of_Zeta_Phi_Beta_chapters#cite_note-166","[","]","–20xx ?","Washington","https://en.wikipedia.org/wiki/Washington_(state)","Omega Xi"
"","1992","California State University, Chico","https://en.wikipedia.org/wiki/California_State_University,_Chico","Chico","https://en.wikipedia.org/wiki/Chico,_California","Inactive","","","","","–xxxx ?","California","https://en.wikipedia.org/wiki/California","Alpha Omicron"
"","","","","","","Inactive","","","","","199x ?–xxxx ?","","","Beta Omicron"
"Gamma Omicron","2018","Washburn University","https://en.wikipedia.org/wiki/Washburn_University","Topeka","https://en.wikipedia.org/wiki/Topeka,_Kansas","Active","127","https://en.wikipedia.org/wiki/List_of_Zeta_Phi_Beta_chapters#cite_note-167","[","]","","Kansas","https://en.wikipedia.org/wiki/Kansas",""
"","","","","","","Inactive","","","","","199x ?–xxxx ?","","","Delta Omicron"
"","","","","","","Inactive","","","","","199x ?–xxxx ?","","","Epsilon Omicron"
"Zeta Omicron","November 15, 1992","George Mason University","https://en.wikipedia.org/wiki/George_Mason_University","Fairfax","https://en.wikipedia.org/wiki/Fairfax,_Virginia","Active","128","https://en.wikipedia.org/wiki/List_of_Zeta_Phi_Beta_chapters#cite_note-168","[","]","","Virginia","https://en.wikipedia.org/wiki/Virginia",""
"Eta Omicron","April 24, 1993","West Virginia University","https://en.wikipedia.org/wiki/West_Virginia_University","Morgantown","https://en.wikipedia.org/wiki/Morgantown,_West_Virginia","Active","129","https://en.wikipedia.org/wiki/List_of_Zeta_Phi_Beta_chapters#cite_note-169","[","]","","West Virginia","https://en.wikipedia.org/wiki/West_Virginia",""
"Theta Omicron","April 19, 1993","Rutgers University–Camden","https://en.wikipedia.org/wiki/Rutgers_University%E2%80%93Camden","Camden","https://en.wikipedia.org/wiki/Camden,_New_Jersey","Active","130","https://en.wikipedia.org/wiki/List_of_Zeta_Phi_Beta_chapters#cite_note-170","[","]","","New Jersey","https://en.wikipedia.org/wiki/New_Jersey",""
"Iota Omicron","June 5, 1993","Tulane University","https://en.wikipedia.org/wiki/Tulane_University","Loyola University New Orleans","https://en.wikipedia.org/wiki/Loyola_University_New_Orleans","Active","131","https://en.wikipedia.org/wiki/List_of_Zeta_Phi_Beta_chapters#cite_note-171","[","]","","New Orleans","https://en.wikipedia.org/wiki/New_Orleans",""
"","","Bryant University","https://en.wikipedia.org/wiki/Bryant_University","Smithfield","https://en.wikipedia.org/wiki/Smithfield,_Rhode_Island","Inactive","","","","","199x ?–xxxx ?","Rhode Island","https://en.wikipedia.org/wiki/Rhode_Island","Kappa Omincron"
"Lambda Omicron","July 17, 1993","Texas Tech University","https://en.wikipedia.org/wiki/Texas_Tech_University","Lubbock","https://en.wikipedia.org/wiki/Lubbock,_Texas","Active","132","https://en.wikipedia.org/wiki/List_of_Zeta_Phi_Beta_chapters#cite_note-172","[","]","","Texas","https://en.wikipedia.org/wiki/Texas",""
"Mu Omicron","May 7, 1993","Appalachian State University","https://en.wikipedia.org/wiki/Appalachian_State_University","Boone","https://en.wikipedia.org/wiki/Boone,_North_Carolina","Active","133","https://en.wikipedia.org/wiki/List_of_Zeta_Phi_Beta_chapters#cite_note-173","[","]","– xxxx ?; November 2015","North Carolina","https://en.wikipedia.org/wiki/North_Carolina",""
"Nu Omicron","September 22, 1993","Duke University","https://en.wikipedia.org/wiki/Duke_University","Durham","https://en.wikipedia.org/wiki/Durham,_North_Carolina","Active","134","https://en.wikipedia.org/wiki/List_of_Zeta_Phi_Beta_chapters#cite_note-174","[","]","","North Carolina","https://en.wikipedia.org/wiki/North_Carolina",""
"Xi Omicron","September 23, 1993","Elon University","https://en.wikipedia.org/wiki/Elon_University","Elon","https://en.wikipedia.org/wiki/Elon,_North_Carolina","Active","135","https://en.wikipedia.org/wiki/List_of_Zeta_Phi_Beta_chapters#cite_note-175","[","]","","North Carolina","https://en.wikipedia.org/wiki/North_Carolina",""
"Omicron Omicron","","Colorado State University","https://en.wikipedia.org/wiki/Colorado_State_University","Fort Collins","https://en.wikipedia.org/wiki/Fort_Collins,_Colorado","Active","136","https://en.wikipedia.org/wiki/List_of_Zeta_Phi_Beta_chapters#cite_note-:21-176","[","]","199x ?–2009, 20xx ?","Colorado","https://en.wikipedia.org/wiki/Colorado",""
"Pi Omicron","1993","Texas A&M University","https://en.wikipedia.org/wiki/Texas_A%26M_University","College Station","https://en.wikipedia.org/wiki/College_Station,_Texas","Active","","","","","","Texas","https://en.wikipedia.org/wiki/Texas",""
"Rho Omicron","1994","University of Oregon","https://en.wikipedia.org/wiki/University_of_Oregon","Eugene","https://en.wikipedia.org/wiki/Eugene,_Oregon","Active","","","","","","Oregon","https://en.wikipedia.org/wiki/Oregon",""
"Sigma Omicron","1994","Tarleton State University","https://en.wikipedia.org/wiki/Tarleton_State_University","Stephenville","https://en.wikipedia.org/wiki/Stephenville,_Texas","Active","138","https://en.wikipedia.org/wiki/List_of_Zeta_Phi_Beta_chapters#cite_note-179","[","]","","Texas","https://en.wikipedia.org/wiki/Texas",""
"Tau Omicron","1994","Southeast Missouri State University","https://en.wikipedia.org/wiki/Southeast_Missouri_State_University","Cape Girardeau","https://en.wikipedia.org/wiki/Cape_Girardeau,_Missouri","Active","","","","","","Missiouri","https://en.wikipedia.org/wiki/Missouri",""
"","1994","Truman State University","https://en.wikipedia.org/wiki/Truman_State_University","Kirksville","https://en.wikipedia.org/wiki/Kirksville,_Missouri","Inactive","","","","","–xxxx ?","Missouri","https://en.wikipedia.org/wiki/Missouri","Upsilon Omicron"
"Phi Omicron","April 14, 1994","Longwood University","https://en.wikipedia.org/wiki/Longwood_University","Farmville","https://en.wikipedia.org/wiki/Farmville,_Virginia","Active","139","https://en.wikipedia.org/wiki/List_of_Zeta_Phi_Beta_chapters#cite_note-180","[","]","","Virginia","https://en.wikipedia.org/wiki/Virginia",""
"","1994","PennWest Edinboro","https://en.wikipedia.org/wiki/PennWest_Edinboro","Edinboro","https://en.wikipedia.org/wiki/Edinboro,_Pennsylvania","Inactive","","","","","–xxxx ?","Pennsylvania","https://en.wikipedia.org/wiki/Pennsylvania","Chi Omicron"
"Psi Omicron","1994","Southern Connecticut State University","https://en.wikipedia.org/wiki/Southern_Connecticut_State_University","New Haven","https://en.wikipedia.org/wiki/New_Haven,_Connecticut","Active","","","","","","Connecticut","https://en.wikipedia.org/wiki/Connecticut",""
"Wesley College","May 6, 1994","","https://en.wikipedia.org/wiki/Wesley_College_(Delaware)","Dover","https://en.wikipedia.org/wiki/Dover,_Delaware","Inactive","ap","https://en.wikipedia.org/wiki/List_of_Zeta_Phi_Beta_chapters#cite_note-181","[","]","– xxxx ?; 2016–2021 ?","Delaware","https://en.wikipedia.org/wiki/Delaware","Omega Omicron"
"Alpha Pi","January 4, 1995","University of Toledo","https://en.wikipedia.org/wiki/University_of_Toledo","Toledo","https://en.wikipedia.org/wiki/Toledo,_Ohio","Active","","","","","","Ohio","https://en.wikipedia.org/wiki/Ohio",""
"Beta Pi","April 10, 1959","University of Massachusetts Amherst","https://en.wikipedia.org/wiki/University_of_Massachusetts_Amherst","Amherst","https://en.wikipedia.org/wiki/Amherst,_Massachusetts","Active","140","https://en.wikipedia.org/wiki/List_of_Zeta_Phi_Beta_chapters#cite_note-182","[","]","","Massachusetts","https://en.wikipedia.org/wiki/Massachusetts",""
"","","University of California, Santa Cruz","https://en.wikipedia.org/wiki/University_of_California,_Santa_Cruz","Santa Cruz","https://en.wikipedia.org/wiki/Santa_Cruz,_California","Inactive","","","","","199x ?–xxxx ?","California","https://en.wikipedia.org/wiki/California","Gamma Pi"
"Delta Pi","1995","Morehead State University","https://en.wikipedia.org/wiki/Morehead_State_University","Morehead","https://en.wikipedia.org/wiki/Morehead,_Kentucky","Active","","","","","","Kentucky","https://en.wikipedia.org/wiki/Kentucky",""
"Epsilon Pi","1995","Texarkana","https://en.wikipedia.org/wiki/Texarkana,_Texas","Texas","https://en.wikipedia.org/wiki/Texas","Active","","","","","","","",""
"Zeta Pi","1995","Indiana University Southeast","https://en.wikipedia.org/wiki/Indiana_University_Southeast","New Albany","https://en.wikipedia.org/wiki/New_Albany,_Indiana","Active","","","","","","Indiana","https://en.wikipedia.org/wiki/Indiana",""
"Rho","1996","Southern Methodist University","https://en.wikipedia.org/wiki/Southern_Methodist_University","Dallas","https://en.wikipedia.org/wiki/Dallas","Active","21","https://en.wikipedia.org/wiki/List_of_Zeta_Phi_Beta_chapters#cite_note-:2-29","[","]","","Texas","https://en.wikipedia.org/wiki/Texas",""
"Eta Pi","April 30, 1996","Stillwater","https://en.wikipedia.org/wiki/Stillwater,_Oklahoma","Oklahoma","https://en.wikipedia.org/wiki/Oklahoma","Active","107","https://en.wikipedia.org/wiki/List_of_Zeta_Phi_Beta_chapters#cite_note-:4-143","[","]","","","",""
"Theta Pi","1997","Missouri State University","https://en.wikipedia.org/wiki/Missouri_State_University","Springfield","https://en.wikipedia.org/wiki/Springfield,_Missouri","Active","","","","","","Missiouri","https://en.wikipedia.org/wiki/Missouri",""
"","1997","Marshall University","https://en.wikipedia.org/wiki/Marshall_University","Huntington","https://en.wikipedia.org/wiki/Huntington,_West_Virginia","Inactive","","","","","–xxxx ?","West Virginia","https://en.wikipedia.org/wiki/West_Virginia","Iota Pi"
"Kappa Pi","","Minneapolis","https://en.wikipedia.org/wiki/Minneapolis","Saint Paul","https://en.wikipedia.org/wiki/Saint_Paul,_Minnesota","Active","141","https://en.wikipedia.org/wiki/List_of_Zeta_Phi_Beta_chapters#cite_note-:30-184","[","]","198x–19xx ?; March 31, 1997 – 19xx ?; 2011","Minnesota","https://en.wikipedia.org/wiki/Minnesota","and"
"","1997","University of Michigan–Flint","https://en.wikipedia.org/wiki/University_of_Michigan%E2%80%93Flint","Kettering University","https://en.wikipedia.org/wiki/Kettering_University","Inactive","16","https://en.wikipedia.org/wiki/List_of_Zeta_Phi_Beta_chapters#cite_note-:0-21","[","]","–xxxx ?","Flint","https://en.wikipedia.org/wiki/Flint,_Michigan","Lambda Pi"
"Mu Pi","November 26, 1997","California State University, Dominguez Hills","https://en.wikipedia.org/wiki/California_State_University,_Dominguez_Hills","Carson","https://en.wikipedia.org/wiki/Carson,_California","Active","143","https://en.wikipedia.org/wiki/List_of_Zeta_Phi_Beta_chapters#cite_note-187","[","]","","California","https://en.wikipedia.org/wiki/California",""
"","","Abilene","https://en.wikipedia.org/wiki/Abilene,_Texas","Texas","https://en.wikipedia.org/wiki/Texas","Inactive","","","","","199x ?–xxxx ?","","","Nu Pi"
"","1998","University of Wisconsin–Parkside","https://en.wikipedia.org/wiki/University_of_Wisconsin%E2%80%93Parkside","Kenosha","https://en.wikipedia.org/wiki/Kenosha,_Wisconsin","Inactive","","","","","–xxxx ?","Wisconsin","https://en.wikipedia.org/wiki/Wisconsin","Xi Pi"
"Omicron Pi","April 25, 1998","Butler University","https://en.wikipedia.org/wiki/Butler_University","Indiana University Indianapolis","https://en.wikipedia.org/wiki/Indiana_University_Indianapolis","Active","144","https://en.wikipedia.org/wiki/List_of_Zeta_Phi_Beta_chapters#cite_note-188","[","]","Martin University","Purdue University in Indianapolis","https://en.wikipedia.org/wiki/Purdue_University_in_Indianapolis","University of Indianapolis"
"","1998","Florida International University","https://en.wikipedia.org/wiki/Florida_International_University","Miami","https://en.wikipedia.org/wiki/Miami","Inactive","","","","","–2015 ?","Florida","https://en.wikipedia.org/wiki/Florida","Pi Pi"
"Rho Pi","May 28, 1998","University of Nevada, Las Vegas","https://en.wikipedia.org/wiki/University_of_Nevada,_Las_Vegas","Paradise","https://en.wikipedia.org/wiki/Paradise,_Nevada","Active","145","https://en.wikipedia.org/wiki/List_of_Zeta_Phi_Beta_chapters#cite_note-189","[","]","– xxxx ?; March 12, 2013","Nevada","https://en.wikipedia.org/wiki/Nevada",""
"Sigma Pi","October 14, 1998","Washington","https://en.wikipedia.org/wiki/Washington,_D.C.","","","Active","146","https://en.wikipedia.org/wiki/List_of_Zeta_Phi_Beta_chapters#cite_note-190","[","]","","","",""
"Tau Pi","November 9, 1998","University of Montevallo","https://en.wikipedia.org/wiki/University_of_Montevallo","Montevallo","https://en.wikipedia.org/wiki/Montevallo,_Alabama","Active","148","https://en.wikipedia.org/wiki/List_of_Zeta_Phi_Beta_chapters#cite_note-193","[","]","","Alabama","https://en.wikipedia.org/wiki/Alabama",""
"Upsilon Pi","1999","Baldwin Wallace University","https://en.wikipedia.org/wiki/Baldwin_Wallace_University","Berea","https://en.wikipedia.org/wiki/Berea,_Ohio","Active","149","https://en.wikipedia.org/wiki/List_of_Zeta_Phi_Beta_chapters#cite_note-194","[","]","","Ohio","https://en.wikipedia.org/wiki/Ohio",""
"Phi Pi","June 16, 1999","University of South Carolina Aiken","https://en.wikipedia.org/wiki/University_of_South_Carolina_Aiken","Aiken","https://en.wikipedia.org/wiki/Aiken,_South_Carolina","Active","150","https://en.wikipedia.org/wiki/List_of_Zeta_Phi_Beta_chapters#cite_note-195","[","]","","South Carolina","https://en.wikipedia.org/wiki/South_Carolina",""
"Southern Polytechnic State University","1998","Marietta","https://en.wikipedia.org/wiki/Marietta,_Georgia","Georgia","https://en.wikipedia.org/wiki/Georgia_(U.S._state)","Inactive","at","https://en.wikipedia.org/wiki/List_of_Zeta_Phi_Beta_chapters#cite_note-196","[","]","–xxxx ?","","https://en.wikipedia.org/wiki/Southern_Polytechnic_State_University","Chi Pi"
"Psi Pi","1999","Seton Hall University","https://en.wikipedia.org/wiki/Seton_Hall_University","South Orange","https://en.wikipedia.org/wiki/South_Orange,_New_Jersey","Active","","","","","","New Jersey","https://en.wikipedia.org/wiki/New_Jersey",""
"Omega Pi","March 18, 2000","Vanderbilt University","https://en.wikipedia.org/wiki/Vanderbilt_University","Nashville","https://en.wikipedia.org/wiki/Nashville,_Tennessee","Active","151","https://en.wikipedia.org/wiki/List_of_Zeta_Phi_Beta_chapters#cite_note-197","[","]","","Tennessee","https://en.wikipedia.org/wiki/Tennessee",""
"Alpha Rho","November 7, 1999","Northern Kentucky University","https://en.wikipedia.org/wiki/Northern_Kentucky_University","Highland Heights","https://en.wikipedia.org/wiki/Highland_Heights,_Kentucky","Active","","","","","","Kentucky","https://en.wikipedia.org/wiki/Kentucky",""
"","1998","Texas Christian University","https://en.wikipedia.org/wiki/Texas_Christian_University","Fort Worth","https://en.wikipedia.org/wiki/Fort_Worth,_Texas","Inactive","","","","","–xxxx ?","Texas","https://en.wikipedia.org/wiki/Texas","Beta Rho"
"Gamma Rho","February 26, 2000","Georgia Tech","https://en.wikipedia.org/wiki/Georgia_Tech","Atlanta","https://en.wikipedia.org/wiki/Atlanta","Active","","","","","","Georgia","https://en.wikipedia.org/wiki/Georgia_(U.S._state)",""
"Delta Rho","May 22, 1999","University of California, Santa Barbara","https://en.wikipedia.org/wiki/University_of_California,_Santa_Barbara","Santa Barbara","https://en.wikipedia.org/wiki/Santa_Barbara,_California","Active","","","","","","California","https://en.wikipedia.org/wiki/California",""
"Sojourner–Douglass College","","Baltimore","https://en.wikipedia.org/wiki/Baltimore","Maryland","https://en.wikipedia.org/wiki/Maryland","Inactive","au","https://en.wikipedia.org/wiki/List_of_Zeta_Phi_Beta_chapters#cite_note-198","[","]","xxxx ?–xxxx ?","","https://en.wikipedia.org/wiki/Sojourner%E2%80%93Douglass_College","Epsilon Rho"
"","2000","University of Missouri–St. Louis","https://en.wikipedia.org/wiki/University_of_Missouri%E2%80%93St._Louis","St. Louis","https://en.wikipedia.org/wiki/St._Louis","Inactive","15","https://en.wikipedia.org/wiki/List_of_Zeta_Phi_Beta_chapters#cite_note-:7-19","[","]","–20xx ?","Missouri","https://en.wikipedia.org/wiki/Missouri","Zeta Rho"
"","","PennWest Clarion","https://en.wikipedia.org/wiki/PennWest_Clarion","Clarion","https://en.wikipedia.org/wiki/Clarion,_Pennsylvania","Inactive","","","","","20xx ?–2014","Pennsylvania","https://en.wikipedia.org/wiki/Pennsylvania","Eta Rho"
"Theta Rho","June 24, 2000","Kennesaw State University","https://en.wikipedia.org/wiki/Kennesaw_State_University","Cobb County","https://en.wikipedia.org/wiki/Cobb_County,_Georgia","Active","152","https://en.wikipedia.org/wiki/List_of_Zeta_Phi_Beta_chapters#cite_note-200","[","]","","Georgia","https://en.wikipedia.org/wiki/Georgia_(U.S._state)",""
"","2000","North Carolina Wesleyan University","https://en.wikipedia.org/wiki/North_Carolina_Wesleyan_University","Rocky Mount","https://en.wikipedia.org/wiki/Rocky_Mount,_North_Carolina","Inactive","","","","","–20xx ?","North Carolina","https://en.wikipedia.org/wiki/North_Carolina","Iota Rho"
"","2000","Otterbein University","https://en.wikipedia.org/wiki/Otterbein_University","Westerville","https://en.wikipedia.org/wiki/Westerville,_Ohio","Inactive","","","","","–20xx ?","Ohio","https://en.wikipedia.org/wiki/Ohio","Kappa Rho"
"","2000","Wright State University","https://en.wikipedia.org/wiki/Wright_State_University","Dayton","https://en.wikipedia.org/wiki/Dayton,_Ohio","Inactive","15","https://en.wikipedia.org/wiki/List_of_Zeta_Phi_Beta_chapters#cite_note-:7-19","[","]","–20xx ?","Ohio","https://en.wikipedia.org/wiki/Ohio","Lambda Rho"
"Mu Rho","2000","Coastal Carolina University","https://en.wikipedia.org/wiki/Coastal_Carolina_University","Conway","https://en.wikipedia.org/wiki/Conway,_South_Carolina","Active","","","","","","South Carolina","https://en.wikipedia.org/wiki/South_Carolina",""
"Nu Rho","2000","Murray State University","https://en.wikipedia.org/wiki/Murray_State_University","Murray","https://en.wikipedia.org/wiki/Murray,_Kentucky","Active","","","","","","Kentucky","https://en.wikipedia.org/wiki/Kentucky",""
"Xi Rho","April 28, 2001","Miami University","https://en.wikipedia.org/wiki/Miami_University","Oxford","https://en.wikipedia.org/wiki/Oxford,_Ohio","Active","153","https://en.wikipedia.org/wiki/List_of_Zeta_Phi_Beta_chapters#cite_note-202","[","]","","Ohio","https://en.wikipedia.org/wiki/Ohio",""
"Omicron Rho","2001","State University of New York at Plattsburgh","https://en.wikipedia.org/wiki/State_University_of_New_York_at_Plattsburgh","Plattsburgh","https://en.wikipedia.org/wiki/Plattsburgh,_New_York","Active","","","","","","New York","https://en.wikipedia.org/wiki/New_York_(state)",""
"Pi Rho","May 25, 2002","University of South Carolina Upstate","https://en.wikipedia.org/wiki/University_of_South_Carolina_Upstate","Valley Falls","https://en.wikipedia.org/wiki/Valley_Falls,_South_Carolina","Active","154","https://en.wikipedia.org/wiki/List_of_Zeta_Phi_Beta_chapters#cite_note-203","[","]","","South Carolina","https://en.wikipedia.org/wiki/South_Carolina",""
"","April 27, 2002","Oberlin College","https://en.wikipedia.org/wiki/Oberlin_College","Oberlin","https://en.wikipedia.org/wiki/Oberlin,_Ohio","Inactive","155","https://en.wikipedia.org/wiki/List_of_Zeta_Phi_Beta_chapters#cite_note-204","[","]","– 20xx ?","Ohio","https://en.wikipedia.org/wiki/Ohio","Rho Rho"
"Sigma Rho","September 9, 2002","Augusta University","https://en.wikipedia.org/wiki/Augusta_University","Augusta","https://en.wikipedia.org/wiki/Augusta,_Georgia","Active","156","https://en.wikipedia.org/wiki/List_of_Zeta_Phi_Beta_chapters#cite_note-205","[","]","","Georgia","https://en.wikipedia.org/wiki/Georgia_(U.S._state)",""
"Tau Rho","April 27, 2002","Bellarmine University","https://en.wikipedia.org/wiki/Bellarmine_University","Louisville","https://en.wikipedia.org/wiki/Louisville,_Kentucky","Active","","","","","","Kentucky","https://en.wikipedia.org/wiki/Kentucky",""
"","2002","Princeton University","https://en.wikipedia.org/wiki/Princeton_University","Princeton","https://en.wikipedia.org/wiki/Princeton,_New_Jersey","","","","","","","New Jersey","https://en.wikipedia.org/wiki/New_Jersey",""
"Phi Rho","May 2002","Charleston","https://en.wikipedia.org/wiki/Charleston,_South_Carolina","South Carolina","https://en.wikipedia.org/wiki/South_Carolina","Active","","","","","","","",""
"Chi Rho","May 10, 2002","University of the Virgin Islands","https://en.wikipedia.org/wiki/University_of_the_Virgin_Islands","Saint Croix","https://en.wikipedia.org/wiki/Saint_Croix","Active","157","https://en.wikipedia.org/wiki/List_of_Zeta_Phi_Beta_chapters#cite_note-206","[","]","","Virgin Islands","https://en.wikipedia.org/wiki/Virgin_Islands",""
"Psi Rho","January 14, 1989","Arkansas Baptist College","https://en.wikipedia.org/wiki/Arkansas_Baptist_College","Little Rock","https://en.wikipedia.org/wiki/Little_Rock,_Arkansas","Active","","","","","","Arkansas","https://en.wikipedia.org/wiki/Arkansas",""
"","May 5, 2003","Lock Haven","https://en.wikipedia.org/wiki/Lock_Haven,_Pennsylvania","Pennsylvania","https://en.wikipedia.org/wiki/Pennsylvania","Inactive","158","https://en.wikipedia.org/wiki/List_of_Zeta_Phi_Beta_chapters#cite_note-207","[","]","– 20xx ?","","","Omega Rho"
"Alpha Sigma","November 22, 2003","University of North Alabama","https://en.wikipedia.org/wiki/University_of_North_Alabama","Florence","https://en.wikipedia.org/wiki/Florence,_Alabama","Active","159","https://en.wikipedia.org/wiki/List_of_Zeta_Phi_Beta_chapters#cite_note-208","[","]","","Alabama","https://en.wikipedia.org/wiki/Alabama",""
"Beta Sigma","October 5, 2003","Wingate University","https://en.wikipedia.org/wiki/Wingate_University","Wingate","https://en.wikipedia.org/wiki/Wingate,_North_Carolina","Active","","","","","","North Carolina","https://en.wikipedia.org/wiki/North_Carolina",""
"Gamma Sigma","November 13, 2003","University of North Florida","https://en.wikipedia.org/wiki/University_of_North_Florida","Jacksonville","https://en.wikipedia.org/wiki/Jacksonville,_Florida","Active","","","","","","Florida","https://en.wikipedia.org/wiki/Florida",""
"Southeastern University","","","https://en.wikipedia.org/wiki/Southeastern_University_(Washington,_D.C.)","Washington","https://en.wikipedia.org/wiki/Washington,_D.C.","Inactive","ax","https://en.wikipedia.org/wiki/List_of_Zeta_Phi_Beta_chapters#cite_note-209","[","]","20xx ?–20xx ?","","","Delta Sigma"
"Epsilon Sigma","2004","California State University, San Bernardino","https://en.wikipedia.org/wiki/California_State_University,_San_Bernardino","University of California, Riverside","https://en.wikipedia.org/wiki/University_of_California,_Riverside","Active","","","","","California","San Bernardino","https://en.wikipedia.org/wiki/San_Bernardino,_California","and"
"Zeta Sigma","April 16, 2004","Kutztown","https://en.wikipedia.org/wiki/Kutztown,_Pennsylvania","Pennsylvania","https://en.wikipedia.org/wiki/Pennsylvania","Active","","","","","","","",""
"","","Chestnut Hill College","https://en.wikipedia.org/wiki/Chestnut_Hill_College","Philadelphia","https://en.wikipedia.org/wiki/Philadelphia","Active","","","","","20xx ?–20xx ?","Pennsylvania","https://en.wikipedia.org/wiki/Pennsylvania","Eta Sigma"
"Theta Sigma","December 22, 2004","William Paterson University","https://en.wikipedia.org/wiki/William_Paterson_University","Wayne","https://en.wikipedia.org/wiki/Wayne,_New_Jersey","Active","160","https://en.wikipedia.org/wiki/List_of_Zeta_Phi_Beta_chapters#cite_note-210","[","]","","New Jersey","https://en.wikipedia.org/wiki/New_Jersey",""
"Iota Sigma","April 17, 2005","Clayton State University","https://en.wikipedia.org/wiki/Clayton_State_University","Morrow","https://en.wikipedia.org/wiki/Morrow,_Georgia","Active","162","https://en.wikipedia.org/wiki/List_of_Zeta_Phi_Beta_chapters#cite_note-212","[","]","","Georgia","https://en.wikipedia.org/wiki/Georgia_(U.S._state)",""
"Kappa Sigma","March 18, 2005","Drexel University","https://en.wikipedia.org/wiki/Drexel_University","Philadelphia","https://en.wikipedia.org/wiki/Philadelphia","Active","163","https://en.wikipedia.org/wiki/List_of_Zeta_Phi_Beta_chapters#cite_note-213","[","]","","Pennsylvania","https://en.wikipedia.org/wiki/Pennsylvania",""
"","March 18, 2005","Slippery Rock University","https://en.wikipedia.org/wiki/Slippery_Rock_University","Slippery Rock","https://en.wikipedia.org/wiki/Slippery_Rock,_Pennsylvania","Inactive","","","","","– 202x ?","Pennsylvania","https://en.wikipedia.org/wiki/Pennsylvania","Lambda Sigma"
"","","Cookeville","https://en.wikipedia.org/wiki/Cookeville,_Tennessee","Tennessee","https://en.wikipedia.org/wiki/Tennessee","Inactive","","","","","200x–2022° ?","","","Mu Sigma"
"Nu Sigma","August 28, 2005","Northwestern University","https://en.wikipedia.org/wiki/Northwestern_University","Evanston, Illinois","https://en.wikipedia.org/wiki/Evanston,_Illinois","Active","164","https://en.wikipedia.org/wiki/List_of_Zeta_Phi_Beta_chapters#cite_note-214","[","]","","Illinois","https://en.wikipedia.org/wiki/Illinois",""
"Xi Sigma","January 28, 2006","George Washington University","https://en.wikipedia.org/wiki/George_Washington_University","Washington","https://en.wikipedia.org/wiki/Washington,_D.C.","Active","165","https://en.wikipedia.org/wiki/List_of_Zeta_Phi_Beta_chapters#cite_note-215","[","]","","","",""
"Pi Sigma","","Baker University","https://en.wikipedia.org/wiki/Baker_University","Baldwin City","https://en.wikipedia.org/wiki/Baldwin_City,_Kansas","Active","","","","","200x ?","Kansas","https://en.wikipedia.org/wiki/Kansas",""
"Rho Sigma","December 2006","University of Missouri–Kansas City","https://en.wikipedia.org/wiki/University_of_Missouri%E2%80%93Kansas_City","Kansas City","https://en.wikipedia.org/wiki/Kansas_City,_Missouri","Active","19","https://en.wikipedia.org/wiki/List_of_Zeta_Phi_Beta_chapters#cite_note-:3-24","[","]","","Missouri","https://en.wikipedia.org/wiki/Missouri",""
"","2007","Robert Morris University","https://en.wikipedia.org/wiki/Robert_Morris_University","Moon Township","https://en.wikipedia.org/wiki/Moon_Township,_Pennsylvania","Inactive","","","","","–20xx ?","Pennsylvania","https://en.wikipedia.org/wiki/Pennsylvania","Sigma Sigma"
"","2007","Missouri Western State University","https://en.wikipedia.org/wiki/Missouri_Western_State_University","St. Joseph","https://en.wikipedia.org/wiki/St._Joseph,_Missouri","Inactive","15","https://en.wikipedia.org/wiki/List_of_Zeta_Phi_Beta_chapters#cite_note-:7-19","[","]","–20xx ?","Missouri","https://en.wikipedia.org/wiki/Missouri","Tau Sigma"
"","","","","","","Inactive","","","","","200x–20xx ?","","","Upsilon Sigma"
"Phi Sigma","2007","Saginaw Valley State University","https://en.wikipedia.org/wiki/Saginaw_Valley_State_University","Saginaw","https://en.wikipedia.org/wiki/Saginaw,_Michigan","Active","16","https://en.wikipedia.org/wiki/List_of_Zeta_Phi_Beta_chapters#cite_note-:0-21","[","]","","Michigan","https://en.wikipedia.org/wiki/Michigan",""
"","","","","","","Inactive","","","","","200x–20xx ?","","","Chi Sigma"
"","","Louisiana","https://en.wikipedia.org/wiki/Louisiana","","","Inactive","","","","","200x–20xx ?","","","Psi Sigma"
"","2008","Northwest Missouri State University","https://en.wikipedia.org/wiki/Northwest_Missouri_State_University","Maryville","https://en.wikipedia.org/wiki/Maryville,_Missouri","Inactive","15","https://en.wikipedia.org/wiki/List_of_Zeta_Phi_Beta_chapters#cite_note-:7-19","[","]","–201x ?","Missouri","https://en.wikipedia.org/wiki/Missouri","Omega Sigma"
"Alpha Tau","February 15, 2008","Emory University","https://en.wikipedia.org/wiki/Emory_University","Atlanta","https://en.wikipedia.org/wiki/Atlanta","Active","167","https://en.wikipedia.org/wiki/List_of_Zeta_Phi_Beta_chapters#cite_note-218","[","]","","Georgia","https://en.wikipedia.org/wiki/Georgia_(U.S._state)",""
"Beta Tau","2008","Nova Southeastern University","https://en.wikipedia.org/wiki/Nova_Southeastern_University","Davie","https://en.wikipedia.org/wiki/Davie,_Florida","Active","","","","","","Florida","https://en.wikipedia.org/wiki/Florida",""
"Gamma Tau","April 19, 2008","Florida Gulf Coast University","https://en.wikipedia.org/wiki/Florida_Gulf_Coast_University","Fort Myers","https://en.wikipedia.org/wiki/Fort_Myers,_Florida","Active","168","https://en.wikipedia.org/wiki/List_of_Zeta_Phi_Beta_chapters#cite_note-219","[","]","","Florida","https://en.wikipedia.org/wiki/Florida",""
"","","","","","","Inactive","","","","","200x ?–20xx ?","","","Delta Tau"
"Epsilon Tau","April 30, 2008","High Point University","https://en.wikipedia.org/wiki/High_Point_University","High Point","https://en.wikipedia.org/wiki/High_Point,_North_Carolina","Active","","","","","","North Carolina","https://en.wikipedia.org/wiki/North_Carolina",""
"Zeta Tau","2008","Columbia","https://en.wikipedia.org/wiki/Columbia,_South_Carolina","South Carolina","https://en.wikipedia.org/wiki/South_Carolina","Active","","","","","","","",""
"","","","","","","Inactive","","","","","200x ?–20xx ?","","","Eta Tau"
"Theta Tau","April 22, 2009","Lenoir–Rhyne University","https://en.wikipedia.org/wiki/Lenoir%E2%80%93Rhyne_University","Hickory","https://en.wikipedia.org/wiki/Hickory,_North_Carolina","Active","169","https://en.wikipedia.org/wiki/List_of_Zeta_Phi_Beta_chapters#cite_note-220","[","]","","North Carolina","https://en.wikipedia.org/wiki/North_Carolina",""
"Iota Tau","May 2009","Georgia Southern University–Armstrong Campus","https://en.wikipedia.org/wiki/Georgia_Southern_University%E2%80%93Armstrong_Campus","Savannah","https://en.wikipedia.org/wiki/Savannah,_Georgia","Active","","","","","","Georgia","https://en.wikipedia.org/wiki/Georgia_(U.S._state)",""
"","June 16, 2009","New Mexico State University","https://en.wikipedia.org/wiki/New_Mexico_State_University","Las Cruces","https://en.wikipedia.org/wiki/Las_Cruces,_New_Mexico","Inactive","","","","","– 20xx ?","New Mexico","https://en.wikipedia.org/wiki/New_Mexico","Kappa Tau"
"Lambda Tau","March 8, 2010","DePauw University","https://en.wikipedia.org/wiki/DePauw_University","Greencastle","https://en.wikipedia.org/wiki/Greencastle,_Indiana","Active","170","https://en.wikipedia.org/wiki/List_of_Zeta_Phi_Beta_chapters#cite_note-221","[","]","","Indiana","https://en.wikipedia.org/wiki/Indiana",""
"Mu Tau","","Henderson","https://en.wikipedia.org/wiki/Henderson,_Nevada","Nevada","https://en.wikipedia.org/wiki/Nevada","Active","","","","","20xx ?","","",""
"Nu Tau","April 19, 2010","University of New Mexico","https://en.wikipedia.org/wiki/University_of_New_Mexico","Albuquerque","https://en.wikipedia.org/wiki/Albuquerque,_New_Mexico","Active","","","","","","New Mexico","https://en.wikipedia.org/wiki/New_Mexico",""
"","2010","Birmingham","https://en.wikipedia.org/wiki/Birmingham,_Alabama","Alabama","https://en.wikipedia.org/wiki/Alabama","Inactive","","","","","–20xx ?","","","Xi Tau"
"Pi Tau","December 8, 2010","Widener University","https://en.wikipedia.org/wiki/Widener_University","Chester","https://en.wikipedia.org/wiki/Chester,_Pennsylvania","Active","","","","","","Pennsylvania","https://en.wikipedia.org/wiki/Pennsylvania",""
"Rho Tau","February 18, 2011","Gettysburg College","https://en.wikipedia.org/wiki/Gettysburg_College","Gettysburg","https://en.wikipedia.org/wiki/Gettysburg,_Pennsylvania","Active","","","","","","Pennsylvania","https://en.wikipedia.org/wiki/Pennsylvania",""
"","","Jacksonville University","https://en.wikipedia.org/wiki/Jacksonville_University","Jacksonville","https://en.wikipedia.org/wiki/Jacksonville,_Florida","Inactive","171","https://en.wikipedia.org/wiki/List_of_Zeta_Phi_Beta_chapters#cite_note-:22-222","[","]","201x ?","Florida","https://en.wikipedia.org/wiki/Florida","Sigma Tau"
"","2011","Newberry College","https://en.wikipedia.org/wiki/Newberry_College","Newberry","https://en.wikipedia.org/wiki/Newberry,_South_Carolina","Inactive","","","","","–20xx ?","South Carolina","https://en.wikipedia.org/wiki/South_Carolina","Tau Tau"
"Upsilon Tau","2012","New Jersey City University","https://en.wikipedia.org/wiki/New_Jersey_City_University","Saint Peter's University","https://en.wikipedia.org/wiki/Saint_Peter%27s_University","Active","104","https://en.wikipedia.org/wiki/List_of_Zeta_Phi_Beta_chapters#cite_note-:14-140","[","]","","Jersey City","https://en.wikipedia.org/wiki/Jersey_City,_New_Jersey",""
"","","","","","","Inactive","","","","","201x–20xx ?","","","Phi Tau"
"Chi Tau","2011","Chowan University","https://en.wikipedia.org/wiki/Chowan_University","Murfreesboro","https://en.wikipedia.org/wiki/Murfreesboro,_North_Carolina","Active","","","","","","North Carolina","https://en.wikipedia.org/wiki/North_Carolina",""
"Psi Tau","","Emporia State University","https://en.wikipedia.org/wiki/Emporia_State_University","Wichita","https://en.wikipedia.org/wiki/Wichita,_Kansas","Active","","","","","201x ?","Kansas","https://en.wikipedia.org/wiki/Kansas",""
"Omega Tau","March 2, 2012","University of Alabama in Huntsville","https://en.wikipedia.org/wiki/University_of_Alabama_in_Huntsville","Huntsville","https://en.wikipedia.org/wiki/Huntsville,_Alabama","Active","","","","","","Alabama","https://en.wikipedia.org/wiki/Alabama",""
"","","","","","","Inactive","","","","","201x–20xx ?","","","Alpha Upsilon"
"Beta Upsilon","April 5, 2012","Virginia Wesleyan University","https://en.wikipedia.org/wiki/Virginia_Wesleyan_University","Virginia Beach","https://en.wikipedia.org/wiki/Virginia_Beach,_Virginia","Active","","","","","","Virginia","https://en.wikipedia.org/wiki/Virginia",""
"Gamma Upsilon","May 2012","Pleasantville","https://en.wikipedia.org/wiki/Pleasantville,_New_York","New York","https://en.wikipedia.org/wiki/New_York_(state)","Active","172","https://en.wikipedia.org/wiki/List_of_Zeta_Phi_Beta_chapters#cite_note-223","[","]","Spring?","","",""
"","","Staten Island","https://en.wikipedia.org/wiki/Staten_Island","New York","https://en.wikipedia.org/wiki/New_York_(state)","Inactive","","","","","201x ?–20xx ?","","","Delta Upsilon"
"","","Penn State Harrisburg","https://en.wikipedia.org/wiki/Penn_State_Harrisburg","Lower Swatara Township","https://en.wikipedia.org/wiki/Lower_Swatara_Township,_Pennsylvania","Inactive","15","https://en.wikipedia.org/wiki/List_of_Zeta_Phi_Beta_chapters#cite_note-:7-19","[","]","201x ?–20xx ?","Pennsylvania","https://en.wikipedia.org/wiki/Pennsylvania","Epsilon Upsilon"
"Zeta Upsilon","November 29, 2016","Johnson & Wales University","https://en.wikipedia.org/wiki/Johnson_%26_Wales_University","North Miami","https://en.wikipedia.org/wiki/North_Miami,_Florida","Active","","","","","","Florida","https://en.wikipedia.org/wiki/Florida",""
"","March 23, 2013","Missouri Valley College","https://en.wikipedia.org/wiki/Missouri_Valley_College","Marshall","https://en.wikipedia.org/wiki/Marshall,_Missouri","Inactive","","","","","– 20xx ?","Missouri","https://en.wikipedia.org/wiki/Missouri","Eta Upsilon"
"","March 3, 2013","University of New Haven","https://en.wikipedia.org/wiki/University_of_New_Haven","West Haven","https://en.wikipedia.org/wiki/West_Haven,_Connecticut","Active","","","","","","Connecticut","https://en.wikipedia.org/wiki/Connecticut","Theta Upsilon"
"Iota Upsilon","March 27, 2013","Bethel University","https://en.wikipedia.org/wiki/Bethel_University_(Tennessee)","McKenzie","https://en.wikipedia.org/wiki/McKenzie,_Tennessee","Active","173","https://en.wikipedia.org/wiki/List_of_Zeta_Phi_Beta_chapters#cite_note-224","[","]","","Tennessee","https://en.wikipedia.org/wiki/Tennessee",""
"Kappa Upsilon","April 27, 2013","Ramapo College","https://en.wikipedia.org/wiki/Ramapo_College","Mahwah","https://en.wikipedia.org/wiki/Mahwah,_New_Jersey","Active","174","https://en.wikipedia.org/wiki/List_of_Zeta_Phi_Beta_chapters#cite_note-225","[","]","","New Jersey","https://en.wikipedia.org/wiki/New_Jersey",""
"Lambda Upsilon","2013","University of Dubuque","https://en.wikipedia.org/wiki/University_of_Dubuque","Dubuque","https://en.wikipedia.org/wiki/Dubuque,_Iowa","Active","","","","","","Iowa","https://en.wikipedia.org/wiki/Iowa",""
"","2013","McDaniel College","https://en.wikipedia.org/wiki/McDaniel_College","Westminster","https://en.wikipedia.org/wiki/Westminster,_Maryland","Inactive","","","","","–20xx ?","Maryland","https://en.wikipedia.org/wiki/Maryland","Mu Upsilon"
"Nu Upsilon","June 30, 2013","California State University, Sacramento","https://en.wikipedia.org/wiki/California_State_University,_Sacramento","Sacramento","https://en.wikipedia.org/wiki/Sacramento,_California","Active","","","","","","California","https://en.wikipedia.org/wiki/California",""
"","April 17, 2014","Oregon State University","https://en.wikipedia.org/wiki/Oregon_State_University","Corvallis","https://en.wikipedia.org/wiki/Corvallis,_Oregon","Inactive","","","","","– 20xx ?","Oregon","https://en.wikipedia.org/wiki/Oregon","Xi Upsilon"
"Omicron Upsilon","October 31, 2019","University of Massachusetts Dartmouth","https://en.wikipedia.org/wiki/University_of_Massachusetts_Dartmouth","Massachusetts","https://en.wikipedia.org/wiki/Massachusetts","Active","175","https://en.wikipedia.org/wiki/List_of_Zeta_Phi_Beta_chapters#cite_note-226","[","]","","","",""
"Pi Upsilon","November 9, 2014","Georgetown College","https://en.wikipedia.org/wiki/Georgetown_College","Georgetown","https://en.wikipedia.org/wiki/Georgetown,_Kentucky","Active","","","","","","Kentucky","https://en.wikipedia.org/wiki/Kentucky",""
"Rho Upsilon","2015","University of the Bahamas","https://en.wikipedia.org/wiki/University_of_the_Bahamas","Nassau","https://en.wikipedia.org/wiki/Nassau,_Bahamas","Active","","","","",",","Providence","https://en.wikipedia.org/wiki/New_Providence",""
"Sigma Upsilon","April 18, 2015","Queens University of Charlotte","https://en.wikipedia.org/wiki/Queens_University_of_Charlotte","Charlotte","https://en.wikipedia.org/wiki/Charlotte,_North_Carolina","Active","","","","","","North Carolina","https://en.wikipedia.org/wiki/North_Carolina",""
"Tau Upsilon","May 2015","University of South Carolina Beaufort","https://en.wikipedia.org/wiki/University_of_South_Carolina_Beaufort","Beaufort","https://en.wikipedia.org/wiki/Beaufort,_South_Carolina","Active","176","https://en.wikipedia.org/wiki/List_of_Zeta_Phi_Beta_chapters#cite_note-227","[","]","Spring ?","South Carolina","https://en.wikipedia.org/wiki/South_Carolina",""
"Upsilon Upsilon","2015","Texas A&M University–San Antonio","https://en.wikipedia.org/wiki/Texas_A%26M_University%E2%80%93San_Antonio","San Antonio","https://en.wikipedia.org/wiki/San_Antonio","Active","","","","","","Texas","https://en.wikipedia.org/wiki/Texas",""
"Phi Upsilon","October 26, 2015","Louisiana State University of Alexandria","https://en.wikipedia.org/wiki/Louisiana_State_University_of_Alexandria","Alexandria","https://en.wikipedia.org/wiki/Alexandria,_Louisiana","Active","177","https://en.wikipedia.org/wiki/List_of_Zeta_Phi_Beta_chapters#cite_note-228","[","]","","Louisiana","https://en.wikipedia.org/wiki/Louisiana",""
"Chi Upsilon","November 10, 2015","University of North Texas at Dallas","https://en.wikipedia.org/wiki/University_of_North_Texas_at_Dallas","Dallas","https://en.wikipedia.org/wiki/Dallas","Active","","","","","","Texas","https://en.wikipedia.org/wiki/Texas",""
"Psi Upsilon","April 8, 2016","La Salle University","https://en.wikipedia.org/wiki/La_Salle_University","Philadelphia","https://en.wikipedia.org/wiki/Philadelphia","Active","","","","","","Pennsylvania","https://en.wikipedia.org/wiki/Pennsylvania",""
"Omega Upsilon","2016","Campbell University","https://en.wikipedia.org/wiki/Campbell_University","Bules Creek","https://en.wikipedia.org/wiki/Buies_Creek,_North_Carolina","Active","","","","","?","North Carolina","https://en.wikipedia.org/wiki/North_Carolina",""
"Alpha Phi","April 9, 2016","University of Illinois Springfield","https://en.wikipedia.org/wiki/University_of_Illinois_Springfield","Springfield","https://en.wikipedia.org/wiki/Springfield,_Illinois","Active","178","https://en.wikipedia.org/wiki/List_of_Zeta_Phi_Beta_chapters#cite_note-229","[","]","","Illinois","https://en.wikipedia.org/wiki/Illinois",""
"Beta Phi","March 30, 2016","Arkansas Tech University","https://en.wikipedia.org/wiki/Arkansas_Tech_University","Russellville","https://en.wikipedia.org/wiki/Russellville,_Arkansas","Active","","","","","","Arkansas","https://en.wikipedia.org/wiki/Arkansas",""
"Gamma Phi","2016","University of California, Santa Cruz","https://en.wikipedia.org/wiki/University_of_California,_Santa_Cruz","Santa Cruz","https://en.wikipedia.org/wiki/Santa_Cruz,_California","Active","","","","","","California","https://en.wikipedia.org/wiki/California",""
"Delta Phi","2016","Charlotte","https://en.wikipedia.org/wiki/Charlotte,_North_Carolina","North Carolina","https://en.wikipedia.org/wiki/North_Carolina","Active","","","","","","","",""
"Epsilon Phi","","New Haven","https://en.wikipedia.org/wiki/New_Haven,_Connecticut","Connecticut","https://en.wikipedia.org/wiki/Connecticut","Active","","","","","201x ?","","",""
"","","Coe College","https://en.wikipedia.org/wiki/Coe_College","Cedar Rapids","https://en.wikipedia.org/wiki/Cedar_Rapids,_Iowa","Inactive","","","","","201x ?–20xx ?","Iowa","https://en.wikipedia.org/wiki/Iowa","Zeta Phi"
"Eta Phi","March 27, 2017","Portland State University","https://en.wikipedia.org/wiki/Portland_State_University","Portland","https://en.wikipedia.org/wiki/Portland,_Oregon","Active","179","https://en.wikipedia.org/wiki/List_of_Zeta_Phi_Beta_chapters#cite_note-230","[","]","","Oregon","https://en.wikipedia.org/wiki/Oregon",""
"Theta Phi","March 10, 2018","University of Michigan–Dearborn","https://en.wikipedia.org/wiki/University_of_Michigan%E2%80%93Dearborn","Dearborn","https://en.wikipedia.org/wiki/Dearborn,_Michigan","Active","16","https://en.wikipedia.org/wiki/List_of_Zeta_Phi_Beta_chapters#cite_note-:0-21","[","]","","Michigan","https://en.wikipedia.org/wiki/Michigan",""
"Iota Phi","April 13, 2018","Fairmont State University","https://en.wikipedia.org/wiki/Fairmont_State_University","Fairmont","https://en.wikipedia.org/wiki/Fairmont,_West_Virginia","Active","180","https://en.wikipedia.org/wiki/List_of_Zeta_Phi_Beta_chapters#cite_note-231","[","]","","West Virginia","https://en.wikipedia.org/wiki/West_Virginia",""
"Kappa Phi","April 15, 2019","Bloomfield College","https://en.wikipedia.org/wiki/Bloomfield_College","Bloomfield","https://en.wikipedia.org/wiki/Bloomfield,_New_Jersey","Active","181","https://en.wikipedia.org/wiki/List_of_Zeta_Phi_Beta_chapters#cite_note-232","[","]","","New Jersey","https://en.wikipedia.org/wiki/New_Jersey",""
"Lambda Phi","2018","Millsaps College","https://en.wikipedia.org/wiki/Millsaps_College","Jackson","https://en.wikipedia.org/wiki/Jackson,_Mississippi","Active","","","","","","Mississippi","https://en.wikipedia.org/wiki/Mississippi",""
"Mu Phi","April 28, 2018","Loyola University Chicago","https://en.wikipedia.org/wiki/Loyola_University_Chicago","Chicago","https://en.wikipedia.org/wiki/Chicago","Active","182","https://en.wikipedia.org/wiki/List_of_Zeta_Phi_Beta_chapters#cite_note-233","[","]","","Illinois","https://en.wikipedia.org/wiki/Illinois",""
"Nu Phi","November 2, 2018","Rhodes College","https://en.wikipedia.org/wiki/Rhodes_College","Memphis","https://en.wikipedia.org/wiki/Memphis,_Tennessee","Active","30","https://en.wikipedia.org/wiki/List_of_Zeta_Phi_Beta_chapters#cite_note-:18-45","[","]","","Tennessee","https://en.wikipedia.org/wiki/Tennessee",""
"Xi Phi","March 15, 2019","Cornell University","https://en.wikipedia.org/wiki/Cornell_University","Ithaca","https://en.wikipedia.org/wiki/Ithaca,_New_York","Active","103","https://en.wikipedia.org/wiki/List_of_Zeta_Phi_Beta_chapters#cite_note-:17-139","[","]","","New York","https://en.wikipedia.org/wiki/New_York_(state)",""
"Omicron Phi","April 1, 2019","Northern Arizona University","https://en.wikipedia.org/wiki/Northern_Arizona_University","Flagstaff","https://en.wikipedia.org/wiki/Flagstaff,_Arizona","Active","","","","","","Arizona","https://en.wikipedia.org/wiki/Arizona",""
"Lambda Mu","April 28, 2018","Loyola University Chicago","https://en.wikipedia.org/wiki/Loyola_University_Chicago","Chicago","https://en.wikipedia.org/wiki/Chicago","Active","184","https://en.wikipedia.org/wiki/List_of_Zeta_Phi_Beta_chapters#cite_note-235","[","]","","Illinois","https://en.wikipedia.org/wiki/Illinois",""
"Lambda Nu","November 2, 2018","Rhodes College","https://en.wikipedia.org/wiki/Rhodes_College","Memphis","https://en.wikipedia.org/wiki/Memphis,_Tennessee","Active","185","https://en.wikipedia.org/wiki/List_of_Zeta_Phi_Beta_chapters#cite_note-236","[","]","","Tennessee","https://en.wikipedia.org/wiki/Tennessee",""
"Pi Phi","November 26, 2019","Allegheny College","https://en.wikipedia.org/wiki/Allegheny_College","Meadville","https://en.wikipedia.org/wiki/Meadville,_Pennsylvania","Active","","","","","","Pennsylvania","https://en.wikipedia.org/wiki/Pennsylvania",""
"Rho Phi","February 17, 2020","Drake University","https://en.wikipedia.org/wiki/Drake_University","Des Moines","https://en.wikipedia.org/wiki/Des_Moines,_Iowa","Active","186","https://en.wikipedia.org/wiki/List_of_Zeta_Phi_Beta_chapters#cite_note-237","[","]","","Iowa","https://en.wikipedia.org/wiki/Iowa",""
"Sigma Phi","February 26, 2020","Minnesota State University, Mankato","https://en.wikipedia.org/wiki/Minnesota_State_University,_Mankato","Mankato","https://en.wikipedia.org/wiki/Mankato,_Minnesota","Active","","","","","","Minnesota","https://en.wikipedia.org/wiki/Minnesota",""
"Tau Phi","March 24, 2021","Quinnipiac University","https://en.wikipedia.org/wiki/Quinnipiac_University","Hamden","https://en.wikipedia.org/wiki/Hamden,_Connecticut","Active","187","https://en.wikipedia.org/wiki/List_of_Zeta_Phi_Beta_chapters#cite_note-238","[","]","","Connecticut","https://en.wikipedia.org/wiki/Connecticut",""
"Upsilon Phi","","Columbia University","https://en.wikipedia.org/wiki/Columbia_University","New York City","https://en.wikipedia.org/wiki/New_York_City","Active","","","","","2021","New York","https://en.wikipedia.org/wiki/New_York_(state)",""
"Phi Phi","2021","York College, City University of New York","https://en.wikipedia.org/wiki/York_College,_City_University_of_New_York","Jamaica","https://en.wikipedia.org/wiki/Jamaica,_Queens","Active","","","","","","New York","https://en.wikipedia.org/wiki/New_York_(state)",""
"Chi Phi","","Cumberland University","https://en.wikipedia.org/wiki/Cumberland_University","Lebanon","https://en.wikipedia.org/wiki/Lebanon,_Tennessee","Active","","","","","2021","Tennessee","https://en.wikipedia.org/wiki/Tennessee",""
"Psi Phi","April 4, 2022","Worcester Polytechnic Institute","https://en.wikipedia.org/wiki/Worcester_Polytechnic_Institute","Worcester","https://en.wikipedia.org/wiki/Worcester,_Massachusetts","Active","188","https://en.wikipedia.org/wiki/List_of_Zeta_Phi_Beta_chapters#cite_note-239","[","]","","Massachusetts","https://en.wikipedia.org/wiki/Massachusetts",""
"","","","","","","","","","","","201x ?–20xx ?","","",""
"Alpha Chi","2022","Stetson University","https://en.wikipedia.org/wiki/Stetson_University","DeLand","https://en.wikipedia.org/wiki/DeLand,_Florida","Active","171","https://en.wikipedia.org/wiki/List_of_Zeta_Phi_Beta_chapters#cite_note-:22-222","[","]","","Florida","https://en.wikipedia.org/wiki/Florida",""
"","March 31, 2023","","","","","Active","191","https://en.wikipedia.org/wiki/List_of_Zeta_Phi_Beta_chapters#cite_note-242","[","]","Massachusetts","","","Boston"
"","February 11, 2023","","","","","Active","","","","","Georgia","","","Athens"
"","March 1, 2024","","","","","Active","193","https://en.wikipedia.org/wiki/List_of_Zeta_Phi_Beta_chapters#cite_note-244","[","]","Massachusetts","","","Medford"
"","1989","DePaul University","https://en.wikipedia.org/wiki/DePaul_University","Chicago","https://en.wikipedia.org/wiki/Chicago","","","","","","","Illinois","https://en.wikipedia.org/wiki/Illinois",""
"","2006","Johns Hopkins University","https://en.wikipedia.org/wiki/Johns_Hopkins_University","Baltimore","https://en.wikipedia.org/wiki/Baltimore","","","","","","","Maryland","https://en.wikipedia.org/wiki/Maryland",""
"Iota Chi","March 26, 2025","Illinois Wesleyan University","https://en.wikipedia.org/wiki/Illinois_Wesleyan_University","Bloomington","https://en.wikipedia.org/wiki/Bloomington,_Illinois","Active","194","https://en.wikipedia.org/wiki/List_of_Zeta_Phi_Beta_chapters#cite_note-245","[","]","","Illinois","https://en.wikipedia.org/wiki/Illinois",""