"tablescraper-selected-row","tablescraper-selected-row 2","tablescraper-selected-row 3","tablescraper-selected-row 4","tablescraper-selected-row href","tablescraper-selected-row 5","tablescraper-selected-row href 2","tablescraper-selected-row 6","reference","reference href","cite-bracket","cite-bracket 2","mw-redirect","mw-redirect href"
"1001","Alpha","December 15, 1911","Howard University","https://en.wikipedia.org/wiki/Howard_University","Washington, D.C.","https://en.wikipedia.org/wiki/Washington,_D.C.","Active","5","https://en.wikipedia.org/wiki/List_of_Omega_Psi_Phi_chapters#cite_note-:15-5","[","]","",""
"1002","Beta","February 6, 1914","Lincoln University","https://en.wikipedia.org/wiki/Lincoln_University_(Pennsylvania)","Chester County, Pennsylvania","https://en.wikipedia.org/wiki/Chester_County,_Pennsylvania","Active","","","","","",""
"1003","Gamma","December 13, 1916","Boston College","https://en.wikipedia.org/wiki/Boston_College","","","Active","a","https://en.wikipedia.org/wiki/List_of_Omega_Psi_Phi_chapters#cite_note-6","[","]","Boston, Massachusetts","https://en.wikipedia.org/wiki/Boston,_Massachusetts"
"","","","Boston University","https://en.wikipedia.org/wiki/Boston_University","","","","","","","","",""
"","","","Tufts University","https://en.wikipedia.org/wiki/Tufts_University","","","","","","","","",""
"","","","Harvard University","https://en.wikipedia.org/wiki/Harvard_University","","","","","","","","",""
"","","","Massachusetts Institute of Technology","https://en.wikipedia.org/wiki/Massachusetts_Institute_of_Technology","","","","","","","","",""
"","","","Northeastern University","https://en.wikipedia.org/wiki/Northeastern_University","","","","","","","","",""
"","","","","","","","","","","","","",""
"1004","Delta","January 22, 1919","Meharry Medical College","https://en.wikipedia.org/wiki/Meharry_Medical_College","Nashville, Tennessee","https://en.wikipedia.org/wiki/Nashville,_Tennessee","Active","6","https://en.wikipedia.org/wiki/List_of_Omega_Psi_Phi_chapters#cite_note-:0-7","[","]","",""
"1005","Epsilon (First)","April 18, 1919","City College of New York","https://en.wikipedia.org/wiki/City_College_of_New_York","","","Moved","7","https://en.wikipedia.org/wiki/List_of_Omega_Psi_Phi_chapters#cite_note-8","[","]","New York City, New York","https://en.wikipedia.org/wiki/New_York_City,_New_York"
"","","","Columbia University","https://en.wikipedia.org/wiki/Columbia_University","","","","","","","","",""
"","","","New York University","https://en.wikipedia.org/wiki/New_York_University","","","","","","","","",""
"1006","Zeta","October 20, 1919","Virginia Union University","https://en.wikipedia.org/wiki/Virginia_Union_University","Richmond, Virginia","https://en.wikipedia.org/wiki/Richmond,_Virginia","Active","5","https://en.wikipedia.org/wiki/List_of_Omega_Psi_Phi_chapters#cite_note-:15-5","[","]","",""
"1007","Eta (First)","December 1, 1919","","","","","Reassigned","8","https://en.wikipedia.org/wiki/List_of_Omega_Psi_Phi_chapters#cite_note-:9-10","[","]","Atlanta University","https://en.wikipedia.org/wiki/Atlanta_University"
"","","","","","","","","","","","","Clark College","https://en.wikipedia.org/wiki/Clark_College_(Atlanta,_Georgia)"
"","","","","","","","","","","","","Gammon Theological Seminary","https://en.wikipedia.org/wiki/Gammon_Theological_Seminary"
"","","","Morehouse College","https://en.wikipedia.org/wiki/Morehouse_College","","","","","","","","",""
"1010","Kappa (First)","1920","West Virginia State University","https://en.wikipedia.org/wiki/West_Virginia_State_University","Institute, West Virginia","https://en.wikipedia.org/wiki/Institute,_West_Virginia","Inactive, Reassigned","9","https://en.wikipedia.org/wiki/List_of_Omega_Psi_Phi_chapters#cite_note-:29-12","[","]","",""
"1007","Eta (Second)","1921","Harvard University","https://en.wikipedia.org/wiki/Harvard_University","Cambridge, Massachusetts","https://en.wikipedia.org/wiki/Cambridge,_Massachusetts","Inactive, Reassigned","d","https://en.wikipedia.org/wiki/List_of_Omega_Psi_Phi_chapters#cite_note-13","[","]","",""
"1013","Nu","March 15, 1921","Pennsylvania State University","https://en.wikipedia.org/wiki/Pennsylvania_State_University","","","Active","","","","","University Park, Pennsylvania","https://en.wikipedia.org/wiki/University_Park,_Pennsylvania"
"1014","Xi","May 23, 1921","University of Minnesota","https://en.wikipedia.org/wiki/University_of_Minnesota","","","Active","10","https://en.wikipedia.org/wiki/List_of_Omega_Psi_Phi_chapters#cite_note-:24-14","[","]","Minneapolis, Minnesota","https://en.wikipedia.org/wiki/Minneapolis,_Minnesota"
"1015","Omicron (First)","October 1, 1921","Interdenominational Theological Center","https://en.wikipedia.org/wiki/Interdenominational_Theological_Center","","","Inactive, Reassigned","e","https://en.wikipedia.org/wiki/List_of_Omega_Psi_Phi_chapters#cite_note-15","[","]","Atlanta, Georgia","https://en.wikipedia.org/wiki/Atlanta,_Georgia"
"1021","Phi (First)","October 1, 1921","Talladega College","https://en.wikipedia.org/wiki/Talladega_College","Talladega, Alabama","https://en.wikipedia.org/wiki/Talladega,_Alabama","Reassigned","11","https://en.wikipedia.org/wiki/List_of_Omega_Psi_Phi_chapters#cite_note-:11-16","[","]","",""
"1022","Chi (First)","October 1, 1921","New Haven, Connecticut","https://en.wikipedia.org/wiki/New_Haven,_Connecticut","","","Inactive, Reassigned","12","https://en.wikipedia.org/wiki/List_of_Omega_Psi_Phi_chapters#cite_note-:8-17","[","]","",""
"1017","Rho","December 5, 1921","Johnson C. Smith University","https://en.wikipedia.org/wiki/Johnson_C._Smith_University","Charlotte, North Carolina","https://en.wikipedia.org/wiki/Charlotte,_North_Carolina","Active","f","https://en.wikipedia.org/wiki/List_of_Omega_Psi_Phi_chapters#cite_note-18","[","]","",""
"1021","Phi (Second)","January 1, 1922","University of Michigan","https://en.wikipedia.org/wiki/University_of_Michigan","Ann Arbor, Michigan","https://en.wikipedia.org/wiki/Ann_Arbor,_Michigan","Active","11","https://en.wikipedia.org/wiki/List_of_Omega_Psi_Phi_chapters#cite_note-:11-16","[","]","",""
"1010","Kappa (Second)","February 18, 1922","Syracuse University","https://en.wikipedia.org/wiki/Syracuse_University","Syracuse, New York","https://en.wikipedia.org/wiki/Syracuse,_New_York","Active","9","https://en.wikipedia.org/wiki/List_of_Omega_Psi_Phi_chapters#cite_note-:29-12","[","]","",""
"1023","Psi","April 7, 1922","Morehouse College","https://en.wikipedia.org/wiki/Morehouse_College","","","Active","g","https://en.wikipedia.org/wiki/List_of_Omega_Psi_Phi_chapters#cite_note-Eta_First-21","[","]","Atlanta, Georgia","https://en.wikipedia.org/wiki/Atlanta,_Georgia"
"1019","Tau","May 1, 1922","","","","","Consolidated","g","https://en.wikipedia.org/wiki/List_of_Omega_Psi_Phi_chapters#cite_note-Eta_First-21","[","]","Atlanta University","https://en.wikipedia.org/wiki/Atlanta_University"
"1024","Alpha Psi (First)","April 7, 1923","Amherst College","https://en.wikipedia.org/wiki/Amherst_College","Amherst, Massachusetts","https://en.wikipedia.org/wiki/Amherst,_Massachusetts","Inactive","15","https://en.wikipedia.org/wiki/List_of_Omega_Psi_Phi_chapters#cite_note-:3-23","[","]","",""
"1008","Theta","December 17, 1922","Marshall, Texas","https://en.wikipedia.org/wiki/Marshall,_Texas","","","Active","16","https://en.wikipedia.org/wiki/List_of_Omega_Psi_Phi_chapters#cite_note-:21-24","[","]","Wiley College","https://en.wikipedia.org/wiki/Wiley_College"
"1020","Upsilon (Second)","April 1, 1923","Wilberforce University","https://en.wikipedia.org/wiki/Wilberforce_University","Wilberforce, Ohio","https://en.wikipedia.org/wiki/Wilberforce,_Ohio","Active","","","","","",""
"1011","Lambda (Second)","May 3, 1923","California State University, Los Angeles","https://en.wikipedia.org/wiki/California_State_University,_Los_Angeles","","","Active","17","https://en.wikipedia.org/wiki/List_of_Omega_Psi_Phi_chapters#cite_note-:27-25","[","]","Los Angeles, California","https://en.wikipedia.org/wiki/Los_Angeles,_California"
"","","","California State University, Northridge","https://en.wikipedia.org/wiki/California_State_University,_Northridge","","","","","","","","",""
"","","","University of California, Los Angeles","https://en.wikipedia.org/wiki/University_of_California,_Los_Angeles","","","","","","","","",""
"","","","University of Southern California","https://en.wikipedia.org/wiki/University_of_Southern_California","","","","","","","","",""
"1012","Mu (Second)","May 23, 1923","University of Pennsylvania","https://en.wikipedia.org/wiki/University_of_Pennsylvania","","","Active","","","","","Philadelphia, Pennsylvania","https://en.wikipedia.org/wiki/Philadelphia,_Pennsylvania"
"1009","Iota (Second)","October 12, 1923","University of Chicago","https://en.wikipedia.org/wiki/University_of_Chicago","","","Inactive, Reassigned","11","https://en.wikipedia.org/wiki/List_of_Omega_Psi_Phi_chapters#cite_note-:11-16","[","]","Chicago, Illinois","https://en.wikipedia.org/wiki/Chicago,_Illinois"
"1016","Pi","October 28, 1923","Morgan State University","https://en.wikipedia.org/wiki/Morgan_State_University","","","Active","","","","","Baltimore, Maryland","https://en.wikipedia.org/wiki/Baltimore,_Maryland"
"1018","Sigma (Second)","December 15, 1923","McGill University","https://en.wikipedia.org/wiki/McGill_University",", Canada","","Inactive, Reassigned","2","https://en.wikipedia.org/wiki/List_of_Omega_Psi_Phi_chapters#cite_note-:10-2","[","]","Montreal, Quebec","https://en.wikipedia.org/wiki/Montreal,_Quebec"
"","Omega","","","","","","Memorial","","","","","",""
"1025","Beta Psi","December 22, 1923","Clark Atlanta University","https://en.wikipedia.org/wiki/Clark_Atlanta_University","","","Active","k","https://en.wikipedia.org/wiki/List_of_Omega_Psi_Phi_chapters#cite_note-28","[","]","Atlanta, Georgia","https://en.wikipedia.org/wiki/Atlanta,_Georgia"
"1026","Gamma Psi","October 1, 1921","Talladega College","https://en.wikipedia.org/wiki/Talladega_College","Talladega, Alabama","https://en.wikipedia.org/wiki/Talladega,_Alabama","Active","18","https://en.wikipedia.org/wiki/List_of_Omega_Psi_Phi_chapters#cite_note-29","[","]","",""
"1027","Delta Psi","January 9, 1924","Shaw University","https://en.wikipedia.org/wiki/Shaw_University","Raleigh, North Carolina","https://en.wikipedia.org/wiki/Raleigh,_North_Carolina","Active","","","","","",""
"1029","Zeta Psi","December 24, 1924","Brooklyn College","https://en.wikipedia.org/wiki/Brooklyn_College","","","Active","19","https://en.wikipedia.org/wiki/List_of_Omega_Psi_Phi_chapters#cite_note-30","[","]","Brooklyn, New York","https://en.wikipedia.org/wiki/Brooklyn,_New_York"
"","","","LIU Brooklyn","https://en.wikipedia.org/wiki/LIU_Brooklyn","","","","","","","","",""
"","","","Medgar Evers College","https://en.wikipedia.org/wiki/Medgar_Evers_College","","","","","","","","",""
"","","","New York City College of Technology","https://en.wikipedia.org/wiki/New_York_City_College_of_Technology","","","","","","","","",""
"","","","Pratt Institute","https://en.wikipedia.org/wiki/Pratt_Institute","","","","","","","","",""
"","","","St. Francis College","https://en.wikipedia.org/wiki/St._Francis_College","","","","","","","","",""
"","","","State University of New York at New Paltz","https://en.wikipedia.org/wiki/State_University_of_New_York_at_New_Paltz","","","","","","","","",""
"","","","Wagner College","https://en.wikipedia.org/wiki/Wagner_College","","","","","","","","",""
"1028","Epsilon Psi (First)","1925","University of San Francisco","https://en.wikipedia.org/wiki/University_of_San_Francisco","","","Inactive, Reassigned","","","","","San Francisco, California","https://en.wikipedia.org/wiki/San_Francisco,_California"
"1032","Iota Psi","March 17, 1926","Ohio State University","https://en.wikipedia.org/wiki/Ohio_State_University","Columbus, Ohio","https://en.wikipedia.org/wiki/Columbus,_Ohio","Active","20","https://en.wikipedia.org/wiki/List_of_Omega_Psi_Phi_chapters#cite_note-:16-31","[","]","",""
"1030","Eta Psi","April 28, 1926","Fisk University","https://en.wikipedia.org/wiki/Fisk_University","Nashville, Tennessee","https://en.wikipedia.org/wiki/Nashville,_Tennessee","Active","6","https://en.wikipedia.org/wiki/List_of_Omega_Psi_Phi_chapters#cite_note-:0-7","[","]","",""
"1031","Theta Psi","May 22, 1926","West Virginia State University","https://en.wikipedia.org/wiki/West_Virginia_State_University","Kanawha County, West Virginia","https://en.wikipedia.org/wiki/Kanawha_County,_West_Virginia","Active","","","","","",""
"1033","Kappa Psi","November 19, 1926","Howard University","https://en.wikipedia.org/wiki/Howard_University","Washington, D.C.","https://en.wikipedia.org/wiki/Washington,_D.C.","Active","5","https://en.wikipedia.org/wiki/List_of_Omega_Psi_Phi_chapters#cite_note-:15-5","[","]","",""
"1034","Lambda Psi","March 27, 1927","Livingstone College","https://en.wikipedia.org/wiki/Livingstone_College","Salisbury, North Carolina","https://en.wikipedia.org/wiki/Salisbury,_North_Carolina","Active","","","","","",""
"1035","Mu Psi","March 27, 1927","North Carolina A&T State University","https://en.wikipedia.org/wiki/North_Carolina_A%26T_State_University","Greensboro, North Carolina","https://en.wikipedia.org/wiki/Greensboro,_North_Carolina","Active","","","","","",""
"1036","Nu Psi","December 12, 1927","Virginia State University","https://en.wikipedia.org/wiki/Virginia_State_University","Petersburg, Virginia","https://en.wikipedia.org/wiki/Petersburg,_Virginia","Active","5","https://en.wikipedia.org/wiki/List_of_Omega_Psi_Phi_chapters#cite_note-:15-5","[","]","",""
"1037","Xi Psi","March 10, 1928","South Carolina State University","https://en.wikipedia.org/wiki/South_Carolina_State_University","Orangeburg, South Carolina","https://en.wikipedia.org/wiki/Orangeburg,_South_Carolina","Active","","","","","",""
"1038","Omicron Psi","March 10, 1928","Carlow University","https://en.wikipedia.org/wiki/Carlow_University","","","Active","","","","","Pittsburgh, Pennsylvania","https://en.wikipedia.org/wiki/Pittsburgh,_Pennsylvania"
"","","","Carnegie Mellon University","https://en.wikipedia.org/wiki/Carnegie_Mellon_University","","","","","","","","",""
"","","","Chatham University","https://en.wikipedia.org/wiki/Chatham_University","","","","","","","","",""
"","","","Duquesne University","https://en.wikipedia.org/wiki/Duquesne_University","","","","","","","","",""
"","","","Point Park University","https://en.wikipedia.org/wiki/Point_Park_University","","","","","","","","",""
"","","","Robert Morris University","https://en.wikipedia.org/wiki/Robert_Morris_University","","","","","","","","",""
"","","","Seton Hill University","https://en.wikipedia.org/wiki/Seton_Hill_University","","","","","","","","",""
"","","","University of Pittsburgh","https://en.wikipedia.org/wiki/University_of_Pittsburgh","","","","","","","","",""
"1040","Pi Psi","October 29, 1929","University of Illinois Urbana-Champaign","https://en.wikipedia.org/wiki/University_of_Illinois_Urbana-Champaign","Champaign, Illinois","https://en.wikipedia.org/wiki/Champaign,_Illinois","Active","11","https://en.wikipedia.org/wiki/List_of_Omega_Psi_Phi_chapters#cite_note-:11-16","[","]","",""
"1039","Rho Psi","April 30, 1930","Tennessee State University","https://en.wikipedia.org/wiki/Tennessee_State_University","Nashville, Tennessee","https://en.wikipedia.org/wiki/Nashville,_Tennessee","Active","6","https://en.wikipedia.org/wiki/List_of_Omega_Psi_Phi_chapters#cite_note-:0-7","[","]","",""
"1041","Sigma Psi (First)","December 8, 1930","Austin, Texas","https://en.wikipedia.org/wiki/Austin,_Texas","","","Consolidated","15","https://en.wikipedia.org/wiki/List_of_Omega_Psi_Phi_chapters#cite_note-:3-23","[","]","Samuel Huston College","https://en.wikipedia.org/wiki/Samuel_Huston_College"
"1042","Tau Psi","November 17, 1931","North Carolina Central University","https://en.wikipedia.org/wiki/North_Carolina_Central_University","Durham, North Carolina","https://en.wikipedia.org/wiki/Durham,_North_Carolina","Active","","","","","",""
"1043","Upsilon Psi","May 13, 1932","Florida A&M University","https://en.wikipedia.org/wiki/Florida_A%26M_University","Tallahassee, Florida","https://en.wikipedia.org/wiki/Tallahassee,_Florida","Active","","","","","",""
"1044","Phi Psi","July 21, 1933","Langston University","https://en.wikipedia.org/wiki/Langston_University","Langston, Oklahoma","https://en.wikipedia.org/wiki/Langston,_Oklahoma","Active","22","https://en.wikipedia.org/wiki/List_of_Omega_Psi_Phi_chapters#cite_note-:20-35","[","]","",""
"1045","Chi Psi","March 12, 1932","LeMoyne–Owen College","https://en.wikipedia.org/wiki/LeMoyne%E2%80%93Owen_College","Memphis, Tennessee","https://en.wikipedia.org/wiki/Memphis,_Tennessee","Active","6","https://en.wikipedia.org/wiki/List_of_Omega_Psi_Phi_chapters#cite_note-:0-7","[","]","",""
"1046","Psi Psi","November 9, 1934","Kentucky State University","https://en.wikipedia.org/wiki/Kentucky_State_University","Frankfort, Kentucky","https://en.wikipedia.org/wiki/Frankfort,_Kentucky","Active","6","https://en.wikipedia.org/wiki/List_of_Omega_Psi_Phi_chapters#cite_note-:0-7","[","]","",""
"1047","Alpha Sigma","May 25, 1935","Morris Brown College","https://en.wikipedia.org/wiki/Morris_Brown_College","","","Active","","","","","Atlanta, Georgia","https://en.wikipedia.org/wiki/Atlanta,_Georgia"
"1051","Epsilon Sigma (First)","December 8, 1935","Austin, Texas","https://en.wikipedia.org/wiki/Austin,_Texas","","","Consolidated","15","https://en.wikipedia.org/wiki/List_of_Omega_Psi_Phi_chapters#cite_note-:3-23","[","]","Tillotson College","https://en.wikipedia.org/wiki/Tillotson_College"
"1048","Beta Sigma","February 28, 1936","Southern University","https://en.wikipedia.org/wiki/Southern_University","Baton Rouge, Louisiana","https://en.wikipedia.org/wiki/Baton_Rouge,_Louisiana","Inactive","23","https://en.wikipedia.org/wiki/List_of_Omega_Psi_Phi_chapters#cite_note-:18-36","[","]","",""
"1049","Gamma Sigma","April 1, 1936","Alabama State University","https://en.wikipedia.org/wiki/Alabama_State_University","Montgomery, Alabama","https://en.wikipedia.org/wiki/Montgomery,_Alabama","Active","","","","","",""
"1050","Delta Sigma","May 2, 1936","Eastern Kentucky University","https://en.wikipedia.org/wiki/Eastern_Kentucky_University","Richmond, Kentucky","https://en.wikipedia.org/wiki/Richmond,_Kentucky","Active","6","https://en.wikipedia.org/wiki/List_of_Omega_Psi_Phi_chapters#cite_note-:0-7","[","]","",""
"1053","Eta Sigma","May 6, 1936","Jefferson City, Missouri","https://en.wikipedia.org/wiki/Jefferson_City,_Missouri","","","Active","","","","","Lincoln University of Missouri","https://en.wikipedia.org/wiki/Lincoln_University_of_Missouri"
"1054","Theta Sigma","October 1, 1936","Dillard University","https://en.wikipedia.org/wiki/Dillard_University","","","Active","25","https://en.wikipedia.org/wiki/List_of_Omega_Psi_Phi_chapters#cite_note-:19-39","[","]","New Orleans, Louisiana","https://en.wikipedia.org/wiki/New_Orleans,_Louisiana"
"1058","Mu Sigma","October 1, 1936","Allen University","https://en.wikipedia.org/wiki/Allen_University","Columbia, South Carolina","https://en.wikipedia.org/wiki/Columbia,_South_Carolina","Active","","","","","",""
"1056","Kappa Sigma","December 3, 1937","Lane College","https://en.wikipedia.org/wiki/Lane_College","Jackson, Tennessee","https://en.wikipedia.org/wiki/Jackson,_Tennessee","Active","6","https://en.wikipedia.org/wiki/List_of_Omega_Psi_Phi_chapters#cite_note-:0-7","[","]","",""
"1057","Lambda Sigma","May 21, 1938","Claflin University","https://en.wikipedia.org/wiki/Claflin_University","Orangeburg, South Carolina","https://en.wikipedia.org/wiki/Orangeburg,_South_Carolina","Active","","","","","",""
"1059","Nu Sigma","May 23, 1938","Wayne State University","https://en.wikipedia.org/wiki/Wayne_State_University","","","Active","13","https://en.wikipedia.org/wiki/List_of_Omega_Psi_Phi_chapters#cite_note-:26-19","[","]","Detroit, Michigan","https://en.wikipedia.org/wiki/Detroit,_Michigan"
"1060","Xi Sigma","October 1, 1938","Xavier University of Louisiana","https://en.wikipedia.org/wiki/Xavier_University_of_Louisiana","","","Active","","","","","New Orleans, Louisiana","https://en.wikipedia.org/wiki/New_Orleans,_Louisiana"
"1052","Zeta Sigma","May 16, 1939","Bluefield, West Virginia","https://en.wikipedia.org/wiki/Bluefield,_West_Virginia","","","Active","20","https://en.wikipedia.org/wiki/List_of_Omega_Psi_Phi_chapters#cite_note-:16-31","[","]","Bluefield State College","https://en.wikipedia.org/wiki/Bluefield_State_College"
"1062","Pi Sigma","October 1, 1942","Little Rock, Arkansas","https://en.wikipedia.org/wiki/Little_Rock,_Arkansas","","","Active","26","https://en.wikipedia.org/wiki/List_of_Omega_Psi_Phi_chapters#cite_note-:17-40","[","]","Philander Smith College","https://en.wikipedia.org/wiki/Philander_Smith_College"
"1063","Rho Sigma","April 19, 1942","Purdue University","https://en.wikipedia.org/wiki/Purdue_University","West Lafayette, Indiana","https://en.wikipedia.org/wiki/West_Lafayette,_Indiana","Active","27","https://en.wikipedia.org/wiki/List_of_Omega_Psi_Phi_chapters#cite_note-:23-41","[","]","",""
"1064","Sigma Sigma","September 24, 1942","Texas College","https://en.wikipedia.org/wiki/Texas_College","Tyler, Texas","https://en.wikipedia.org/wiki/Tyler,_Texas","Active","16","https://en.wikipedia.org/wiki/List_of_Omega_Psi_Phi_chapters#cite_note-:21-24","[","]","",""
"1061","Omicron Sigma","October 1, 1942","","","","","Active","","","","","Harris-Stowe State University","https://en.wikipedia.org/wiki/Harris-Stowe_State_University"
"1065","Tau Sigma","March 11, 1945","Pine Bluff, Arkansas","https://en.wikipedia.org/wiki/Pine_Bluff,_Arkansas","","","Active","26","https://en.wikipedia.org/wiki/List_of_Omega_Psi_Phi_chapters#cite_note-:17-40","[","]","University of Arkansas-Pine Bluff","https://en.wikipedia.org/wiki/University_of_Arkansas-Pine_Bluff"
"1066","Upsilon Sigma","May 1, 1946","Fort Valley State University","https://en.wikipedia.org/wiki/Fort_Valley_State_University","Fort Valley, Georgia","https://en.wikipedia.org/wiki/Fort_Valley,_Georgia","Active","","","","","",""
"1067","Phi Sigma","May 1, 1946","","","","","Active","","","","","Western Reserve University","https://en.wikipedia.org/wiki/Western_Reserve_University"
"1068","Chi Sigma","May 1, 1946","Indiana State University","https://en.wikipedia.org/wiki/Indiana_State_University","Terre Haute, Indiana","https://en.wikipedia.org/wiki/Terre_Haute,_Indiana","Active","27","https://en.wikipedia.org/wiki/List_of_Omega_Psi_Phi_chapters#cite_note-:23-41","[","]","",""
"1070","Alpha Epsilon","October 1, 1946","University of Arizona","https://en.wikipedia.org/wiki/University_of_Arizona","Tucson, Arizona","https://en.wikipedia.org/wiki/Tucson,_Arizona","Active","","","","","",""
"1071","Beta Epsilon","October 1, 1946","Knoxville College","https://en.wikipedia.org/wiki/Knoxville_College","Knoxville, Tennessee","https://en.wikipedia.org/wiki/Knoxville,_Tennessee","Inactive","6","https://en.wikipedia.org/wiki/List_of_Omega_Psi_Phi_chapters#cite_note-:0-7","[","]","",""
"1457","Beta Omicron","December 1, 1946","University of West Florida","https://en.wikipedia.org/wiki/University_of_West_Florida","Pensacola, Florida","https://en.wikipedia.org/wiki/Pensacola,_Florida","Active","o","https://en.wikipedia.org/wiki/List_of_Omega_Psi_Phi_chapters#cite_note-Intermediate-43","[","]","",""
"1092","Psi Epsilon","December 17, 1946","Delaware State University","https://en.wikipedia.org/wiki/Delaware_State_University","Dover, Delaware","https://en.wikipedia.org/wiki/Dover,_Delaware","Active","","","","","",""
"1069","Psi Sigma","January 3, 1947","Northwestern University","https://en.wikipedia.org/wiki/Northwestern_University","Evanston, Illinois","https://en.wikipedia.org/wiki/Evanston,_Illinois","Active","20","https://en.wikipedia.org/wiki/List_of_Omega_Psi_Phi_chapters#cite_note-:16-31","[","]","",""
"1072","Gamma Epsilon","February 12, 1947","Hampton University","https://en.wikipedia.org/wiki/Hampton_University","Hampton, Virginia","https://en.wikipedia.org/wiki/Hampton,_Virginia","Active","5","https://en.wikipedia.org/wiki/List_of_Omega_Psi_Phi_chapters#cite_note-:15-5","[","]","",""
"1085","Pi Epsilon","May 3, 1947","University of Maryland Eastern Shore","https://en.wikipedia.org/wiki/University_of_Maryland_Eastern_Shore","Princess Anne, Maryland","https://en.wikipedia.org/wiki/Princess_Anne,_Maryland","Active","","","","","",""
"1074","Epsilon Epsilon","May 8, 1947","Benedict College","https://en.wikipedia.org/wiki/Benedict_College","Columbia, South Carolina","https://en.wikipedia.org/wiki/Columbia,_South_Carolina","Active","","","","","",""
"1077","Theta Epsilon","June 27, 1947","Brown University","https://en.wikipedia.org/wiki/Brown_University","Providence, Rhode Island","https://en.wikipedia.org/wiki/Providence,_Rhode_Island","Active","","","","","",""
"1073","Delta Epsilon","October 1, 1947","Bowling Green State University","https://en.wikipedia.org/wiki/Bowling_Green_State_University","Bowling Green, Ohio","https://en.wikipedia.org/wiki/Bowling_Green,_Ohio","Active","20","https://en.wikipedia.org/wiki/List_of_Omega_Psi_Phi_chapters#cite_note-:16-31","[","]","",""
"1076","Eta Epsilon","October 1, 1947","Miles College","https://en.wikipedia.org/wiki/Miles_College","Fairfield, Alabama","https://en.wikipedia.org/wiki/Fairfield,_Alabama","Active","","","","","",""
"1078","Iota Epsilon","October 1, 1947","Towson University","https://en.wikipedia.org/wiki/Towson_University","Towson, Maryland","https://en.wikipedia.org/wiki/Towson,_Maryland","Active","","","","","",""
"1075","Zeta Epsilon","October 20, 1947","Indiana University Bloomington","https://en.wikipedia.org/wiki/Indiana_University_Bloomington","Bloomington, Indiana","https://en.wikipedia.org/wiki/Bloomington,_Indiana","Active","27","https://en.wikipedia.org/wiki/List_of_Omega_Psi_Phi_chapters#cite_note-:23-41","[","]","",""
"1079","Kappa Epsilon","December 27, 1947","St. Augustine's University","https://en.wikipedia.org/wiki/St._Augustine%27s_University_(North_Carolina)","Raleigh, North Carolina","https://en.wikipedia.org/wiki/Raleigh,_North_Carolina","Active","","","","","",""
"1086","Rho Epsilon","March 31, 1948","Tougaloo College","https://en.wikipedia.org/wiki/Tougaloo_College","Tougaloo, Mississippi","https://en.wikipedia.org/wiki/Tougaloo,_Mississippi","Active","","","","","",""
"1080","Lambda Epsilon","April 22, 1948","Tuskegee University","https://en.wikipedia.org/wiki/Tuskegee_University","Tuskegee, Alabama","https://en.wikipedia.org/wiki/Tuskegee,_Alabama","Active","","","","","",""
"1084","Omicron Epsilon","April 19, 1948","Daytona Beach, Florida","https://en.wikipedia.org/wiki/Daytona_Beach,_Florida","","","Active","","","","","Bethune-Cookman University","https://en.wikipedia.org/wiki/Bethune-Cookman_University"
"1088","Tau Epsilon","May 1, 1948","Texas Southern University","https://en.wikipedia.org/wiki/Texas_Southern_University","","","Active","16","https://en.wikipedia.org/wiki/List_of_Omega_Psi_Phi_chapters#cite_note-:21-24","[","]","Houston, Texas","https://en.wikipedia.org/wiki/Houston,_Texas"
"1083","Xi Epsilon","May 3, 1948","Bradley University","https://en.wikipedia.org/wiki/Bradley_University","Peoria, Illinois","https://en.wikipedia.org/wiki/Peoria,_Illinois","Inactive","","","","","",""
"1082","Nu Epsilon","October 1, 1948","Alabama A&M University","https://en.wikipedia.org/wiki/Alabama_A%26M_University","Huntsville, Alabama","https://en.wikipedia.org/wiki/Huntsville,_Alabama","Active","","","","","",""
"1087","Sigma Epsilon (First)","October 1, 1948","Roosevelt College","https://en.wikipedia.org/wiki/Roosevelt_University","","","Inactive, Reassigned","2","https://en.wikipedia.org/wiki/List_of_Omega_Psi_Phi_chapters#cite_note-:10-2","[","]","Chicago, Illinois","https://en.wikipedia.org/wiki/Chicago,_Illinois"
"1081","Mu Epsilon","October 28, 1948","Winston-Salem State University","https://en.wikipedia.org/wiki/Winston-Salem_State_University","Winston-Salem, North Carolina","https://en.wikipedia.org/wiki/Winston-Salem,_North_Carolina","Active","","","","","",""
"1094","Alpha Gamma","April 28, 1949","Savannah State University","https://en.wikipedia.org/wiki/Savannah_State_University","Savannah, Georgia","https://en.wikipedia.org/wiki/Savannah,_Georgia","Active","","","","","",""
"1091","Chi Epsilon","April 30, 1949","Albany State University","https://en.wikipedia.org/wiki/Albany_State_University","Albany, Georgia","https://en.wikipedia.org/wiki/Albany,_Georgia","Active","","","","","",""
"1089","Upsilon Epsilon","October 1, 1949","Jackson State University","https://en.wikipedia.org/wiki/Jackson_State_University","Jackson, Mississippi","https://en.wikipedia.org/wiki/Jackson,_Mississippi","Active","","","","","",""
"1090","Phi Epsilon","October 1, 1949","University at Buffalo","https://en.wikipedia.org/wiki/University_at_Buffalo","Buffalo, New York","https://en.wikipedia.org/wiki/Buffalo,_New_York","Active","","","","","",""
"1093","Omega Epsilon","November 1, 1949","University of Toledo","https://en.wikipedia.org/wiki/University_of_Toledo","Toledo, Ohio","https://en.wikipedia.org/wiki/Toledo,_Ohio","Active","20","https://en.wikipedia.org/wiki/List_of_Omega_Psi_Phi_chapters#cite_note-:16-31","[","]","",""
"1007","Eta (Third)","November 18, 1949","Alcorn State University","https://en.wikipedia.org/wiki/Alcorn_State_University","Lorman, Mississippi","https://en.wikipedia.org/wiki/Lorman,_Mississippi","Active","","","","","",""
"1095","Beta Gamma","December 5, 1950","Cheyney, Pennsylvania","https://en.wikipedia.org/wiki/Cheyney,_Pennsylvania","","","Active","","","","","Cheyney University of Pennsylvania","https://en.wikipedia.org/wiki/Cheyney_University_of_Pennsylvania"
"1099","Zeta Gamma","March 11, 1951","Youngstown State University","https://en.wikipedia.org/wiki/Youngstown_State_University","Youngstown, Ohio","https://en.wikipedia.org/wiki/Youngstown,_Ohio","Active","","","","","",""
"1097","Delta Gamma","May 18, 1951","Fayetteville State University","https://en.wikipedia.org/wiki/Fayetteville_State_University","Fayetteville, North Carolina","https://en.wikipedia.org/wiki/Fayetteville,_North_Carolina","Active","","","","","",""
"1098","Epsilon Gamma","May 18, 1951","Saint Paul's College","https://en.wikipedia.org/wiki/Saint_Paul%27s_College_(Virginia)","Lawrenceville, Virginia","https://en.wikipedia.org/wiki/Lawrenceville,_Virginia","Inactive","5","https://en.wikipedia.org/wiki/List_of_Omega_Psi_Phi_chapters#cite_note-:15-5","[","]","",""
"1096","Gamma Gamma","October 1, 1951","Grambling State University","https://en.wikipedia.org/wiki/Grambling_State_University","Grambling, Louisiana","https://en.wikipedia.org/wiki/Grambling,_Louisiana","Active","23","https://en.wikipedia.org/wiki/List_of_Omega_Psi_Phi_chapters#cite_note-:18-36","[","]","",""
"1100","Eta Gamma","October 1, 1951","Central State University","https://en.wikipedia.org/wiki/Central_State_University","Wilberforce, Ohio","https://en.wikipedia.org/wiki/Wilberforce,_Ohio","Inactive","5","https://en.wikipedia.org/wiki/List_of_Omega_Psi_Phi_chapters#cite_note-:15-5","[","]","",""
"1101","Theta Gamma","May 15, 1952","Eastern Michigan University","https://en.wikipedia.org/wiki/Eastern_Michigan_University","Ypsilanti, Michigan","https://en.wikipedia.org/wiki/Ypsilanti,_Michigan","Active","13","https://en.wikipedia.org/wiki/List_of_Omega_Psi_Phi_chapters#cite_note-:26-19","[","]","",""
"1102","Iota Gamma (First)","","Fresno, California","https://en.wikipedia.org/wiki/Fresno,_California","","","Inactive, Reassigned","","","","","Fresno State College","https://en.wikipedia.org/wiki/Fresno_State_College"
"1024","Alpha Psi (Second)","October 1, 1953","Huston–Tillotson University","https://en.wikipedia.org/wiki/Huston%E2%80%93Tillotson_University","Austin, Texas","https://en.wikipedia.org/wiki/Austin,_Texas","Active","16","https://en.wikipedia.org/wiki/List_of_Omega_Psi_Phi_chapters#cite_note-:21-24","[","]","",""
"1103","Kappa Gamma","March 8, 1954","Florida Memorial University","https://en.wikipedia.org/wiki/Florida_Memorial_University","","","Active","q","https://en.wikipedia.org/wiki/List_of_Omega_Psi_Phi_chapters#cite_note-45","[","]","Miami, Florida","https://en.wikipedia.org/wiki/Miami,_Florida"
"1240","Gamma Kappa","March 8, 1954","Salisbury University","https://en.wikipedia.org/wiki/Salisbury_University","Salisbury, Maryland","https://en.wikipedia.org/wiki/Salisbury,_Maryland","Active","r","https://en.wikipedia.org/wiki/List_of_Omega_Psi_Phi_chapters#cite_note-46","[","]","",""
"1104","Lambda Gamma","May 15, 1954","Elizabeth City State University","https://en.wikipedia.org/wiki/Elizabeth_City_State_University","Elizabeth City, North Carolina","https://en.wikipedia.org/wiki/Elizabeth_City,_North_Carolina","Active","","","","","",""
"1105","Mu Gamma (First)","December 4, 1957","","","Bishop College","https://en.wikipedia.org/wiki/Bishop_College","Inactive, Reassigned","s","https://en.wikipedia.org/wiki/List_of_Omega_Psi_Phi_chapters#cite_note-47","[","]","Dallas, Texas","https://en.wikipedia.org/wiki/Dallas,_Texas"
"1106","Nu Gamma","April 1, 1959","Oakland University","https://en.wikipedia.org/wiki/Oakland_University","Auburn Hills, Michigan","https://en.wikipedia.org/wiki/Auburn_Hills,_Michigan","Active","13","https://en.wikipedia.org/wiki/List_of_Omega_Psi_Phi_chapters#cite_note-:26-19","[","]","",""
"1018","Sigma (Third)","March 4, 1961","Michigan State University","https://en.wikipedia.org/wiki/Michigan_State_University","Lansing, Michigan","https://en.wikipedia.org/wiki/Lansing,_Michigan","Active","2","https://en.wikipedia.org/wiki/List_of_Omega_Psi_Phi_chapters#cite_note-:10-2","[","]","",""
"1022","Chi (Second)","","Edward Waters University","https://en.wikipedia.org/wiki/Edward_Waters_University","Jacksonville, Florida","https://en.wikipedia.org/wiki/Jacksonville,_Florida","Active","","","","","",""
"1108","Omicron Gamma","September 10, 1962","University of the District of Columbia","https://en.wikipedia.org/wiki/University_of_the_District_of_Columbia","Washington, D.C.","https://en.wikipedia.org/wiki/Washington,_D.C.","Active","5","https://en.wikipedia.org/wiki/List_of_Omega_Psi_Phi_chapters#cite_note-:15-5","[","]","",""
"1109","Pi Gamma","November 30, 1962","Norfolk State University","https://en.wikipedia.org/wiki/Norfolk_State_University","Norfolk, Virginia","https://en.wikipedia.org/wiki/Norfolk,_Virginia","Active","5","https://en.wikipedia.org/wiki/List_of_Omega_Psi_Phi_chapters#cite_note-:15-5","[","]","",""
"1291","Zeta Mu","October 23, 1962","California State University, Dominguez Hills","https://en.wikipedia.org/wiki/California_State_University,_Dominguez_Hills","Carson, California","https://en.wikipedia.org/wiki/Carson,_California","Active","","","","","",""
"1110","Rho Gamma","January 11, 1963","Stillman College","https://en.wikipedia.org/wiki/Stillman_College","Tuscaloosa, Alabama","https://en.wikipedia.org/wiki/Tuscaloosa,_Alabama","Active","","","","","",""
"1107","Xi Gamma","February 3, 1963","San Jose State University","https://en.wikipedia.org/wiki/San_Jose_State_University","San Jose, California","https://en.wikipedia.org/wiki/San_Jose,_California","Active","","","","","",""
"1112","Tau Gamma","April 1, 1965","Southern Illinois University Edwardsville","https://en.wikipedia.org/wiki/Southern_Illinois_University_Edwardsville","Edwardsville, Illinois","https://en.wikipedia.org/wiki/Edwardsville,_Illinois","Active","21","https://en.wikipedia.org/wiki/List_of_Omega_Psi_Phi_chapters#cite_note-:22-33","[","]","",""
"1111","Sigma Gamma","April 26, 1965","University of New Mexico","https://en.wikipedia.org/wiki/University_of_New_Mexico","Albuquerque, New Mexico","https://en.wikipedia.org/wiki/Albuquerque,_New_Mexico","Active","","","","","",""
"1028","Epsilon Psi (Second)","February 1, 1968","Wichita State University","https://en.wikipedia.org/wiki/Wichita_State_University","Wichita, Kansas","https://en.wikipedia.org/wiki/Wichita,_Kansas","Active","","","","","",""
"1113","Upsilon Gamma","February 3, 1968","Western Michigan University","https://en.wikipedia.org/wiki/Western_Michigan_University","Kalamazoo, Michigan","https://en.wikipedia.org/wiki/Kalamazoo,_Michigan","Active","13","https://en.wikipedia.org/wiki/List_of_Omega_Psi_Phi_chapters#cite_note-:26-19","[","]","",""
"1051","Epsilon Sigma (Second)","March 1, 1968","Bowie State University","https://en.wikipedia.org/wiki/Bowie_State_University","Bowie, Maryland","https://en.wikipedia.org/wiki/Bowie,_Maryland","Active","","","","","",""
"1041","Sigma Psi (Second)","May 15, 1968","Ohio University","https://en.wikipedia.org/wiki/Ohio_University","Athens, Ohio","https://en.wikipedia.org/wiki/Athens,_Ohio","Active","20","https://en.wikipedia.org/wiki/List_of_Omega_Psi_Phi_chapters#cite_note-:16-31","[","]","",""
"1055","Iota Sigma","November 16, 1968","University of Central Missouri","https://en.wikipedia.org/wiki/University_of_Central_Missouri","Warrensburg, Missouri","https://en.wikipedia.org/wiki/Warrensburg,_Missouri","Active","","","","","",""
"1087","Sigma Epsilon (Second)","December 7, 1968","Barber–Scotia College","https://en.wikipedia.org/wiki/Barber%E2%80%93Scotia_College","Concord, North Carolina","https://en.wikipedia.org/wiki/Concord,_North_Carolina","Active","2","https://en.wikipedia.org/wiki/List_of_Omega_Psi_Phi_chapters#cite_note-:10-2","[","]","",""
"1114","Phi Gamma","December 16, 1968","University of North Texas","https://en.wikipedia.org/wiki/University_of_North_Texas","Denton, Texas","https://en.wikipedia.org/wiki/Denton,_Texas","Active","16","https://en.wikipedia.org/wiki/List_of_Omega_Psi_Phi_chapters#cite_note-:21-24","[","]","",""
"1115","Chi Gamma","March 26, 1969","University of Detroit Mercy","https://en.wikipedia.org/wiki/University_of_Detroit_Mercy","","","Active","13","https://en.wikipedia.org/wiki/List_of_Omega_Psi_Phi_chapters#cite_note-:26-19","[","]","Detroit, Michigan","https://en.wikipedia.org/wiki/Detroit,_Michigan"
"","","","Marygrove College","https://en.wikipedia.org/wiki/Marygrove_College","","","","","","","","",""
"1118","Alpha Theta","March 29, 1969","Arizona State University","https://en.wikipedia.org/wiki/Arizona_State_University","Tempe, Arizona","https://en.wikipedia.org/wiki/Tempe,_Arizona","Active","","","","","",""
"1117","Omega Gamma","March 29, 1969","Canyon, Texas","https://en.wikipedia.org/wiki/Canyon,_Texas","","","Active","16","https://en.wikipedia.org/wiki/List_of_Omega_Psi_Phi_chapters#cite_note-:21-24","[","]","West Texas State University","https://en.wikipedia.org/wiki/West_Texas_State_University"
"1116","Psi Gamma","April 1, 1969","Kent State University","https://en.wikipedia.org/wiki/Kent_State_University","Kent, Ohio","https://en.wikipedia.org/wiki/Kent,_Ohio","Active","20","https://en.wikipedia.org/wiki/List_of_Omega_Psi_Phi_chapters#cite_note-:16-31","[","]","",""
"1136","Tau Theta","May 17, 1969","Eastern Illinois University","https://en.wikipedia.org/wiki/Eastern_Illinois_University","Charleston, Illinois","https://en.wikipedia.org/wiki/Charleston,_Illinois","Active","21","https://en.wikipedia.org/wiki/List_of_Omega_Psi_Phi_chapters#cite_note-:22-33","[","]","",""
"1120","Gamma Theta","July 3, 1969","Western Kentucky University","https://en.wikipedia.org/wiki/Western_Kentucky_University","Bowling Green, Kentucky","https://en.wikipedia.org/wiki/Bowling_Green,_Kentucky","Active","6","https://en.wikipedia.org/wiki/List_of_Omega_Psi_Phi_chapters#cite_note-:0-7","[","]","",""
"1121","Delta Theta","September 3, 1969","Southeastern University","https://en.wikipedia.org/wiki/Southeastern_University_(Washington,_D.C.)","Washington, D.C.","https://en.wikipedia.org/wiki/Washington,_D.C.","Active","5","https://en.wikipedia.org/wiki/List_of_Omega_Psi_Phi_chapters#cite_note-:15-5","[","]","",""
"1581","Kappa Nu","September 9, 1969","Binghamton University","https://en.wikipedia.org/wiki/Binghamton_University","Binghamton, New York","https://en.wikipedia.org/wiki/Binghamton,_New_York","Active","","","","","",""
"1122","Epsilon Theta","September 15, 1969","Madison, Wisconsin","https://en.wikipedia.org/wiki/Madison,_Wisconsin","","","Active","29","https://en.wikipedia.org/wiki/List_of_Omega_Psi_Phi_chapters#cite_note-:25-49","[","]","University of Wisconsin","https://en.wikipedia.org/wiki/University_of_Wisconsin"
"1123","Zeta Theta","September 16, 1969","Georgia State University","https://en.wikipedia.org/wiki/Georgia_State_University","","","Active","","","","","Atlanta, Georgia","https://en.wikipedia.org/wiki/Atlanta,_Georgia"
"1124","Eta Theta","December 5, 1969","University of Texas at Austin","https://en.wikipedia.org/wiki/University_of_Texas_at_Austin","Austin, Texas","https://en.wikipedia.org/wiki/Austin,_Texas","Active","16","https://en.wikipedia.org/wiki/List_of_Omega_Psi_Phi_chapters#cite_note-:21-24","[","]","",""
"1119","Beta Theta","December 12, 1969","Mississippi Valley State University","https://en.wikipedia.org/wiki/Mississippi_Valley_State_University","Itta Bena, Mississippi","https://en.wikipedia.org/wiki/Itta_Bena,_Mississippi","Active","","","","","",""
"1015","Omicron (Second)","","Columbia University","https://en.wikipedia.org/wiki/Columbia_University","","","Active","","","","","New York City, New York","https://en.wikipedia.org/wiki/New_York_City,_New_York"
"1126","Iota Theta","January 15, 1970","Northwest Missouri State University","https://en.wikipedia.org/wiki/Northwest_Missouri_State_University","Maryville, Missouri","https://en.wikipedia.org/wiki/Maryville,_Missouri","Active","","","","","",""
"","","","Missouri Western State University","https://en.wikipedia.org/wiki/Missouri_Western_State_University","","","","","","","","",""
"","","","Truman State University","https://en.wikipedia.org/wiki/Truman_State_University","","","","","","","","",""
"1128","Lambda Theta","January 17, 1970","Shepherd University","https://en.wikipedia.org/wiki/Shepherd_University","Shepherdstown, West Virginia","https://en.wikipedia.org/wiki/Shepherdstown,_West_Virginia","Active","","","","","",""
"1125","Theta Theta","February 1, 1970","East Texas A&M University","https://en.wikipedia.org/wiki/East_Texas_A%26M_University","Commerce, Texas","https://en.wikipedia.org/wiki/Commerce,_Texas","Active","16","https://en.wikipedia.org/wiki/List_of_Omega_Psi_Phi_chapters#cite_note-:21-24","[","]","",""
"1129","Mu Theta","February 1, 1970","Iowa State University","https://en.wikipedia.org/wiki/Iowa_State_University","Ames, Iowa","https://en.wikipedia.org/wiki/Ames,_Iowa","Active","","","","","",""
"1130","Nu Theta","February 11, 1970","","","","","Active","13","https://en.wikipedia.org/wiki/List_of_Omega_Psi_Phi_chapters#cite_note-:26-19","[","]","Lawrence Institute of Technology","https://en.wikipedia.org/wiki/Lawrence_Institute_of_Technology"
"1131","Xi Theta","March 11, 1970","Ashland, Ohio","https://en.wikipedia.org/wiki/Ashland,_Ohio","","","Active","20","https://en.wikipedia.org/wiki/List_of_Omega_Psi_Phi_chapters#cite_note-:16-31","[","]","Ashland College","https://en.wikipedia.org/wiki/Ashland_College"
"1132","Omicron Theta","April 10, 1970","Carbondale, Illinois","https://en.wikipedia.org/wiki/Carbondale,_Illinois","","","Active","21","https://en.wikipedia.org/wiki/List_of_Omega_Psi_Phi_chapters#cite_note-:22-33","[","]","Southern Illinois University-Carbondale","https://en.wikipedia.org/wiki/Southern_Illinois_University-Carbondale"
"1133","Pi Theta","April 10, 1970","Northern Michigan University","https://en.wikipedia.org/wiki/Northern_Michigan_University","Marquette, Michigan","https://en.wikipedia.org/wiki/Marquette,_Michigan","Inactive","","","","","",""
"1134","Rho Theta","April 25, 1970","Prairie View A&M University","https://en.wikipedia.org/wiki/Prairie_View_A%26M_University","Prairie View, Texas","https://en.wikipedia.org/wiki/Prairie_View,_Texas","Active","16","https://en.wikipedia.org/wiki/List_of_Omega_Psi_Phi_chapters#cite_note-:21-24","[","]","",""
"1135","Sigma Theta","May 14, 1970","Denmark, South Carolina","https://en.wikipedia.org/wiki/Denmark,_South_Carolina","","","Active","","","","","Voorhees College","https://en.wikipedia.org/wiki/Voorhees_College"
"1137","Upsilon Theta","May 22, 1970","Lamar University","https://en.wikipedia.org/wiki/Lamar_University","Beaumont, Texas","https://en.wikipedia.org/wiki/Beaumont,_Texas","Active","16","https://en.wikipedia.org/wiki/List_of_Omega_Psi_Phi_chapters#cite_note-:21-24","[","]","",""
"1142","Alpha Beta","May 23, 1970","Murray State University","https://en.wikipedia.org/wiki/Murray_State_University","Murray, Kentucky","https://en.wikipedia.org/wiki/Murray,_Kentucky","Active","6","https://en.wikipedia.org/wiki/List_of_Omega_Psi_Phi_chapters#cite_note-:0-7","[","]","",""
"1138","Phi Theta","August 1, 1970","Cleveland State University","https://en.wikipedia.org/wiki/Cleveland_State_University","","","Active","","","","","Cleveland, Ohio","https://en.wikipedia.org/wiki/Cleveland,_Ohio"
"1139","Chi Theta","August 1, 1970","Florida State University","https://en.wikipedia.org/wiki/Florida_State_University","Tallahassee, Florida","https://en.wikipedia.org/wiki/Tallahassee,_Florida","Active","","","","","",""
"1140","Psi Theta","August 1, 1970","University of Cincinnati","https://en.wikipedia.org/wiki/University_of_Cincinnati","","","Active","20","https://en.wikipedia.org/wiki/List_of_Omega_Psi_Phi_chapters#cite_note-:16-31","[","]","Cincinnati, Ohio","https://en.wikipedia.org/wiki/Cincinnati,_Ohio"
"1102","Iota Gamma (Second)","November 8, 1970","The College of New Jersey","https://en.wikipedia.org/wiki/The_College_of_New_Jersey","Trenton, New Jersey","https://en.wikipedia.org/wiki/Trenton,_New_Jersey","Active","","","","","",""
"1141","Omega Theta","November 11, 1970","University of Houston","https://en.wikipedia.org/wiki/University_of_Houston","","","Active","","","","","Houston, Texas","https://en.wikipedia.org/wiki/Houston,_Texas"
"1156","Omicron Beta","December 6, 1970","Central Michigan University","https://en.wikipedia.org/wiki/Central_Michigan_University","Mount Pleasant, Michigan","https://en.wikipedia.org/wiki/Mount_Pleasant,_Michigan","Active","13","https://en.wikipedia.org/wiki/List_of_Omega_Psi_Phi_chapters#cite_note-:26-19","[","]","",""
"1143","Beta Beta","January 8, 1971","University of Akron","https://en.wikipedia.org/wiki/University_of_Akron","Akron, Ohio","https://en.wikipedia.org/wiki/Akron,_Ohio","Active","20","https://en.wikipedia.org/wiki/List_of_Omega_Psi_Phi_chapters#cite_note-:16-31","[","]","",""
"1144","Gamma Beta","January 8, 1971","Paine College","https://en.wikipedia.org/wiki/Paine_College","Augusta, Georgia","https://en.wikipedia.org/wiki/Augusta,_Georgia","Active","","","","","",""
"1145","Delta Beta","January 15, 1971","Coppin State University","https://en.wikipedia.org/wiki/Coppin_State_University","","","Active","","","","","Baltimore, Maryland","https://en.wikipedia.org/wiki/Baltimore,_Maryland"
"1146","Epsilon Beta","February 4, 1971","Western Illinois University","https://en.wikipedia.org/wiki/Western_Illinois_University","Macomb, Illinois","https://en.wikipedia.org/wiki/Macomb,_Illinois","Active","21","https://en.wikipedia.org/wiki/List_of_Omega_Psi_Phi_chapters#cite_note-:22-33","[","]","",""
"1147","Zeta Beta","February 19, 1971","University of Dayton","https://en.wikipedia.org/wiki/University_of_Dayton","Dayton, Ohio","https://en.wikipedia.org/wiki/Dayton,_Ohio","Active","","","","","",""
"1148","Eta Beta","February 22, 1971","University of Tennessee at Chattanooga","https://en.wikipedia.org/wiki/University_of_Tennessee_at_Chattanooga","Chattanooga, Tennessee","https://en.wikipedia.org/wiki/Chattanooga,_Tennessee","Active","6","https://en.wikipedia.org/wiki/List_of_Omega_Psi_Phi_chapters#cite_note-:0-7","[","]","",""
"1149","Theta Beta","March 1, 1971","Vanderbilt University","https://en.wikipedia.org/wiki/Vanderbilt_University","Nashville, Tennessee","https://en.wikipedia.org/wiki/Nashville,_Tennessee","Active","6","https://en.wikipedia.org/wiki/List_of_Omega_Psi_Phi_chapters#cite_note-:0-7","[","]","",""
"1150","Iota Beta","April 1, 1971","University of Tennessee","https://en.wikipedia.org/wiki/University_of_Tennessee","Knoxville, Tennessee","https://en.wikipedia.org/wiki/Knoxville,_Tennessee","Active","","","","","",""
"1151","Kappa Beta","April 1, 1971","Rust College","https://en.wikipedia.org/wiki/Rust_College","Holly Springs, Mississippi","https://en.wikipedia.org/wiki/Holly_Springs,_Mississippi","Active","","","","","",""
"1152","Lambda Beta","April 20, 1971","Colorado State University","https://en.wikipedia.org/wiki/Colorado_State_University","Evans, Colorado","https://en.wikipedia.org/wiki/Evans,_Colorado","Active","","","","","",""
"1153","Mu Beta","May 4, 1971","University of Texas at Arlington","https://en.wikipedia.org/wiki/University_of_Texas_at_Arlington","Arlington, Texas","https://en.wikipedia.org/wiki/Arlington,_Texas","Active","16","https://en.wikipedia.org/wiki/List_of_Omega_Psi_Phi_chapters#cite_note-:21-24","[","]","",""
"1155","Xi Beta","May 12, 1971","Henderson State University","https://en.wikipedia.org/wiki/Henderson_State_University","Arkadelphia, Arkansas","https://en.wikipedia.org/wiki/Arkadelphia,_Arkansas","Active","26","https://en.wikipedia.org/wiki/List_of_Omega_Psi_Phi_chapters#cite_note-:17-40","[","]","",""
"1154","Nu Beta","May 14, 1971","Marshall University","https://en.wikipedia.org/wiki/Marshall_University","Huntington, West Virginia","https://en.wikipedia.org/wiki/Huntington,_West_Virginia","Active","","","","","",""
"1157","Pi Beta","June 1, 1971","Illinois State University","https://en.wikipedia.org/wiki/Illinois_State_University","Normal, Illinois","https://en.wikipedia.org/wiki/Normal,_Illinois","Active","21","https://en.wikipedia.org/wiki/List_of_Omega_Psi_Phi_chapters#cite_note-:22-33","[","]","",""
"1158","Rho Beta","September 15, 1971","McNeese State University","https://en.wikipedia.org/wiki/McNeese_State_University","Lake Charles, Louisiana","https://en.wikipedia.org/wiki/Lake_Charles,_Louisiana","Inactive","23","https://en.wikipedia.org/wiki/List_of_Omega_Psi_Phi_chapters#cite_note-:18-36","[","]","",""
"1159","Sigma Beta","October 7, 1971","","","Indiana University–Purdue University Indianapolis","https://en.wikipedia.org/wiki/Indiana_University%E2%80%93Purdue_University_Indianapolis","Inactive","27","https://en.wikipedia.org/wiki/List_of_Omega_Psi_Phi_chapters#cite_note-:23-41","[","]","Indianapolis, Indiana","https://en.wikipedia.org/wiki/Indianapolis,_Indiana"
"1160","Tau Beta","October 20, 1971","Ramapo College","https://en.wikipedia.org/wiki/Ramapo_College","Mahwah, New Jersey","https://en.wikipedia.org/wiki/Mahwah,_New_Jersey","Active","","","","","",""
"","","","Rutgers University–Camden","https://en.wikipedia.org/wiki/Rutgers_University%E2%80%93Camden","Camden, New Jersey","https://en.wikipedia.org/wiki/Camden,_New_Jersey","","","","","","",""
"1161","Upsilon Beta","November 11, 1971","Ball State University","https://en.wikipedia.org/wiki/Ball_State_University","Muncie, Indiana","https://en.wikipedia.org/wiki/Muncie,_Indiana","Active","27","https://en.wikipedia.org/wiki/List_of_Omega_Psi_Phi_chapters#cite_note-:23-41","[","]","",""
"1162","Phi Beta","November 18, 1971","Hawkins, Texas","https://en.wikipedia.org/wiki/Hawkins,_Texas","","","Active","16","https://en.wikipedia.org/wiki/List_of_Omega_Psi_Phi_chapters#cite_note-:21-24","[","]","Jarvis Christian College","https://en.wikipedia.org/wiki/Jarvis_Christian_College"
"1164","Psi Beta","January 12, 1972","Morehead State University","https://en.wikipedia.org/wiki/Morehead_State_University","Morehead, Kentucky","https://en.wikipedia.org/wiki/Morehead,_Kentucky","Active","6","https://en.wikipedia.org/wiki/List_of_Omega_Psi_Phi_chapters#cite_note-:0-7","[","]","",""
"1163","Chi Beta","January 14, 1972","California State University, Long Beach","https://en.wikipedia.org/wiki/California_State_University,_Long_Beach","Long Beach, California","https://en.wikipedia.org/wiki/Long_Beach,_California","Active","","","","","",""
"1165","Omega Beta","March 9, 1972","Stephen F. Austin State University","https://en.wikipedia.org/wiki/Stephen_F._Austin_State_University","Nacogdoches, Texas","https://en.wikipedia.org/wiki/Nacogdoches,_Texas","Active","16","https://en.wikipedia.org/wiki/List_of_Omega_Psi_Phi_chapters#cite_note-:21-24","[","]","",""
"1166","Alpha Delta","March 9, 1972","Austin, Texas","https://en.wikipedia.org/wiki/Austin,_Texas","","","Inactive","16","https://en.wikipedia.org/wiki/List_of_Omega_Psi_Phi_chapters#cite_note-:21-24","[","]","Dallas Baptist College","https://en.wikipedia.org/wiki/Dallas_Baptist_College"
"1167","Beta Delta","March 18, 1972","University of Central Arkansas","https://en.wikipedia.org/wiki/University_of_Central_Arkansas","Conway, Arkansas","https://en.wikipedia.org/wiki/Conway,_Arkansas","Active","26","https://en.wikipedia.org/wiki/List_of_Omega_Psi_Phi_chapters#cite_note-:17-40","[","]","",""
"1168","Gamma Delta","April 7, 1972","University of Louisiana at Lafayette","https://en.wikipedia.org/wiki/University_of_Louisiana_at_Lafayette","Lafayette, Louisiana","https://en.wikipedia.org/wiki/Lafayette,_Louisiana","Active","23","https://en.wikipedia.org/wiki/List_of_Omega_Psi_Phi_chapters#cite_note-:18-36","[","]","",""
"1170","Epsilon Delta","April 16, 1972","University of Missouri","https://en.wikipedia.org/wiki/University_of_Missouri","Columbia, Missouri","https://en.wikipedia.org/wiki/Columbia,_Missouri","Active","","","","","",""
"1169","Delta Delta","April 19, 1972","Kansas State University","https://en.wikipedia.org/wiki/Kansas_State_University","Manhattan, Kansas","https://en.wikipedia.org/wiki/Manhattan,_Kansas","Active","","","","","",""
"1171","Zeta Delta","April 20, 1972","Emporia State University","https://en.wikipedia.org/wiki/Emporia_State_University","Emporia, Kansas","https://en.wikipedia.org/wiki/Emporia,_Kansas","Active","","","","","",""
"1172","Eta Delta","May 1, 1972","Indiana University Northwest","https://en.wikipedia.org/wiki/Indiana_University_Northwest","Gary, Indiana","https://en.wikipedia.org/wiki/Gary,_Indiana","Inactive","","","","","",""
"1173","Theta Delta","May 15, 1972","Northwestern State University","https://en.wikipedia.org/wiki/Northwestern_State_University","Natchitoches, Louisiana","https://en.wikipedia.org/wiki/Natchitoches,_Louisiana","Inactive","23","https://en.wikipedia.org/wiki/List_of_Omega_Psi_Phi_chapters#cite_note-:18-36","[","]","",""
"1174","Iota Delta","May 16, 1972","Northern Illinois University","https://en.wikipedia.org/wiki/Northern_Illinois_University","","","Active","21","https://en.wikipedia.org/wiki/List_of_Omega_Psi_Phi_chapters#cite_note-:22-33","[","]","Dekalb, Illinois","https://en.wikipedia.org/wiki/Dekalb,_Illinois"
"1175","Kappa Delta","May 19, 1972","University of Alabama at Birmingham","https://en.wikipedia.org/wiki/University_of_Alabama_at_Birmingham","Birmingham, Alabama","https://en.wikipedia.org/wiki/Birmingham,_Alabama","Active","","","","","",""
"1176","Lambda Delta","May 25, 1972","Eureka College","https://en.wikipedia.org/wiki/Eureka_College","Eureka, Illinois","https://en.wikipedia.org/wiki/Eureka,_Illinois","Active","","","","","",""
"1177","Mu Delta","May 30, 1972","University of Iowa","https://en.wikipedia.org/wiki/University_of_Iowa","Iowa City, Iowa","https://en.wikipedia.org/wiki/Iowa_City,_Iowa","Active","","","","","",""
"1178","Nu Delta","June 12, 1972","Columbus State University","https://en.wikipedia.org/wiki/Columbus_State_University","Columbus, Georgia","https://en.wikipedia.org/wiki/Columbus,_Georgia","Active","","","","","",""
"1179","Xi Delta","September 18, 1972","Texas State University","https://en.wikipedia.org/wiki/Texas_State_University","San Marcos, Texas","https://en.wikipedia.org/wiki/San_Marcos,_Texas","Active","16","https://en.wikipedia.org/wiki/List_of_Omega_Psi_Phi_chapters#cite_note-:21-24","[","]","",""
"1180","Omicron Delta","September 19, 1972","University of Miami","https://en.wikipedia.org/wiki/University_of_Miami","","","Active","","","","","Miami, Florida","https://en.wikipedia.org/wiki/Miami,_Florida"
"1181","Pi Delta","September 22, 1972","University of Oklahoma","https://en.wikipedia.org/wiki/University_of_Oklahoma","Norman, Oklahoma","https://en.wikipedia.org/wiki/Norman,_Oklahoma","Active","22","https://en.wikipedia.org/wiki/List_of_Omega_Psi_Phi_chapters#cite_note-:20-35","[","]","",""
"1191","Beta Zeta","October 28, 1972","University of Georgia","https://en.wikipedia.org/wiki/University_of_Georgia","Athens, Georgia","https://en.wikipedia.org/wiki/Athens,_Georgia","Active","","","","","",""
"1182","Rho Delta","February 15, 1973","Kingsville, Texas","https://en.wikipedia.org/wiki/Kingsville,_Texas","","","Inactive","16","https://en.wikipedia.org/wiki/List_of_Omega_Psi_Phi_chapters#cite_note-:21-24","[","]","Texas A&M University-Kingsville","https://en.wikipedia.org/wiki/Texas_A%26M_University-Kingsville"
"1183","Sigma Delta","March 2, 1973","Auburn University","https://en.wikipedia.org/wiki/Auburn_University","Auburn, Alabama","https://en.wikipedia.org/wiki/Auburn,_Alabama","Active","","","","","",""
"1184","Tau Delta","March 2, 1973","Wofford College","https://en.wikipedia.org/wiki/Wofford_College","Spartanburg, South Carolina","https://en.wikipedia.org/wiki/Spartanburg,_South_Carolina","Active","","","","","",""
"1187","Chi Delta (First)","March 3, 1973","University of Maryland, College Park","https://en.wikipedia.org/wiki/University_of_Maryland,_College_Park","College Park, Maryland","https://en.wikipedia.org/wiki/College_Park,_Maryland","Moved","x","https://en.wikipedia.org/wiki/List_of_Omega_Psi_Phi_chapters#cite_note-57","[","]","",""
"1185","Upsilon Delta","March 19, 1973","University of South Florida","https://en.wikipedia.org/wiki/University_of_South_Florida","Tampa, Florida","https://en.wikipedia.org/wiki/Tampa,_Florida","Active","","","","","",""
"1188","Psi Delta","March 22, 1973","University of North Carolina at Chapel Hill","https://en.wikipedia.org/wiki/University_of_North_Carolina_at_Chapel_Hill","Chapel Hill, North Carolina","https://en.wikipedia.org/wiki/Chapel_Hill,_North_Carolina","Active","","","","","",""
"1186","Phi Delta","March 20, 1973","Virginia Commonwealth University","https://en.wikipedia.org/wiki/Virginia_Commonwealth_University","Richmond, Virginia","https://en.wikipedia.org/wiki/Richmond,_Virginia","Active","5","https://en.wikipedia.org/wiki/List_of_Omega_Psi_Phi_chapters#cite_note-:15-5","[","]","",""
"1189","Omega Delta","March 29, 1973","West Chester University","https://en.wikipedia.org/wiki/West_Chester_University","West Chester, Pennsylvania","https://en.wikipedia.org/wiki/West_Chester,_Pennsylvania","Active","","","","","",""
"1190","Alpha Zeta","April 11, 1973","Arkansas State University","https://en.wikipedia.org/wiki/Arkansas_State_University","","","Active","26","https://en.wikipedia.org/wiki/List_of_Omega_Psi_Phi_chapters#cite_note-:17-40","[","]","State University, Arkansas","https://en.wikipedia.org/wiki/State_University,_Arkansas"
"1221","Theta Eta","April 19, 1975","Jacksonville State University","https://en.wikipedia.org/wiki/Jacksonville_State_University","Jacksonville, Alabama","https://en.wikipedia.org/wiki/Jacksonville,_Alabama","Active","","","","","",""
"1198","Iota Zeta","April 23, 1973","University of Tennessee at Martin","https://en.wikipedia.org/wiki/University_of_Tennessee_at_Martin","Martin, Tennessee","https://en.wikipedia.org/wiki/Martin,_Tennessee","Active","6","https://en.wikipedia.org/wiki/List_of_Omega_Psi_Phi_chapters#cite_note-:0-7","[","]","",""
"1201","Mu Zeta","April 25, 1973","Middle Tennessee State University","https://en.wikipedia.org/wiki/Middle_Tennessee_State_University","Murfreesboro, Tennessee","https://en.wikipedia.org/wiki/Murfreesboro,_Tennessee","Active","6","https://en.wikipedia.org/wiki/List_of_Omega_Psi_Phi_chapters#cite_note-:0-7","[","]","",""
"1192","Gamma Zeta","May 2, 1973","Mercer University","https://en.wikipedia.org/wiki/Mercer_University","Macon, Georgia","https://en.wikipedia.org/wiki/Macon,_Georgia","Active","","","","","",""
"1193","Delta Zeta (First)","May 21, 1973","Villanova University","https://en.wikipedia.org/wiki/Villanova_University","Villanova, Pennsylvania","https://en.wikipedia.org/wiki/Villanova,_Pennsylvania","Inactive, Reassigned","","","","","",""
"1194","Epsilon Zeta","July 31, 1973","University of North Carolina at Charlotte","https://en.wikipedia.org/wiki/University_of_North_Carolina_at_Charlotte","Charlotte, North Carolina","https://en.wikipedia.org/wiki/Charlotte,_North_Carolina","Active","","","","","",""
"1195","Zeta Zeta","July 31, 1973","University of South Carolina","https://en.wikipedia.org/wiki/University_of_South_Carolina","Columbia, South Carolina","https://en.wikipedia.org/wiki/Columbia,_South_Carolina","Active","","","","","",""
"1196","Eta Zeta","July 31, 1973","University of Mississippi","https://en.wikipedia.org/wiki/University_of_Mississippi","Oxford, Mississippi","https://en.wikipedia.org/wiki/Oxford,_Mississippi","Active","","","","","",""
"1197","Theta Zeta","September 9, 1973","East Tennessee State University","https://en.wikipedia.org/wiki/East_Tennessee_State_University","Johnson City, Tennessee","https://en.wikipedia.org/wiki/Johnson_City,_Tennessee","Active","6","https://en.wikipedia.org/wiki/List_of_Omega_Psi_Phi_chapters#cite_note-:0-7","[","]","",""
"1199","Kappa Zeta","September 10, 1973","Southeastern Oklahoma State University","https://en.wikipedia.org/wiki/Southeastern_Oklahoma_State_University","Durant, Oklahoma","https://en.wikipedia.org/wiki/Durant,_Oklahoma","Inactive","22","https://en.wikipedia.org/wiki/List_of_Omega_Psi_Phi_chapters#cite_note-:20-35","[","]","",""
"1200","Lambda Zeta","September 10, 1973","University of Virginia","https://en.wikipedia.org/wiki/University_of_Virginia","Charlottesville, Virginia","https://en.wikipedia.org/wiki/Charlottesville,_Virginia","Active","5","https://en.wikipedia.org/wiki/List_of_Omega_Psi_Phi_chapters#cite_note-:15-5","[","]","",""
"1203","Xi Zeta","September 28, 1973","University of Memphis","https://en.wikipedia.org/wiki/University_of_Memphis","Memphis, Tennessee","https://en.wikipedia.org/wiki/Memphis,_Tennessee","Active","6","https://en.wikipedia.org/wiki/List_of_Omega_Psi_Phi_chapters#cite_note-:0-7","[","]","",""
"1202","Nu Zeta","September 29, 1973","West Virginia University","https://en.wikipedia.org/wiki/West_Virginia_University","Morgantown, West Virginia","https://en.wikipedia.org/wiki/Morgantown,_West_Virginia","Active","20","https://en.wikipedia.org/wiki/List_of_Omega_Psi_Phi_chapters#cite_note-:16-31","[","]","",""
"1207","Sigma Zeta","November 3, 1973","Whitewater, Wisconsin","https://en.wikipedia.org/wiki/Whitewater,_Wisconsin","","","Active","","","","","University of Wisconsin at Whitewater","https://en.wikipedia.org/wiki/University_of_Wisconsin_at_Whitewater"
"1204","Omicron Zeta","November 5, 1973","University of Florida","https://en.wikipedia.org/wiki/University_of_Florida","Gainesville, Florida","https://en.wikipedia.org/wiki/Gainesville,_Florida","Active","","","","","",""
"1205","Pi Zeta","November 6, 1973","Berea, Ohio","https://en.wikipedia.org/wiki/Berea,_Ohio","","","Active","","","","","Baldwin Wallace College","https://en.wikipedia.org/wiki/Baldwin_Wallace_College"
"1206","Rho Zeta","November 6, 1973","Kean University","https://en.wikipedia.org/wiki/Kean_University","Union, New Jersey","https://en.wikipedia.org/wiki/Union_Township,_Union_County,_New_Jersey","Active","","","","","",""
"1208","Tau Zeta","November 6, 1973","Rutgers University","https://en.wikipedia.org/wiki/Rutgers_University","New Brunswick, New Jersey","https://en.wikipedia.org/wiki/New_Brunswick,_New_Jersey","Active","","","","","",""
"1209","Upsilon Zeta","December 11, 1973","East Carolina University","https://en.wikipedia.org/wiki/East_Carolina_University","Greenville, North Carolina","https://en.wikipedia.org/wiki/Greenville,_North_Carolina","Active","","","","","",""
"1210","Phi Zeta","February 11, 1974","Ferris State University","https://en.wikipedia.org/wiki/Ferris_State_University","Big Rapids, Michigan","https://en.wikipedia.org/wiki/Big_Rapids,_Michigan","Active","13","https://en.wikipedia.org/wiki/List_of_Omega_Psi_Phi_chapters#cite_note-:26-19","[","]","",""
"1211","Chi Zeta","April 6, 1974","Clemson University","https://en.wikipedia.org/wiki/Clemson_University","Clemson, South Carolina","https://en.wikipedia.org/wiki/Clemson,_South_Carolina","Active","","","","","",""
"1213","Omega Zeta","April 12, 1974","Duke University","https://en.wikipedia.org/wiki/Duke_University","Durham, North Carolina","https://en.wikipedia.org/wiki/Durham,_North_Carolina","Active","","","","","",""
"1212","Psi Zeta","April 18, 1974","University of Delaware","https://en.wikipedia.org/wiki/University_of_Delaware","Newark, Delaware","https://en.wikipedia.org/wiki/Newark,_Delaware","Active","","","","","",""
"1215","Beta Eta","April 20, 1974","University of Alabama","https://en.wikipedia.org/wiki/University_of_Alabama","Tuscaloosa, Alabama","https://en.wikipedia.org/wiki/Tuscaloosa,_Alabama","Active","","","","","",""
"1214","Alpha Eta","September 7, 1974","East Stroudsburg, Pennsylvania","https://en.wikipedia.org/wiki/East_Stroudsburg,_Pennsylvania","","","Active","","","","","East Stroudsburg University of Pennsylvania","https://en.wikipedia.org/wiki/East_Stroudsburg_University_of_Pennsylvania"
"","","","Commonwealth University-Bloomsburg","https://en.wikipedia.org/wiki/Commonwealth_University-Bloomsburg","","","","","","","","",""
"1216","Gamma Eta","February 18, 1975","Fayetteville, Arkansas","https://en.wikipedia.org/wiki/Fayetteville,_Arkansas","","","Active","26","https://en.wikipedia.org/wiki/List_of_Omega_Psi_Phi_chapters#cite_note-:17-40","[","]","University of Arkansas-Fayetteville","https://en.wikipedia.org/wiki/University_of_Arkansas-Fayetteville"
"1217","Delta Eta","February 18, 1975","Southern Arkansas University","https://en.wikipedia.org/wiki/Southern_Arkansas_University","Magnolia, Arkansas","https://en.wikipedia.org/wiki/Magnolia,_Arkansas","Active","26","https://en.wikipedia.org/wiki/List_of_Omega_Psi_Phi_chapters#cite_note-:17-40","[","]","",""
"1218","Epsilon Eta","February 18, 1975","Chicago State University","https://en.wikipedia.org/wiki/Chicago_State_University","","","Active","2","https://en.wikipedia.org/wiki/List_of_Omega_Psi_Phi_chapters#cite_note-:10-2","[","]","Chicago, Illinois","https://en.wikipedia.org/wiki/Chicago,_Illinois"
"1219","Zeta Eta","April 5, 1975","Paul Quinn College","https://en.wikipedia.org/wiki/Paul_Quinn_College","Red Oak, Texas","https://en.wikipedia.org/wiki/Red_Oak,_Texas","Inactive","16","https://en.wikipedia.org/wiki/List_of_Omega_Psi_Phi_chapters#cite_note-:21-24","[","]","",""
"1220","Eta Eta","April 18, 1975","Kettering University","https://en.wikipedia.org/wiki/Kettering_University","Flint, Michigan","https://en.wikipedia.org/wiki/Flint,_Michigan","Active","34","https://en.wikipedia.org/wiki/List_of_Omega_Psi_Phi_chapters#cite_note-58","[","]","",""
"","","","University of South Alabama","https://en.wikipedia.org/wiki/University_of_South_Alabama","","","","","","","","",""
"","","","University of Michigan–Flint","https://en.wikipedia.org/wiki/University_of_Michigan%E2%80%93Flint","","","","","","","","",""
"1222","Iota Eta","July 20, 1975","New Jersey Institute of Technology","https://en.wikipedia.org/wiki/New_Jersey_Institute_of_Technology","Newark, New Jersey","https://en.wikipedia.org/wiki/Newark,_New_Jersey","Active","","","","","",""
"","","","Rutgers University–Newark","https://en.wikipedia.org/wiki/Rutgers_University%E2%80%93Newark","","","","","","","","",""
"1223","Kappa Eta","July 20, 1975","Seton Hall University","https://en.wikipedia.org/wiki/Seton_Hall_University","South Orange, New Jersey","https://en.wikipedia.org/wiki/South_Orange,_New_Jersey","Active","","","","","",""
"1224","Lambda Eta","September 10, 1975","Wake Forest University","https://en.wikipedia.org/wiki/Wake_Forest_University","Winston-Salem, North Carolina","https://en.wikipedia.org/wiki/Winston-Salem,_North_Carolina","Active","","","","","",""
"1225","Mu Eta","November 12, 1975","Birmingham, Alabama","https://en.wikipedia.org/wiki/Birmingham,_Alabama","Daniel Payne College","https://en.wikipedia.org/wiki/Daniel_Payne_College","Inactive","z","https://en.wikipedia.org/wiki/List_of_Omega_Psi_Phi_chapters#cite_note-60","[","]","",""
"1226","Nu Eta","November 12, 1975","University of Southern Mississippi","https://en.wikipedia.org/wiki/University_of_Southern_Mississippi","Hattiesburg, Mississippi","https://en.wikipedia.org/wiki/Hattiesburg,_Mississippi","Active","","","","","",""
"1227","Xi Eta","November 15, 1975","Texas Tech University","https://en.wikipedia.org/wiki/Texas_Tech_University","Lubbock, Texas","https://en.wikipedia.org/wiki/Lubbock,_Texas","Inactive","16","https://en.wikipedia.org/wiki/List_of_Omega_Psi_Phi_chapters#cite_note-:21-24","[","]","",""
"1228","Omicron Eta","November 15, 1975","University of Connecticut","https://en.wikipedia.org/wiki/University_of_Connecticut","Storrs, Connecticut","https://en.wikipedia.org/wiki/Storrs,_Connecticut","Active","","","","","",""
"1229","Pi Eta","March 22, 1976","Lewis University","https://en.wikipedia.org/wiki/Lewis_University","Romeoville, Illinois","https://en.wikipedia.org/wiki/Romeoville,_Illinois","Active","21","https://en.wikipedia.org/wiki/List_of_Omega_Psi_Phi_chapters#cite_note-:22-33","[","]","",""
"1230","Rho Eta","April 10, 1976","University of Kansas","https://en.wikipedia.org/wiki/University_of_Kansas","Lawrence, Kansas","https://en.wikipedia.org/wiki/Lawrence,_Kansas","Active","","","","","",""
"1231","Sigma Eta","April 10, 1976","University of California, Riverside","https://en.wikipedia.org/wiki/University_of_California,_Riverside","Riverside, California","https://en.wikipedia.org/wiki/Riverside,_California","Active","","","","","",""
"1234","Phi Eta","April 10, 1976","University of Louisville","https://en.wikipedia.org/wiki/University_of_Louisville","Louisville, Kentucky","https://en.wikipedia.org/wiki/Louisville,_Kentucky","Active","6","https://en.wikipedia.org/wiki/List_of_Omega_Psi_Phi_chapters#cite_note-:0-7","[","]","",""
"1232","Tau Eta","April 15, 1976","Drake University","https://en.wikipedia.org/wiki/Drake_University","Des Moines, Iowa","https://en.wikipedia.org/wiki/Des_Moines,_Iowa","Active","","","","","",""
"1233","Upsilon Eta","May 11, 1976","Greenwood, South Carolina","https://en.wikipedia.org/wiki/Greenwood,_South_Carolina","","","Active","","","","","Lander College","https://en.wikipedia.org/wiki/Lander_College"
"1235","Chi Eta","July 1, 1976","University of Northern Iowa","https://en.wikipedia.org/wiki/University_of_Northern_Iowa","Cedar Falls, Iowa","https://en.wikipedia.org/wiki/Cedar_Falls,_Iowa","Active","","","","","",""
"1236","Psi Eta","July 1, 1976","North Carolina A&T State University","https://en.wikipedia.org/wiki/North_Carolina_A%26T_State_University","Greensboro, North Carolina","https://en.wikipedia.org/wiki/Greensboro,_North_Carolina","Active","","","","","",""
"1238","Alpha Kappa","August 15, 1976","Marquette University","https://en.wikipedia.org/wiki/Marquette_University","","","Active","29","https://en.wikipedia.org/wiki/List_of_Omega_Psi_Phi_chapters#cite_note-:25-49","[","]","Milwaukee, Wisconsin","https://en.wikipedia.org/wiki/Milwaukee,_Wisconsin"
"1237","Omega Eta","August 15, 1976","Augusta State University","https://en.wikipedia.org/wiki/Augusta_State_University","Augusta, Georgia","https://en.wikipedia.org/wiki/Augusta,_Georgia","Active","","","","","",""
"1239","Beta Kappa","October 13, 1976","Frostburg State University","https://en.wikipedia.org/wiki/Frostburg_State_University","Frostburg, Maryland","https://en.wikipedia.org/wiki/Frostburg,_Maryland","Active","","","","","",""
"1626","Eta Xi","October 13, 1976","Mississippi State University","https://en.wikipedia.org/wiki/Mississippi_State_University","Starkville, Mississippi","https://en.wikipedia.org/wiki/Starkville,_Mississippi","Active","","","","","",""
"1241","Delta Kappa","November 20, 1976","","","","","Active","","","","","Georgia Institute of Technology","https://en.wikipedia.org/wiki/Georgia_Institute_of_Technology"
"1242","Epsilon Kappa","November 20, 1976","Clarion, Pennsylvania","https://en.wikipedia.org/wiki/Clarion,_Pennsylvania","","","Active","","","","","Clarion University of Pennsylvania","https://en.wikipedia.org/wiki/Clarion_University_of_Pennsylvania"
"1243","Zeta Kappa","November 20, 1976","University of South Alabama","https://en.wikipedia.org/wiki/University_of_South_Alabama","Mobile, Alabama","https://en.wikipedia.org/wiki/Mobile,_Alabama","Active","","","","","",""
"1629","Kappa Xi","November 20, 1976","University of Nevada, Las Vegas","https://en.wikipedia.org/wiki/University_of_Nevada,_Las_Vegas","","","Inactive","17","https://en.wikipedia.org/wiki/List_of_Omega_Psi_Phi_chapters#cite_note-:27-25","[","]","Las Vegas, Nevada","https://en.wikipedia.org/wiki/Las_Vegas,_Nevada"
"1247","Kappa Kappa","December 19, 1976","University of West Georgia","https://en.wikipedia.org/wiki/University_of_West_Georgia","Carrollton, Georgia","https://en.wikipedia.org/wiki/Carrollton,_Georgia","Active","","","","","",""
"1244","Eta Kappa (First)","March 12, 1977","Millersville University of Pennsylvania","https://en.wikipedia.org/wiki/Millersville_University","Millersville, Pennsylvania","https://en.wikipedia.org/wiki/Millersville,_Pennsylvania","Moved","aa","https://en.wikipedia.org/wiki/List_of_Omega_Psi_Phi_chapters#cite_note-61","[","]","",""
"1245","Theta Kappa","March 12, 1977","Louisiana State University","https://en.wikipedia.org/wiki/Louisiana_State_University","Baton Rouge, Louisiana","https://en.wikipedia.org/wiki/Baton_Rouge,_Louisiana","Active","23","https://en.wikipedia.org/wiki/List_of_Omega_Psi_Phi_chapters#cite_note-:18-36","[","]","",""
"1249","Mu Kappa","May 1, 1977","California Polytechnic State University, San Luis Obispo","https://en.wikipedia.org/wiki/California_Polytechnic_State_University,_San_Luis_Obispo","San Luis Obispo, California","https://en.wikipedia.org/wiki/San_Luis_Obispo,_California","Active","","","","","",""
"1250","Nu Kappa","August 31, 1977","Southern Methodist University","https://en.wikipedia.org/wiki/Southern_Methodist_University","University Park, Texas","https://en.wikipedia.org/wiki/University_Park,_Texas","Inactive","16","https://en.wikipedia.org/wiki/List_of_Omega_Psi_Phi_chapters#cite_note-:21-24","[","]","",""
"1251","Xi Kappa","August 31, 1977","PennWest California","https://en.wikipedia.org/wiki/PennWest_California","California, Pennsylvania","https://en.wikipedia.org/wiki/California,_Pennsylvania","Active","","","","","",""
"1270","Iota Lambda","December 17, 1977","Wilmington, North Carolina","https://en.wikipedia.org/wiki/Wilmington,_North_Carolina","","","Active","","","","","University of North Carolina at Wilmington","https://en.wikipedia.org/wiki/University_of_North_Carolina_at_Wilmington"
"1273","Mu Lambda","December 17, 1977","Monroe, Louisiana","https://en.wikipedia.org/wiki/Monroe,_Louisiana","","","Inactive","23","https://en.wikipedia.org/wiki/List_of_Omega_Psi_Phi_chapters#cite_note-:18-36","[","]","University of Louisiana-Monroe","https://en.wikipedia.org/wiki/University_of_Louisiana-Monroe"
"1638","Tau Xi","December 17, 1977","University of Cincinnati","https://en.wikipedia.org/wiki/University_of_Cincinnati","","","Active","20","https://en.wikipedia.org/wiki/List_of_Omega_Psi_Phi_chapters#cite_note-:16-31","[","]","Cincinnati, Ohio","https://en.wikipedia.org/wiki/Cincinnati,_Ohio"
"1253","Pi Kappa","March 1, 1978","University of Arkansas at Little Rock","https://en.wikipedia.org/wiki/University_of_Arkansas_at_Little_Rock","Little Rock, Arkansas","https://en.wikipedia.org/wiki/Little_Rock,_Arkansas","Active","26","https://en.wikipedia.org/wiki/List_of_Omega_Psi_Phi_chapters#cite_note-:17-40","[","]","",""
"1643","Omega Xi","March 10, 1978","Lehigh University","https://en.wikipedia.org/wiki/Lehigh_University","Bethlehem, Pennsylvania","https://en.wikipedia.org/wiki/Bethlehem,_Pennsylvania","Active","","","","","",""
"","","","Albright College","https://en.wikipedia.org/wiki/Albright_College","","","","","","","","",""
"","","","Delaware Valley University","https://en.wikipedia.org/wiki/Delaware_Valley_University","","","","","","","","",""
"","","","","","","","","","","","","Kutztown University of Pennsylvania","https://en.wikipedia.org/wiki/Kutztown_University_of_Pennsylvania"
"","","","Lafayette College","https://en.wikipedia.org/wiki/Lafayette_College","","","","","","","","",""
"","","","Moravian University","https://en.wikipedia.org/wiki/Moravian_University","","","","","","","","",""
"","","","Muhlenberg College","https://en.wikipedia.org/wiki/Muhlenberg_College","","","","","","","","",""
"1254","Rho Kappa","March 10, 1978","Austin Peay State University","https://en.wikipedia.org/wiki/Austin_Peay_State_University","Clarksville, Tennessee","https://en.wikipedia.org/wiki/Clarksville,_Tennessee","Active","6","https://en.wikipedia.org/wiki/List_of_Omega_Psi_Phi_chapters#cite_note-:0-7","[","]","",""
"1255","Sigma Kappa","March 10, 1978","University of Central Oklahoma","https://en.wikipedia.org/wiki/University_of_Central_Oklahoma","Edmond, Oklahoma","https://en.wikipedia.org/wiki/Edmond,_Oklahoma","Inactive","22","https://en.wikipedia.org/wiki/List_of_Omega_Psi_Phi_chapters#cite_note-:20-35","[","]","",""
"1256","Tau Kappa","March 27, 1978","Omaha, Nebraska","https://en.wikipedia.org/wiki/Omaha,_Nebraska","","","Active","","","","","",""
"1258","Phi Kappa","September 15, 1978","Rowan University","https://en.wikipedia.org/wiki/Rowan_University","Glassboro, New Jersey","https://en.wikipedia.org/wiki/Glassboro,_New_Jersey","Active","","","","","",""
"1257","Upsilon Kappa","October 1, 1978","Oshkosh, Wisconsin","https://en.wikipedia.org/wiki/Oshkosh,_Wisconsin","","","Active","","","","","University of Wisconsin-Oshkosh","https://en.wikipedia.org/wiki/University_of_Wisconsin-Oshkosh"
"1283","Chi Lambda","March 1, 1979","Cookeville, Tennessee","https://en.wikipedia.org/wiki/Cookeville,_Tennessee","","","Active","6","https://en.wikipedia.org/wiki/List_of_Omega_Psi_Phi_chapters#cite_note-:0-7","[","]","Tennessee Tech University","https://en.wikipedia.org/wiki/Tennessee_Tech_University"
"1260","Psi Kappa","March 9, 1979","Winthrop University","https://en.wikipedia.org/wiki/Winthrop_University","Rock Hill, South Carolina","https://en.wikipedia.org/wiki/Rock_Hill,_South_Carolina","Active","","","","","",""
"1261","Omega Kappa","March 9, 1979","Nicholls State University","https://en.wikipedia.org/wiki/Nicholls_State_University","Thibodaux, Louisiana","https://en.wikipedia.org/wiki/Thibodaux,_Louisiana","Inactive","23","https://en.wikipedia.org/wiki/List_of_Omega_Psi_Phi_chapters#cite_note-:18-36","[","]","",""
"1274","Nu Lambda","March 15, 1980","University of Wisconsin–Milwaukee","https://en.wikipedia.org/wiki/University_of_Wisconsin%E2%80%93Milwaukee","Milwaukee, Wisconsin","https://en.wikipedia.org/wiki/Milwaukee","Inactive","","","","","",""
"1262","Alpha Lambda","August 6, 1979","Southern University at New Orleans","https://en.wikipedia.org/wiki/Southern_University_at_New_Orleans","","","Inactive","23","https://en.wikipedia.org/wiki/List_of_Omega_Psi_Phi_chapters#cite_note-:18-36","[","]","New Orleans, Louisiana","https://en.wikipedia.org/wiki/New_Orleans,_Louisiana"
"1263","Beta Lambda","August 6, 1979","University of South Carolina Aiken","https://en.wikipedia.org/wiki/University_of_South_Carolina_Aiken","Aiken, South Carolina","https://en.wikipedia.org/wiki/Aiken,_South_Carolina","Active","","","","","",""
"1264","Gamma Lambda","August 6, 1979","West Virginia University Institute of Technology","https://en.wikipedia.org/wiki/West_Virginia_University_Institute_of_Technology","Montgomery, West Virginia","https://en.wikipedia.org/wiki/Montgomery,_West_Virginia","Active","20","https://en.wikipedia.org/wiki/List_of_Omega_Psi_Phi_chapters#cite_note-:16-31","[","]","",""
"1266","Epsilon Lambda","August 6, 1979","Morris College","https://en.wikipedia.org/wiki/Morris_College","Sumter, South Carolina","https://en.wikipedia.org/wiki/Sumter,_South_Carolina","Active","","","","","",""
"1267","Zeta Lambda","August 6, 1979","University of Washington","https://en.wikipedia.org/wiki/University_of_Washington","","","Inactive","","","","","Seattle, Washington","https://en.wikipedia.org/wiki/Seattle,_Washington"
"1268","Eta Lambda","August 6, 1979","Virginia Tech","https://en.wikipedia.org/wiki/Virginia_Tech","Blacksburg, Virginia","https://en.wikipedia.org/wiki/Blacksburg,_Virginia","Active","5","https://en.wikipedia.org/wiki/List_of_Omega_Psi_Phi_chapters#cite_note-:15-5","[","]","",""
"1269","Theta Lambda","September 22, 1979","Western Carolina University","https://en.wikipedia.org/wiki/Western_Carolina_University","Cullowhee, North Carolina","https://en.wikipedia.org/wiki/Cullowhee,_North_Carolina","Active","","","","","",""
"1276","Omicron Lambda","February 20, 1980","Stillwater, Oklahoma","https://en.wikipedia.org/wiki/Stillwater,_Oklahoma","","","Inactive","22","https://en.wikipedia.org/wiki/List_of_Omega_Psi_Phi_chapters#cite_note-:20-35","[","]","Oklahoma State University-Stillwater","https://en.wikipedia.org/wiki/Oklahoma_State_University-Stillwater"
"1277","Pi Lambda","February 28, 1980","University of Texas at El Paso","https://en.wikipedia.org/wiki/University_of_Texas_at_El_Paso","El Paso, Texas","https://en.wikipedia.org/wiki/El_Paso,_Texas","Inactive","16","https://en.wikipedia.org/wiki/List_of_Omega_Psi_Phi_chapters#cite_note-:21-24","[","]","",""
"1271","Kappa Lambda","March 15, 1980","North Carolina State University","https://en.wikipedia.org/wiki/North_Carolina_State_University","Raleigh, North Carolina","https://en.wikipedia.org/wiki/Raleigh,_North_Carolina","Active","","","","","",""
"1272","Lambda Lambda","March 15, 1980","Francis Marion University","https://en.wikipedia.org/wiki/Francis_Marion_University","Florence, South Carolina","https://en.wikipedia.org/wiki/Florence,_South_Carolina","Active","","","","","",""
"1275","Xi Lambda","March 15, 1980","Shippensburg University","https://en.wikipedia.org/wiki/Shippensburg_University","Shippensburg, Pennsylvania","https://en.wikipedia.org/wiki/Shippensburg,_Pennsylvania","Active","","","","","",""
"1278","Rho Lambda","April 26, 1980","University of Kentucky","https://en.wikipedia.org/wiki/University_of_Kentucky","Lexington, Kentucky","https://en.wikipedia.org/wiki/Lexington,_Kentucky","Active","6","https://en.wikipedia.org/wiki/List_of_Omega_Psi_Phi_chapters#cite_note-:0-7","[","]","",""
"1279","Sigma Lambda","September 13, 1980","Texas Christian University","https://en.wikipedia.org/wiki/Texas_Christian_University","Fort Worth, Texas","https://en.wikipedia.org/wiki/Fort_Worth,_Texas","Active","16","https://en.wikipedia.org/wiki/List_of_Omega_Psi_Phi_chapters#cite_note-:21-24","[","]","",""
"1280","Tau Lambda","September 13, 1980","Old Dominion University","https://en.wikipedia.org/wiki/Old_Dominion_University","Norfolk, Virginia","https://en.wikipedia.org/wiki/Norfolk,_Virginia","Inactive","5","https://en.wikipedia.org/wiki/List_of_Omega_Psi_Phi_chapters#cite_note-:15-5","[","]","",""
"1281","Upsilon Lambda","September 29, 1980","University of Maryland, Baltimore County","https://en.wikipedia.org/wiki/University_of_Maryland,_Baltimore_County","Baltimore County, Maryland","https://en.wikipedia.org/wiki/Baltimore_County,_Maryland","Active","","","","","",""
"1282","Phi Lambda","November 3, 1980","California State University, Fullerton","https://en.wikipedia.org/wiki/California_State_University,_Fullerton","Fullerton, California","https://en.wikipedia.org/wiki/Fullerton,_California","Active","17","https://en.wikipedia.org/wiki/List_of_Omega_Psi_Phi_chapters#cite_note-:27-25","[","]","",""
"","","","California State Polytechnic University, Pomona","https://en.wikipedia.org/wiki/California_State_Polytechnic_University,_Pomona","","","","","","","","",""
"","","","Chapman University","https://en.wikipedia.org/wiki/Chapman_University","","","","","","","","",""
"","","","Claremont Colleges","https://en.wikipedia.org/wiki/Claremont_Colleges","","","","","","","","",""
"","","","University of California, Irvine","https://en.wikipedia.org/wiki/University_of_California,_Irvine","","","","","","","","",""
"","","","University of La Verne","https://en.wikipedia.org/wiki/University_of_La_Verne","","","","","","","","",""
"1284","Psi Lambda","December 26, 1980","Stockton University","https://en.wikipedia.org/wiki/Stockton_University","Galloway Township, New Jersey","https://en.wikipedia.org/wiki/Galloway_Township,_New_Jersey","Active","","","","","",""
"1667","Chi Alpha Alpha","December 30, 1980","Washington State University","https://en.wikipedia.org/wiki/Washington_State_University","Pullman, Washington","https://en.wikipedia.org/wiki/Pullman,_Washington","Active","","","","","",""
"1286","Alpha Mu","August 11, 1981","Stanford University","https://en.wikipedia.org/wiki/Stanford_University","Stanford, California","https://en.wikipedia.org/wiki/Stanford,_California","Active","17","https://en.wikipedia.org/wiki/List_of_Omega_Psi_Phi_chapters#cite_note-:27-25","[","]","",""
"1287","Beta Mu","August 11, 1981","College of Charleston","https://en.wikipedia.org/wiki/College_of_Charleston","Charleston, South Carolina","https://en.wikipedia.org/wiki/Charleston,_South_Carolina","Active","","","","","",""
"1290","Epsilon Mu","February 13, 1982","University of California, Berkeley","https://en.wikipedia.org/wiki/University_of_California,_Berkeley","Berkeley, California","https://en.wikipedia.org/wiki/Berkeley,_California","Active","17","https://en.wikipedia.org/wiki/List_of_Omega_Psi_Phi_chapters#cite_note-:27-25","[","]","",""
"1288","Gamma Mu","June 25, 1982","Indiana University of Pennsylvania","https://en.wikipedia.org/wiki/Indiana_University_of_Pennsylvania","Indiana, Pennsylvania","https://en.wikipedia.org/wiki/Indiana,_Pennsylvania","Active","","","","","",""
"1289","Delta Mu","June 25, 1982","Cornell University","https://en.wikipedia.org/wiki/Cornell_University","Ithaca, New York","https://en.wikipedia.org/wiki/Ithaca,_New_York","Active","","","","","",""
"1677","Theta Beta Beta","June 25, 1982","Dartmouth College","https://en.wikipedia.org/wiki/Dartmouth_College","Hanover, New Hampshire","https://en.wikipedia.org/wiki/Hanover,_New_Hampshire","Active","","","","","",""
"1292","Eta Mu","July 27, 1982","Sam Houston State University","https://en.wikipedia.org/wiki/Sam_Houston_State_University","Huntsville, Texas","https://en.wikipedia.org/wiki/Huntsville,_Texas","Active","16","https://en.wikipedia.org/wiki/List_of_Omega_Psi_Phi_chapters#cite_note-:21-24","[","]","",""
"1293","Theta Mu","February 15, 1983","University of New Orleans","https://en.wikipedia.org/wiki/University_of_New_Orleans","","","Active","25","https://en.wikipedia.org/wiki/List_of_Omega_Psi_Phi_chapters#cite_note-:19-39","[","]","New Orleans, Louisiana","https://en.wikipedia.org/wiki/New_Orleans,_Louisiana"
"1294","Iota Mu","March 27, 1983","California State University, Sacramento","https://en.wikipedia.org/wiki/California_State_University,_Sacramento","Sacramento, California","https://en.wikipedia.org/wiki/Sacramento,_California","Active","17","https://en.wikipedia.org/wiki/List_of_Omega_Psi_Phi_chapters#cite_note-:27-25","[","]","",""
"","","","California State University, Chico","https://en.wikipedia.org/wiki/California_State_University,_Chico","","","","","","","","",""
"","","","University of California, Davis","https://en.wikipedia.org/wiki/University_of_California,_Davis","","","","","","","","",""
"1295","Kappa Mu","March 27, 1983","","","","","Inactive","2","https://en.wikipedia.org/wiki/List_of_Omega_Psi_Phi_chapters#cite_note-:10-2","[","]","University of Illinois at Chicago","https://en.wikipedia.org/wiki/University_of_Illinois_at_Chicago"
"1296","Lambda Mu","March 27, 1983","American Baptist College","https://en.wikipedia.org/wiki/American_Baptist_College","Nashville, Tennessee","https://en.wikipedia.org/wiki/Nashville,_Tennessee","Active","6","https://en.wikipedia.org/wiki/List_of_Omega_Psi_Phi_chapters#cite_note-:0-7","[","]","",""
"1297","Mu Mu","March 27, 1983","University of Missouri–Kansas City","https://en.wikipedia.org/wiki/University_of_Missouri%E2%80%93Kansas_City","Kansas City, Missouri","https://en.wikipedia.org/wiki/Kansas_City,_Missouri","Active","","","","","",""
"1928","Nu Mu","March 27, 1983","University of the Pacific","https://en.wikipedia.org/wiki/University_of_the_Pacific_(United_States)","Stockton, California","https://en.wikipedia.org/wiki/Stockton,_California","Inactive","","","","","",""
"1689","Upsilon Beta Beta","April 4, 1983","Coastal Carolina University","https://en.wikipedia.org/wiki/Coastal_Carolina_University","Conway, South Carolina","https://en.wikipedia.org/wiki/Conway,_South_Carolina","Active","","","","","",""
"1302","Rho Mu","April 16, 1983","University of Arkansas at Monticello","https://en.wikipedia.org/wiki/University_of_Arkansas_at_Monticello","Monticello, Arkansas","https://en.wikipedia.org/wiki/Monticello,_Arkansas","Active","26","https://en.wikipedia.org/wiki/List_of_Omega_Psi_Phi_chapters#cite_note-:17-40","[","]","",""
"1299","Xi Mu","June 1, 1983","University of California, Santa Barbara","https://en.wikipedia.org/wiki/University_of_California,_Santa_Barbara","Isla Vista, California","https://en.wikipedia.org/wiki/Isla_Vista,_California","Inactive","17","https://en.wikipedia.org/wiki/List_of_Omega_Psi_Phi_chapters#cite_note-:27-25","[","]","",""
"1300","Omicron Mu (First)","August 15, 1983","Weber State University","https://en.wikipedia.org/wiki/Weber_State_University","Ogden, Utah","https://en.wikipedia.org/wiki/Ogden,_Utah","Inactive","41","https://en.wikipedia.org/wiki/List_of_Omega_Psi_Phi_chapters#cite_note-:30-72","[","]","",""
"1301","Pi Mu","August 15, 1983","San Diego State University","https://en.wikipedia.org/wiki/San_Diego_State_University","","","Active","","","","","San Diego, California","https://en.wikipedia.org/wiki/San_Diego,_California"
"1303","Sigma Mu","May 18, 1984","Elon University","https://en.wikipedia.org/wiki/Elon_University","Elon, North Carolina","https://en.wikipedia.org/wiki/Elon,_North_Carolina","Active","","","","","",""
"1305","Upsilon Mu","June 27, 1984","State University of New York at Old Westbury","https://en.wikipedia.org/wiki/State_University_of_New_York_at_Old_Westbury","Old Westbury, New York","https://en.wikipedia.org/wiki/Old_Westbury,_New_York","Active","","","","","",""
"1304","Tau Mu","July 15, 1984","Fairleigh Dickinson University","https://en.wikipedia.org/wiki/Fairleigh_Dickinson_University","Teaneck, New Jersey","https://en.wikipedia.org/wiki/Teaneck,_New_Jersey","Active","","","","","",""
"1306","Phi Mu","September 29, 1984","Missouri University of Science and Technology","https://en.wikipedia.org/wiki/Missouri_University_of_Science_and_Technology","Rolla, Missouri","https://en.wikipedia.org/wiki/Rolla,_Missouri","Active","","","","","",""
"1307","Chi Mu","December 29, 1984","University of North Carolina at Pembroke","https://en.wikipedia.org/wiki/University_of_North_Carolina_at_Pembroke","Pembroke, North Carolina","https://en.wikipedia.org/wiki/Pembroke,_North_Carolina","Active","","","","","",""
"1308","Psi Mu","December 29, 1984","Appalachian State University","https://en.wikipedia.org/wiki/Appalachian_State_University","Boone, North Carolina","https://en.wikipedia.org/wiki/Boone,_North_Carolina","Active","","","","","",""
"1309","Omega Mu","July 1, 1985","Georgia College & State University","https://en.wikipedia.org/wiki/Georgia_College_%26_State_University","Milledgeville, Georgia","https://en.wikipedia.org/wiki/Milledgeville,_Georgia","Active","","","","","",""
"1310","Alpha Delta Delta","December 7, 1985","Louisiana Tech University","https://en.wikipedia.org/wiki/Louisiana_Tech_University","Ruston, Louisiana","https://en.wikipedia.org/wiki/Ruston,_Louisiana","Active","23","https://en.wikipedia.org/wiki/List_of_Omega_Psi_Phi_chapters#cite_note-:18-36","[","]","",""
"1311","Beta Delta Delta","December 7, 1985","James Madison University","https://en.wikipedia.org/wiki/James_Madison_University","Harrisonburg, Virginia","https://en.wikipedia.org/wiki/Harrisonburg,_Virginia","Active","5","https://en.wikipedia.org/wiki/List_of_Omega_Psi_Phi_chapters#cite_note-:15-5","[","]","",""
"1312","Gamma Delta Delta","February 28, 1987","University of Massachusetts Amherst","https://en.wikipedia.org/wiki/University_of_Massachusetts_Amherst","Amherst, Massachusetts","https://en.wikipedia.org/wiki/Amherst,_Massachusetts","Active","","","","","",""
"1313","Delta Delta Delta","February 28, 1987","Georgia Southwestern State University","https://en.wikipedia.org/wiki/Georgia_Southwestern_State_University","Americus, Georgia","https://en.wikipedia.org/wiki/Americus,_Georgia","Active","","","","","",""
"1283","Chi Lambda","April 4, 1987","University of North Carolina at Pembroke","https://en.wikipedia.org/wiki/University_of_North_Carolina_at_Pembroke","Pembroke, North Carolina","https://en.wikipedia.org/wiki/Pembroke,_North_Carolina","Active","","","","","",""
"1315","Zeta Delta Delta","December 5, 1987","Georgia Southern University","https://en.wikipedia.org/wiki/Georgia_Southern_University","Statesboro, Georgia","https://en.wikipedia.org/wiki/Statesboro,_Georgia","Active","","","","","",""
"1314","Epsilon Delta Delta","December 6, 1987","Saginaw Valley State University","https://en.wikipedia.org/wiki/Saginaw_Valley_State_University","Saginaw, Michigan","https://en.wikipedia.org/wiki/Saginaw,_Michigan","Active","5","https://en.wikipedia.org/wiki/List_of_Omega_Psi_Phi_chapters#cite_note-:15-5","[","]","",""
"1316","Eta Delta Delta","July 29, 1988","George Mason University","https://en.wikipedia.org/wiki/George_Mason_University","Fairfax County, Virginia","https://en.wikipedia.org/wiki/Fairfax_County,_Virginia","Active","","","","","",""
"1317","Theta Delta Delta","July 29, 1988","Mississippi State University","https://en.wikipedia.org/wiki/Mississippi_State_University","Starkville, Mississippi","https://en.wikipedia.org/wiki/Starkville,_Mississippi","Active","","","","","",""
"1318","Iota Delta Delta","December 9, 1988","Southeast Missouri State University","https://en.wikipedia.org/wiki/Southeast_Missouri_State_University","Cape Girardeau, Missouri","https://en.wikipedia.org/wiki/Cape_Girardeau,_Missouri","Active","","","","","",""
"1319","Kappa Delta Delta","February 17, 1990","Iowa Wesleyan University","https://en.wikipedia.org/wiki/Iowa_Wesleyan_University","Mount Pleasant, Iowa","https://en.wikipedia.org/wiki/Mount_Pleasant,_Iowa","Active","","","","","",""
"1322","Nu Delta Delta","May 29, 1992","College Station, Texas","https://en.wikipedia.org/wiki/College_Station,_Texas","","","Active","16","https://en.wikipedia.org/wiki/List_of_Omega_Psi_Phi_chapters#cite_note-:21-24","[","]","Texas A&M University-College Station","https://en.wikipedia.org/wiki/Texas_A%26M_University-College_Station"
"1323","Xi Delta Delta","October 28, 1992","Michigan Technological University","https://en.wikipedia.org/wiki/Michigan_Technological_University","Houghton, Michigan","https://en.wikipedia.org/wiki/Houghton,_Michigan","Inactive","","","","","",""
"1324","Omicron Delta Delta","December 5, 1992","William Paterson University","https://en.wikipedia.org/wiki/William_Paterson_University","Wayne, New Jersey","https://en.wikipedia.org/wiki/Wayne,_New_Jersey","Active","","","","","",""
"1325","Pi Delta Delta","July 23, 1994","Emory University","https://en.wikipedia.org/wiki/Emory_University","","","Active","","","","","Atlanta, Georgia","https://en.wikipedia.org/wiki/Atlanta,_Georgia"
"1592","Phi Nu (Second)","","United States Military Academy","https://en.wikipedia.org/wiki/United_States_Military_Academy","West Point, New York","https://en.wikipedia.org/wiki/West_Point,_New_York","Active","af","https://en.wikipedia.org/wiki/List_of_Omega_Psi_Phi_chapters#cite_note-Ph_Nu-73","[","]","",""
"1326","Rho Delta Delta","July 12, 1995","Troy University","https://en.wikipedia.org/wiki/Troy_University","Troy, Alabama","https://en.wikipedia.org/wiki/Troy,_Alabama","Active","","","","","",""
"1327","Sigma Delta Delta","December 7, 1995","Florida Atlantic University","https://en.wikipedia.org/wiki/Florida_Atlantic_University","Boca Raton, Florida","https://en.wikipedia.org/wiki/Boca_Raton,_Florida","Active","","","","","",""
"1328","Tau Delta Delta","June 8, 1996","Valdosta State University","https://en.wikipedia.org/wiki/Valdosta_State_University","Valdosta, Georgia","https://en.wikipedia.org/wiki/Valdosta,_Georgia","Active","","","","","",""
"1329","Upsilon Delta Delta","July 12, 1997","Delta State University","https://en.wikipedia.org/wiki/Delta_State_University","Cleveland, Mississippi","https://en.wikipedia.org/wiki/Cleveland,_Mississippi","Active","","","","","",""
"1330","Phi Delta Delta","July 11, 1998","Cumberland University","https://en.wikipedia.org/wiki/Cumberland_University","Lebanon, Tennessee","https://en.wikipedia.org/wiki/Lebanon,_Tennessee","Active","6","https://en.wikipedia.org/wiki/List_of_Omega_Psi_Phi_chapters#cite_note-:0-7","[","]","",""
"1331","Chi Delta Delta","December 5, 1998","Baylor University","https://en.wikipedia.org/wiki/Baylor_University","Waco, Texas","https://en.wikipedia.org/wiki/Waco,_Texas","Active","16","https://en.wikipedia.org/wiki/List_of_Omega_Psi_Phi_chapters#cite_note-:21-24","[","]","",""
"1332","Psi Delta Delta","December 21, 2001","Charleston Southern University","https://en.wikipedia.org/wiki/Charleston_Southern_University","Charleston, South Carolina","https://en.wikipedia.org/wiki/Charleston,_South_Carolina","Active","","","","","",""
"1333","Omega Delta Delta","June 6, 2003","Temple University","https://en.wikipedia.org/wiki/Temple_University","","","Active","","","","","Philadelphia, Pennsylvania","https://en.wikipedia.org/wiki/Philadelphia,_Pennsylvania"
"1334","Alpha Delta Epsilon","January 22, 2004","Southeastern Louisiana University","https://en.wikipedia.org/wiki/Southeastern_Louisiana_University","Hammond, Louisiana","https://en.wikipedia.org/wiki/Hammond,_Louisiana","Active","23","https://en.wikipedia.org/wiki/List_of_Omega_Psi_Phi_chapters#cite_note-:18-36","[","]","",""
"1335","Alpha Delta Zeta","July 22, 2004","University of North Carolina at Greensboro","https://en.wikipedia.org/wiki/University_of_North_Carolina_at_Greensboro","Greensboro, North Carolina","https://en.wikipedia.org/wiki/Greensboro,_North_Carolina","Active","","","","","",""
"1336","Alpha Delta Eta","November 1, 2004","Florida International University","https://en.wikipedia.org/wiki/Florida_International_University","","","Active","","","","","Miami, Florida","https://en.wikipedia.org/wiki/Miami,_Florida"
"1337","Alpha Delta Theta","May 2, 2005","Arkansas Tech University","https://en.wikipedia.org/wiki/Arkansas_Tech_University","Russellville, Arkansas","https://en.wikipedia.org/wiki/Russellville,_Arkansas","Active","26","https://en.wikipedia.org/wiki/List_of_Omega_Psi_Phi_chapters#cite_note-:17-40","[","]","",""
"1338","Chi Tau Tau","September 1, 2005","University of Central Florida","https://en.wikipedia.org/wiki/University_of_Central_Florida","Orlando, Florida","https://en.wikipedia.org/wiki/Orlando,_Florida","Active","","","","","",""
"1339","Alpha Delta Iota","December 4, 2005","University of West Alabama","https://en.wikipedia.org/wiki/University_of_West_Alabama","Livingston, Alabama","https://en.wikipedia.org/wiki/Livingston,_Alabama","Active","","","","","",""
"1340","Alpha Delta Kappa","July 21, 2006","Coastal Carolina University","https://en.wikipedia.org/wiki/Coastal_Carolina_University","Conway, South Carolina","https://en.wikipedia.org/wiki/Conway,_South_Carolina","Inactive","","","","","",""
"1341","Alpha Delta Lambda","February 1, 2008","University of Texas at San Antonio","https://en.wikipedia.org/wiki/University_of_Texas_at_San_Antonio","","","Active","16","https://en.wikipedia.org/wiki/List_of_Omega_Psi_Phi_chapters#cite_note-:21-24","[","]","San Antonio, Texas","https://en.wikipedia.org/wiki/San_Antonio,_Texas"
"1342","Alpha Delta Mu","June 6, 2008","University of North Florida","https://en.wikipedia.org/wiki/University_of_North_Florida","Jacksonville, Florida","https://en.wikipedia.org/wiki/Jacksonville,_Florida","Active","","","","","",""
"1343","Alpha Delta Nu","June 6, 2008","Kennesaw State University","https://en.wikipedia.org/wiki/Kennesaw_State_University","Kennesaw, Georgia","https://en.wikipedia.org/wiki/Kennesaw,_Georgia","Active","","","","","",""
"1345","Alpha Delta Omicron","July 25, 2009","Louisiana State University Shreveport","https://en.wikipedia.org/wiki/Louisiana_State_University_Shreveport","Shreveport, Louisiana","https://en.wikipedia.org/wiki/Shreveport,_Louisiana","Active","23","https://en.wikipedia.org/wiki/List_of_Omega_Psi_Phi_chapters#cite_note-:18-36","[","]","",""
"1346","Alpha Delta Pi","July 25, 2009","Arkansas Baptist College","https://en.wikipedia.org/wiki/Arkansas_Baptist_College","Little Rock, Arkansas","https://en.wikipedia.org/wiki/Little_Rock,_Arkansas","Active","26","https://en.wikipedia.org/wiki/List_of_Omega_Psi_Phi_chapters#cite_note-:17-40","[","]","",""
"1347","Alpha Delta Rho","May 6, 2010","Southern Polytechnic State University","https://en.wikipedia.org/wiki/Southern_Polytechnic_State_University","Marietta, Georgia","https://en.wikipedia.org/wiki/Marietta,_Georgia","Active","","","","","",""
"1348","Alpha Delta Sigma","September 18, 2010","College of William & Mary","https://en.wikipedia.org/wiki/College_of_William_%26_Mary","Williamsburg, Virginia","https://en.wikipedia.org/wiki/Williamsburg,_Virginia","Active","5","https://en.wikipedia.org/wiki/List_of_Omega_Psi_Phi_chapters#cite_note-:15-5","[","]","",""
"1349","Alpha Delta Tau","November 16, 2011","University of South Carolina Upstate","https://en.wikipedia.org/wiki/University_of_South_Carolina_Upstate","Spartanburg, South Carolina","https://en.wikipedia.org/wiki/Spartanburg,_South_Carolina","Active","","","","","",""
"1350","Alpha Delta Upsilon","April 17, 2012","Chowan University","https://en.wikipedia.org/wiki/Chowan_University","Murfreesboro, North Carolina","https://en.wikipedia.org/wiki/Murfreesboro,_North_Carolina","Active","","","","","",""
"1351","Alpha Delta Phi","January 24, 2013","Montclair State University","https://en.wikipedia.org/wiki/Montclair_State_University","Montclair, New Jersey","https://en.wikipedia.org/wiki/Montclair,_New_Jersey","Active","","","","","",""
"1352","Alpha Delta Chi","January 16, 2014","Newberry College","https://en.wikipedia.org/wiki/Newberry_College","Newberry, South Carolina","https://en.wikipedia.org/wiki/Newberry,_South_Carolina","Active","","","","","",""
"1353","Alpha Delta Psi","July 11, 2015","Hickory, North Carolina","https://en.wikipedia.org/wiki/Hickory,_North_Carolina","","","Active","","","","","Lenoir-Rhyne University","https://en.wikipedia.org/wiki/Lenoir-Rhyne_University"
"1354","Alpha Delta Omega","July 11, 2015","Presbyterian College","https://en.wikipedia.org/wiki/Presbyterian_College","Clinton, South Carolina","https://en.wikipedia.org/wiki/Clinton,_South_Carolina","Active","","","","","",""
"1356","Alpha Delta Beta","May 11, 2016","University of North Alabama","https://en.wikipedia.org/wiki/University_of_North_Alabama","Florence, Alabama","https://en.wikipedia.org/wiki/Florence,_Alabama","Active","","","","","",""
"1358","Alpha Epsilon Alpha","January 20, 2018","Methodist University","https://en.wikipedia.org/wiki/Methodist_University","Hope Mills, North Carolina","https://en.wikipedia.org/wiki/Hope_Mills,_North_Carolina","Active","","","","","",""
"1359","Alpha Epsilon Beta","March 27, 2018","University of the Bahamas","https://en.wikipedia.org/wiki/University_of_the_Bahamas","","","Active","42","https://en.wikipedia.org/wiki/List_of_Omega_Psi_Phi_chapters#cite_note-:28-74","[","]","Nassau, The Bahamas","https://en.wikipedia.org/wiki/Nassau,_The_Bahamas"
"1499","Phi Upsilon (Second)","","Monmouth University","https://en.wikipedia.org/wiki/Monmouth_University","West Long Branch, New Jersey","https://en.wikipedia.org/wiki/West_Long_Branch,_New_Jersey","Active","","","","","",""
"1360","Alpha Epsilon Gamma","January 24, 2019","Bethel University","https://en.wikipedia.org/wiki/Bethel_University_(Tennessee)","Brownsville, Tennessee","https://en.wikipedia.org/wiki/Brownsville,_Tennessee","Active","6","https://en.wikipedia.org/wiki/List_of_Omega_Psi_Phi_chapters#cite_note-:0-7","[","]","",""
"1361","Alpha Epsilon Delta","January 24, 2019","Wingate University","https://en.wikipedia.org/wiki/Wingate_University","Wingate, North Carolina","https://en.wikipedia.org/wiki/Wingate,_North_Carolina","Active","","","","","",""
"1362","Alpha Epsilon Zeta","February 1, 2021","Bloomfield College","https://en.wikipedia.org/wiki/Bloomfield_College","Bloomfield, New Jersey","https://en.wikipedia.org/wiki/Bloomfield,_New_Jersey","Active","","","","","",""
"","","","Caldwell University","https://en.wikipedia.org/wiki/Caldwell_University","Caldwell, New Jersey","https://en.wikipedia.org/wiki/Caldwell,_New_Jersey","","","","","","",""
"1193","Delta Zeta (Second)","November 13, 2023","Stony Brook University","https://en.wikipedia.org/wiki/Stony_Brook_University","Stony Brook, New York","https://en.wikipedia.org/wiki/Stony_Brook,_New_York","Active","","","","","",""