"tablescraper-selected-row","tablescraper-selected-row 2","tablescraper-selected-row 3","tablescraper-selected-row 4","tablescraper-selected-row href","tablescraper-selected-row 5","tablescraper-selected-row href 2","tablescraper-selected-row 6","tablescraper-selected-row href 3","tablescraper-selected-row 7","reference","reference href","cite-bracket","cite-bracket 2","tablescraper-selected-row 8","tablescraper-selected-row 9"
"1","Alpha","December 4, 1906","Cornell University","https://en.wikipedia.org/wiki/Cornell_University","Ithaca","https://en.wikipedia.org/wiki/Ithaca,_New_York","New York","https://en.wikipedia.org/wiki/New_York_(state)","Active","","","","","",""
"2","Beta","December 20, 1907","Howard University","https://en.wikipedia.org/wiki/Howard_University","Washington","https://en.wikipedia.org/wiki/Washington,_D.C.","","","Active","","","","","",""
"3","Gamma","December 30, 1907","Virginia Union University","https://en.wikipedia.org/wiki/Virginia_Union_University","Richmond","https://en.wikipedia.org/wiki/Richmond,_Virginia","Virginia","https://en.wikipedia.org/wiki/Virginia","Active","6","https://en.wikipedia.org/wiki/List_of_Alpha_Phi_Alpha_chapters#cite_note-:5-6","[","]","",""
"4",",","April 11, 1908","University of Toronto","https://en.wikipedia.org/wiki/University_of_Toronto","Toronto","https://en.wikipedia.org/wiki/Toronto","Ontario","https://en.wikipedia.org/wiki/Ontario","Inactive,  Reestablished","b","https://en.wikipedia.org/wiki/List_of_Alpha_Phi_Alpha_chapters#cite_note-8","[","]","Delta First (see Sigma Iota)","– 1909"
"5","Epsilon","April 10, 1909","University of Michigan","https://en.wikipedia.org/wiki/University_of_Michigan","Ann Arbor","https://en.wikipedia.org/wiki/Ann_Arbor,_Michigan","Michigan","https://en.wikipedia.org/wiki/Michigan","Active","","","","","",""
"6","Zeta","April 10, 1909","Yale University","https://en.wikipedia.org/wiki/Yale_University","New Haven","https://en.wikipedia.org/wiki/New_Haven,_Connecticut","Connecticut","https://en.wikipedia.org/wiki/Connecticut","Active","","","","","","– 1957; xxxx ?"
"7","Eta","June 5, 1909","Columbia University","https://en.wikipedia.org/wiki/Columbia_University","New York City","https://en.wikipedia.org/wiki/New_York_City","New York","https://en.wikipedia.org/wiki/New_York_(state)","Active","7","https://en.wikipedia.org/wiki/List_of_Alpha_Phi_Alpha_chapters#cite_note-:35-9","[","]","",""
"8","Theta","February 21, 1910","University of Illinois Chicago","https://en.wikipedia.org/wiki/University_of_Illinois_Chicago","Loyola University Chicago","https://en.wikipedia.org/wiki/Loyola_University_Chicago","University of Chicago","https://en.wikipedia.org/wiki/University_of_Chicago","Active","9","https://en.wikipedia.org/wiki/List_of_Alpha_Phi_Alpha_chapters#cite_note-12","[","]","",""
"9","Delta Zeta","March 28, 1910","Syracuse University","https://en.wikipedia.org/wiki/Syracuse_University","Syracuse","https://en.wikipedia.org/wiki/Syracuse,_New_York","New York","https://en.wikipedia.org/wiki/New_York_(state)","Inactive,  Reestablished","","","","","Iota","–1923"
"10","Kappa","January 13, 1911","Ohio State University","https://en.wikipedia.org/wiki/Ohio_State_University","Columbus","https://en.wikipedia.org/wiki/Columbus,_Ohio","Ohio","https://en.wikipedia.org/wiki/Ohio","Active","e","https://en.wikipedia.org/wiki/List_of_Alpha_Phi_Alpha_chapters#cite_note-14","[","]","",""
"11","Mu","April 12, 1912","University of Minnesota","https://en.wikipedia.org/wiki/University_of_Minnesota","Minneapolis","https://en.wikipedia.org/wiki/Minneapolis","Saint Paul","https://en.wikipedia.org/wiki/Saint_Paul,_Minnesota","Active","f","https://en.wikipedia.org/wiki/List_of_Alpha_Phi_Alpha_chapters#cite_note-15","[","]","",""
"12","Nu","November 22, 1912","Lincoln University","https://en.wikipedia.org/wiki/Lincoln_University_(Pennsylvania)","Lincoln University","https://en.wikipedia.org/wiki/Lincoln_University,_Pennsylvania_(CDP)","Pennsylvania","https://en.wikipedia.org/wiki/Pennsylvania","Active","","","","","",""
"13","Xi","December 14, 1912","Wilberforce University","https://en.wikipedia.org/wiki/Wilberforce_University","Wilberforce","https://en.wikipedia.org/wiki/Wilberforce,_Ohio","Ohio","https://en.wikipedia.org/wiki/Ohio","Active","","","","","",""
"14","Omicron","January 30, 1913","University of Pittsburgh","https://en.wikipedia.org/wiki/University_of_Pittsburgh","Carnegie Mellon University","https://en.wikipedia.org/wiki/Carnegie_Mellon_University","Pittsburgh","https://en.wikipedia.org/wiki/Pittsburgh","Active","10","https://en.wikipedia.org/wiki/List_of_Alpha_Phi_Alpha_chapters#cite_note-:23-16","[","]","",""
"15","Pi","May 14, 1914","Case Western Reserve University","https://en.wikipedia.org/wiki/Case_Western_Reserve_University","Cleveland","https://en.wikipedia.org/wiki/Cleveland","Ohio","https://en.wikipedia.org/wiki/Ohio","Active","11","https://en.wikipedia.org/wiki/List_of_Alpha_Phi_Alpha_chapters#cite_note-:262-18","[","]","",""
"16","Psi","November 3, 1914","Philadelphia","https://en.wikipedia.org/wiki/Philadelphia","Pennsylvania","https://en.wikipedia.org/wiki/Pennsylvania","Pi Rho","","Merged","11","https://en.wikipedia.org/wiki/List_of_Alpha_Phi_Alpha_chapters#cite_note-:262-18","[","]","Rho","– xxxx ?"
"17","Sigma","November 28, 1915","Boston","https://en.wikipedia.org/wiki/Boston","Massachusetts","https://en.wikipedia.org/wiki/Massachusetts","","","Active","12","https://en.wikipedia.org/wiki/List_of_Alpha_Phi_Alpha_chapters#cite_note-:6-20","[","]","",""
"18","Tau","March 23, 1917","Champaign","https://en.wikipedia.org/wiki/Champaign,_Illinois","Urbana","https://en.wikipedia.org/wiki/Urbana,_Illinois","Illinois","https://en.wikipedia.org/wiki/Illinois","Active","j","https://en.wikipedia.org/wiki/List_of_Alpha_Phi_Alpha_chapters#cite_note-22","[","]","",""
"19","Upsilon","December 21, 1917","University of Kansas","https://en.wikipedia.org/wiki/University_of_Kansas","Lawrence","https://en.wikipedia.org/wiki/Lawrence,_Kansas","Kansas","https://en.wikipedia.org/wiki/Kansas","Active","k","https://en.wikipedia.org/wiki/List_of_Alpha_Phi_Alpha_chapters#cite_note-23","[","]","",""
"20","Phi","May 17, 1919","Ohio University","https://en.wikipedia.org/wiki/Ohio_University","Athens","https://en.wikipedia.org/wiki/Athens,_Ohio","Ohio","https://en.wikipedia.org/wiki/Ohio","Active","","","","","","– 1922; 1950"
"21","Chi","December 5, 1919","Meharry Medical College","https://en.wikipedia.org/wiki/Meharry_Medical_College","Nashville","https://en.wikipedia.org/wiki/Nashville,_Tennessee","Tennessee","https://en.wikipedia.org/wiki/Tennessee","Active","","","","","",""
"22","Psi","January 21, 1920","University of Pennsylvania","https://en.wikipedia.org/wiki/University_of_Pennsylvania","Drexel University","https://en.wikipedia.org/wiki/Drexel_University","Villanova University","https://en.wikipedia.org/wiki/Villanova_University","Active","13","https://en.wikipedia.org/wiki/List_of_Alpha_Phi_Alpha_chapters#cite_note-:36-24","[","]","Rho",""
"23","Alpha Alpha","December 20, 1920","University of Cincinnati","https://en.wikipedia.org/wiki/University_of_Cincinnati","Cincinnati","https://en.wikipedia.org/wiki/Cincinnati","Ohio","https://en.wikipedia.org/wiki/Ohio","Active","","","","","",""
"24","Alpha Beta","April 25, 1921","Talladega College","https://en.wikipedia.org/wiki/Talladega_College","Talladega","https://en.wikipedia.org/wiki/Talladega,_Alabama","Alabama","https://en.wikipedia.org/wiki/Alabama","Active","14","https://en.wikipedia.org/wiki/List_of_Alpha_Phi_Alpha_chapters#cite_note-:11-26","[","]","",""
"25","Alpha Gamma","February 2, 1921","Brown University","https://en.wikipedia.org/wiki/Brown_University","Johnson & Wales University","https://en.wikipedia.org/wiki/Johnson_%26_Wales_University","Providence","https://en.wikipedia.org/wiki/Providence,_Rhode_Island","Active","","","","","","– 1948; xxxx ?"
"26","Alpha Delta","February 2, 1921","University of Southern California","https://en.wikipedia.org/wiki/University_of_Southern_California","Los Angeles","https://en.wikipedia.org/wiki/Los_Angeles","California","https://en.wikipedia.org/wiki/California","Active","m","https://en.wikipedia.org/wiki/List_of_Alpha_Phi_Alpha_chapters#cite_note-27","[","]","",""
"28","Alpha Zeta","December 23, 1921","West Virginia State University","https://en.wikipedia.org/wiki/West_Virginia_State_University","Institute","https://en.wikipedia.org/wiki/Institute,_West_Virginia","West Virginia","https://en.wikipedia.org/wiki/West_Virginia","Active","","","","","",""
"27","Alpha Epsilon","January 17, 1922","University of California, Berkeley","https://en.wikipedia.org/wiki/University_of_California,_Berkeley","Berkeley","https://en.wikipedia.org/wiki/Berkeley,_California","California","https://en.wikipedia.org/wiki/California","Active","15","https://en.wikipedia.org/wiki/List_of_Alpha_Phi_Alpha_chapters#cite_note-:37-28","[","]","",""
"29","Rho Nu","January 21, 1922","Harvard University","https://en.wikipedia.org/wiki/Harvard_University","Cambridge","https://en.wikipedia.org/wiki/Cambridge,_Massachusetts","Massachusetts","https://en.wikipedia.org/wiki/Massachusetts","Inactive,  Reestablished","o","https://en.wikipedia.org/wiki/List_of_Alpha_Phi_Alpha_chapters#cite_note-30","[","]","Alpha Eta First","–1942"
"30","Alpha Theta","March 11, 1922","University of Iowa","https://en.wikipedia.org/wiki/University_of_Iowa","Iowa City","https://en.wikipedia.org/wiki/Iowa_City,_Iowa","Iowa","https://en.wikipedia.org/wiki/Iowa","Active","p","https://en.wikipedia.org/wiki/List_of_Alpha_Phi_Alpha_chapters#cite_note-31","[","]","","– 1948; 19xx ?"
"31 ?","","","Denver","https://en.wikipedia.org/wiki/Denver","Colorado","https://en.wikipedia.org/wiki/Colorado","","","Inactive","","","","","Alpha Iota","1922–19xx ?"
"32","Alpha Kappa","October 17, 1922","American International College","https://en.wikipedia.org/wiki/American_International_College","Amherst College","https://en.wikipedia.org/wiki/Amherst_College","University of Massachusetts Amherst","https://en.wikipedia.org/wiki/University_of_Massachusetts_Amherst","Active","12","https://en.wikipedia.org/wiki/List_of_Alpha_Phi_Alpha_chapters#cite_note-:6-20","[","]","","– 1949; xxxx ?"
"33","Alpha Mu","October 21, 1922","Northwestern University","https://en.wikipedia.org/wiki/Northwestern_University","Evanston","https://en.wikipedia.org/wiki/Evanston,_Illinois","Illinois","https://en.wikipedia.org/wiki/Illinois","Active","16","https://en.wikipedia.org/wiki/List_of_Alpha_Phi_Alpha_chapters#cite_note-32","[","]","",""
"34","Omicron Pi","","Iowa State University","https://en.wikipedia.org/wiki/Iowa_State_University","Ames","https://en.wikipedia.org/wiki/Ames,_Iowa","Iowa","https://en.wikipedia.org/wiki/Iowa","Inactive,  Reestablished","q","https://en.wikipedia.org/wiki/List_of_Alpha_Phi_Alpha_chapters#cite_note-33","[","]","Alpha Nu","1922–1949"
"35","","","Marquette University","https://en.wikipedia.org/wiki/Marquette_University","Milwaukee","https://en.wikipedia.org/wiki/Milwaukee","Wisconsin","https://en.wikipedia.org/wiki/Wisconsin","Inactive,  Reestablished","r","https://en.wikipedia.org/wiki/List_of_Alpha_Phi_Alpha_chapters#cite_note-34","[","]","Alpha Xi First","1923–1958"
"36","Alpha Omicron","May 4, 1923","Johnson C. Smith University","https://en.wikipedia.org/wiki/Johnson_C._Smith_University","Charlotte","https://en.wikipedia.org/wiki/Charlotte,_North_Carolina","North Carolina","https://en.wikipedia.org/wiki/North_Carolina","Active","17","https://en.wikipedia.org/wiki/List_of_Alpha_Phi_Alpha_chapters#cite_note-:2-35","[","]","",""
"37","Alpha Phi","","Clark Atlanta University","https://en.wikipedia.org/wiki/Clark_Atlanta_University","Atlanta","https://en.wikipedia.org/wiki/Atlanta","Georgia","https://en.wikipedia.org/wiki/Georgia_(U.S._state)","Inactive","","","","","Alpha Pi First (see )","1924–19xx ?"
"38","Alpha Rho","January 5, 1924","Morehouse College","https://en.wikipedia.org/wiki/Morehouse_College","Atlanta","https://en.wikipedia.org/wiki/Atlanta","Georgia","https://en.wikipedia.org/wiki/Georgia_(U.S._state)","Active","18","https://en.wikipedia.org/wiki/List_of_Alpha_Phi_Alpha_chapters#cite_note-:33-36","[","]","",""
"39","","April 6, 1925","Marshall","https://en.wikipedia.org/wiki/Marshall,_Texas","Texas","https://en.wikipedia.org/wiki/Texas","","","Active","","","","","Alpha Sigma",""
"40","","May 9, 1925","University of Akron","https://en.wikipedia.org/wiki/University_of_Akron","Akron","https://en.wikipedia.org/wiki/Akron,_Ohio","Ohio","https://en.wikipedia.org/wiki/Ohio","Inactive","19","https://en.wikipedia.org/wiki/List_of_Alpha_Phi_Alpha_chapters#cite_note-:15-38","[","]","Alpha Tau","– xxxx ?"
"41","Alpha Upsilon","March 27, 1926","Wayne State University","https://en.wikipedia.org/wiki/Wayne_State_University","Detroit","https://en.wikipedia.org/wiki/Detroit","Michigan","https://en.wikipedia.org/wiki/Michigan","Active","u","https://en.wikipedia.org/wiki/List_of_Alpha_Phi_Alpha_chapters#cite_note-40","[","]","",""
"45","Beta Alpha","December 22, 1926","Morgan State University","https://en.wikipedia.org/wiki/Morgan_State_University","Baltimore","https://en.wikipedia.org/wiki/Baltimore","Maryland","https://en.wikipedia.org/wiki/Maryland","Active","v","https://en.wikipedia.org/wiki/List_of_Alpha_Phi_Alpha_chapters#cite_note-41","[","]","",""
"47","Beta Gamma","December 22, 1926","Virginia State University","https://en.wikipedia.org/wiki/Virginia_State_University","Ettrick","https://en.wikipedia.org/wiki/Ettrick,_Virginia","Virginia","https://en.wikipedia.org/wiki/Virginia","Active","","","","","",""
"42","Alpha Phi","January 28, 1927","Clark Atlanta University","https://en.wikipedia.org/wiki/Clark_Atlanta_University","Atlanta","https://en.wikipedia.org/wiki/Atlanta","Georgia","https://en.wikipedia.org/wiki/Georgia_(U.S._state)","Active","w","https://en.wikipedia.org/wiki/List_of_Alpha_Phi_Alpha_chapters#cite_note-42","[","]","",""
"46","Beta Beta","May 7, 1927","University of Nebraska–Lincoln","https://en.wikipedia.org/wiki/University_of_Nebraska%E2%80%93Lincoln","Lincoln","https://en.wikipedia.org/wiki/Lincoln,_Nebraska","Nebraska","https://en.wikipedia.org/wiki/Nebraska","Active","","","","","","– 1958; xxxx ?"
"43","Alpha Chi","December 4, 1927","Fisk University","https://en.wikipedia.org/wiki/Fisk_University","Nashville","https://en.wikipedia.org/wiki/Nashville,_Tennessee","Tennessee","https://en.wikipedia.org/wiki/Tennessee","Active","","","","","",""
"48","Beta Delta","March 23, 1929","South Carolina State University","https://en.wikipedia.org/wiki/South_Carolina_State_University","Orangeburg","https://en.wikipedia.org/wiki/Orangeburg,_South_Carolina","South Carolina","https://en.wikipedia.org/wiki/South_Carolina","Active","","","","","",""
"49","Beta Epsilon","March 28, 1929","North Carolina A&T State University","https://en.wikipedia.org/wiki/North_Carolina_A%26T_State_University","Greensboro","https://en.wikipedia.org/wiki/Greensboro,_North_Carolina","North Carolina","https://en.wikipedia.org/wiki/North_Carolina","Active","17","https://en.wikipedia.org/wiki/List_of_Alpha_Phi_Alpha_chapters#cite_note-:2-35","[","]","",""
"50","","May 4, 1929","Austin","https://en.wikipedia.org/wiki/Austin,_Texas","Texas","https://en.wikipedia.org/wiki/Texas","","","Inactive","x","https://en.wikipedia.org/wiki/List_of_Alpha_Phi_Alpha_chapters#cite_note-43","[","]","Beta Zeta First","–1952"
"44","Alpha Psi","May 24, 1930","Lincoln University","https://en.wikipedia.org/wiki/Lincoln_University_(Missouri)","Jefferson City","https://en.wikipedia.org/wiki/Jefferson_City,_Missouri","Missouri","https://en.wikipedia.org/wiki/Missouri","Active","","","","","",""
"52","","March 5, 1932","Bluefield","https://en.wikipedia.org/wiki/Bluefield,_West_Virginia","West Virginia","https://en.wikipedia.org/wiki/West_Virginia","","","Inactive","y","https://en.wikipedia.org/wiki/List_of_Alpha_Phi_Alpha_chapters#cite_note-44","[","]","Beta Theta","–xxxx ?"
"54","Beta Kappa","March 12, 1932","Langston University","https://en.wikipedia.org/wiki/Langston_University","Langston","https://en.wikipedia.org/wiki/Langston,_Oklahoma","Oklahoma","https://en.wikipedia.org/wiki/Oklahoma","Active","z","https://en.wikipedia.org/wiki/List_of_Alpha_Phi_Alpha_chapters#cite_note-45","[","]","",""
"56","Beta Nu","April 23, 1932","Florida A&M University","https://en.wikipedia.org/wiki/Florida_A%26M_University","Tallahassee","https://en.wikipedia.org/wiki/Tallahassee,_Florida","Florida","https://en.wikipedia.org/wiki/Florida","Active","","","","","",""
"55","Beta Mu","April 28, 1932","Kentucky State University","https://en.wikipedia.org/wiki/Kentucky_State_University","Frankfort","https://en.wikipedia.org/wiki/Frankfort,_Kentucky","Kentucky","https://en.wikipedia.org/wiki/Kentucky","Active","","","","","",""
"51","Beta Eta","April 12, 1934","Southern Illinois University Carbondale","https://en.wikipedia.org/wiki/Southern_Illinois_University_Carbondale","Carbondale","https://en.wikipedia.org/wiki/Carbondale,_Illinois","Illinois","https://en.wikipedia.org/wiki/Illinois","Active","20","https://en.wikipedia.org/wiki/List_of_Alpha_Phi_Alpha_chapters#cite_note-46","[","]","",""
"57","Beta Xi","April 28, 1934","LeMoyne–Owen College","https://en.wikipedia.org/wiki/LeMoyne%E2%80%93Owen_College","Memphis","https://en.wikipedia.org/wiki/Memphis,_Tennessee","Tennessee","https://en.wikipedia.org/wiki/Tennessee","Active","","","","","",""
"37","Alpha Pi","May 7, 1934","University of Louisville","https://en.wikipedia.org/wiki/University_of_Louisville","Louisville","https://en.wikipedia.org/wiki/Louisville,_Kentucky","Kentucky","https://en.wikipedia.org/wiki/Kentucky","Active","ab","https://en.wikipedia.org/wiki/List_of_Alpha_Phi_Alpha_chapters#cite_note-48","[","]","",""
"58","Beta Omicron","May 7, 1934","Tennessee State University","https://en.wikipedia.org/wiki/Tennessee_State_University","Nashville","https://en.wikipedia.org/wiki/Nashville,_Tennessee","Tennessee","https://en.wikipedia.org/wiki/Tennessee","Active","","","","","",""
"53","","December 6, 1935","Kalamazoo","https://en.wikipedia.org/wiki/Kalamazoo,_Michigan","Michigan","https://en.wikipedia.org/wiki/Michigan","","","Inactive","","","","","Beta Iota","–19xx ?"
"59","Beta Pi","February 21, 1936","Lane College","https://en.wikipedia.org/wiki/Lane_College","Jackson","https://en.wikipedia.org/wiki/Jackson,_Tennessee","Tennessee","https://en.wikipedia.org/wiki/Tennessee","Active","","","","","",""
"63","Beta Upsilon","April 15, 1936","Alabama State University","https://en.wikipedia.org/wiki/Alabama_State_University","Montgomery","https://en.wikipedia.org/wiki/Montgomery,_Alabama","Alabama","https://en.wikipedia.org/wiki/Alabama","Active","14","https://en.wikipedia.org/wiki/List_of_Alpha_Phi_Alpha_chapters#cite_note-:11-26","[","]","",""
"60","Beta Rho","December 31, 1936","Shaw University","https://en.wikipedia.org/wiki/Shaw_University","Raleigh","https://en.wikipedia.org/wiki/Raleigh,_North_Carolina","North Carolina","https://en.wikipedia.org/wiki/North_Carolina","Active","17","https://en.wikipedia.org/wiki/List_of_Alpha_Phi_Alpha_chapters#cite_note-:2-35","[","]","",""
"61","Beta Sigma","","Southern University","https://en.wikipedia.org/wiki/Southern_University","Baton Rouge","https://en.wikipedia.org/wiki/Baton_Rouge,_Louisiana","Louisiana","https://en.wikipedia.org/wiki/Louisiana","Active","","","","","","1936"
"62","Beta Tau","March 29, 1936","Xavier University","https://en.wikipedia.org/wiki/Xavier_University","New Orleans","https://en.wikipedia.org/wiki/New_Orleans","Louisiana","https://en.wikipedia.org/wiki/Louisiana","Active","","","","","","– 1955; 19xx ?"
"64","Beta Phi","November 11, 1938","Dillard University","https://en.wikipedia.org/wiki/Dillard_University","Louisiana","https://en.wikipedia.org/wiki/Louisiana","","","Active","","","","","",""
"65","Beta Chi","May 21, 1938","Little Rock","https://en.wikipedia.org/wiki/Little_Rock,_Arkansas","Arkansas","https://en.wikipedia.org/wiki/Arkansas","","","Active","","","","","",""
"66","","","London, England (Citywide)","https://en.wikipedia.org/wiki/University_of_Oregon","London","https://en.wikipedia.org/wiki/Eugene,_Oregon","England","https://en.wikipedia.org/wiki/Oregon","Active","","","","","Beta Psi First","1938–1952"
"35","Alpha Xi","December 31, 1939","University of Washington","https://en.wikipedia.org/wiki/University_of_Washington","Seattle","https://en.wikipedia.org/wiki/Seattle","Washington","https://en.wikipedia.org/wiki/Washington_(state)","Active","ac","https://en.wikipedia.org/wiki/List_of_Alpha_Phi_Alpha_chapters#cite_note-49","[","]","",""
"9","Iota","March 10, 1941","Morris Brown College","https://en.wikipedia.org/wiki/Morris_Brown_College","Atlanta","https://en.wikipedia.org/wiki/Atlanta","Georgia","https://en.wikipedia.org/wiki/Georgia_(U.S._state)","Active","","","","","","–2002; 2023"
"67","Gamma Alpha","December 7, 1941","Texas College","https://en.wikipedia.org/wiki/Texas_College","Tyler","https://en.wikipedia.org/wiki/Tyler,_Texas","Texas","https://en.wikipedia.org/wiki/Texas","Active","","","","","",""
"68","Gamma Beta","May 23, 1941","North Carolina Central University","https://en.wikipedia.org/wiki/North_Carolina_Central_University","Durham","https://en.wikipedia.org/wiki/Durham,_North_Carolina","North Carolina","https://en.wikipedia.org/wiki/North_Carolina","Active","17","https://en.wikipedia.org/wiki/List_of_Alpha_Phi_Alpha_chapters#cite_note-:2-35","[","]","",""
"29","Alpha Eta","January 17, 1942","St. Louis","https://en.wikipedia.org/wiki/St._Louis","Missouri","https://en.wikipedia.org/wiki/Missouri","","","Active","","","","","",""
"69","Gamma Gamma","May 1, 1946","Allen University","https://en.wikipedia.org/wiki/Allen_University","Columbia","https://en.wikipedia.org/wiki/Columbia,_South_Carolina","South Carolina","https://en.wikipedia.org/wiki/South_Carolina","Active","","","","","",""
"70","Gamma Delta","March 25, 1946","University of Arkansas at Pine Bluff","https://en.wikipedia.org/wiki/University_of_Arkansas_at_Pine_Bluff","Pine Bluff","https://en.wikipedia.org/wiki/Pine_Bluff,_Arkansas","Arkansas","https://en.wikipedia.org/wiki/Arkansas","Active","","","","","",""
"71","Gamma Epsilon","December 7, 1946","University of Wisconsin–Madison","https://en.wikipedia.org/wiki/University_of_Wisconsin%E2%80%93Madison","Madison","https://en.wikipedia.org/wiki/Madison,_Wisconsin","Wisconsin","https://en.wikipedia.org/wiki/Wisconsin","Active","","","","","",""
"72","Gamma Zeta","November 11, 1946","Fort Valley State University","https://en.wikipedia.org/wiki/Fort_Valley_State_University","Fort Valley","https://en.wikipedia.org/wiki/Fort_Valley,_Georgia","Georgia","https://en.wikipedia.org/wiki/Georgia_(U.S._state)","Active","","","","","",""
"73","Gamma Eta","January 1, 1947","Indiana University Bloomington","https://en.wikipedia.org/wiki/Indiana_University_Bloomington","Bloomington","https://en.wikipedia.org/wiki/Bloomington,_Indiana","Indiana","https://en.wikipedia.org/wiki/Indiana","Active","","","","","",""
"74","Gamma Theta","May 3, 1947","University of Dayton","https://en.wikipedia.org/wiki/University_of_Dayton","Dayton","https://en.wikipedia.org/wiki/Dayton,_Ohio","Ohio","https://en.wikipedia.org/wiki/Ohio","Active","","","","","",""
"75","Gamma Iota","February 9, 1947","Hampton University","https://en.wikipedia.org/wiki/Hampton_University","Hampton","https://en.wikipedia.org/wiki/Hampton,_Virginia","Virginia","https://en.wikipedia.org/wiki/Virginia","Active","","","","","",""
"76","Gamma Kappa","April 17, 1947","Miles College","https://en.wikipedia.org/wiki/Miles_College","Fairfield","https://en.wikipedia.org/wiki/Fairfield,_Alabama","Alabama","https://en.wikipedia.org/wiki/Alabama","Active","14","https://en.wikipedia.org/wiki/List_of_Alpha_Phi_Alpha_chapters#cite_note-:11-26","[","]","",""
"77","Gamma Mu","February 27, 1947","Livingstone College","https://en.wikipedia.org/wiki/Livingstone_College","Salisbury","https://en.wikipedia.org/wiki/Salisbury,_North_Carolina","North Carolina","https://en.wikipedia.org/wiki/North_Carolina","Active","17","https://en.wikipedia.org/wiki/List_of_Alpha_Phi_Alpha_chapters#cite_note-:2-35","[","]","",""
"78","Gamma Nu","April 10, 1947","Pennsylvania State University","https://en.wikipedia.org/wiki/Pennsylvania_State_University","Pennsylvania","https://en.wikipedia.org/wiki/Pennsylvania","","","Active","","","","","",""
"79 ?","Gamma Xi","February 24, 1947","University of California, Los Angeles","https://en.wikipedia.org/wiki/University_of_California,_Los_Angeles","Los Angeles","https://en.wikipedia.org/wiki/Los_Angeles","California","https://en.wikipedia.org/wiki/California","Active","21","https://en.wikipedia.org/wiki/List_of_Alpha_Phi_Alpha_chapters#cite_note-50","[","]","","– 1959; 19xx ?"
"80","","March 14, 1947","Knoxville College","https://en.wikipedia.org/wiki/Knoxville_College","Knoxville","https://en.wikipedia.org/wiki/Knoxville,_Tennessee","Tennessee","https://en.wikipedia.org/wiki/Tennessee","Inactive","","","","","Gamma Omicron",""
"81","Gamma Pi","May 9, 1947","Benedict College","https://en.wikipedia.org/wiki/Benedict_College","Columbia","https://en.wikipedia.org/wiki/Columbia,_South_Carolina","South Carolina","https://en.wikipedia.org/wiki/South_Carolina","Active","","","","","",""
"82","Gamma Rho","April 24, 1948","Purdue University","https://en.wikipedia.org/wiki/Purdue_University","West Lafayette","https://en.wikipedia.org/wiki/West_Lafayette,_Indiana","Indiana","https://en.wikipedia.org/wiki/Indiana","Active","","","","","",""
"83","Gamma Sigma","February 7, 1948","Delaware State University","https://en.wikipedia.org/wiki/Delaware_State_University","Dover","https://en.wikipedia.org/wiki/Dover,_Delaware","Delaware","https://en.wikipedia.org/wiki/Delaware","Active","","","","","",""
"84","Zeta Delta","May 1, 1948","Michigan State University","https://en.wikipedia.org/wiki/Michigan_State_University","East Lansing","https://en.wikipedia.org/wiki/East_Lansing,_Michigan","Michigan","https://en.wikipedia.org/wiki/Michigan","Inactive,  Reestablished","ad","https://en.wikipedia.org/wiki/List_of_Alpha_Phi_Alpha_chapters#cite_note-51","[","]","Gamma Tau","–1993"
"85","Gamma Upsilon","February 27, 1949","Tougaloo College","https://en.wikipedia.org/wiki/Tougaloo_College","Jackson","https://en.wikipedia.org/wiki/Jackson,_Mississippi","Mississippi","https://en.wikipedia.org/wiki/Mississippi","Active","","","","","",""
"86","Gamma Phi","April 15, 1948","Tuskegee University","https://en.wikipedia.org/wiki/Tuskegee_University","Tuskegee","https://en.wikipedia.org/wiki/Tuskegee,_Alabama","Alabama","https://en.wikipedia.org/wiki/Alabama","Active","14","https://en.wikipedia.org/wiki/List_of_Alpha_Phi_Alpha_chapters#cite_note-:11-26","[","]","",""
"87","Gamma Chi","April 3, 1948","Pittsburg State University","https://en.wikipedia.org/wiki/Pittsburg_State_University","Pittsburg","https://en.wikipedia.org/wiki/Pittsburg,_Kansas","Kansas","https://en.wikipedia.org/wiki/Kansas","Active","","","","","","– 1953; 19xx ?"
"88","Gamma Psi","March 15, 1948","St. Augustine's University","https://en.wikipedia.org/wiki/St._Augustine%27s_University_(North_Carolina)","Raleigh","https://en.wikipedia.org/wiki/Raleigh,_North_Carolina","North Carolina","https://en.wikipedia.org/wiki/North_Carolina","Active","17","https://en.wikipedia.org/wiki/List_of_Alpha_Phi_Alpha_chapters#cite_note-:2-35","[","]","",""
"89","Delta Alpha","March 26, 1948","Clafin College","https://en.wikipedia.org/wiki/Claflin_University","Orangeburg","https://en.wikipedia.org/wiki/Orangeburg,_South_Carolina","South Carolina","https://en.wikipedia.org/wiki/South_Carolina","Active","","","","","",""
"90","Delta Beta","April 21, 1948","Bethune–Cookman University","https://en.wikipedia.org/wiki/Bethune%E2%80%93Cookman_University","Daytona Beach","https://en.wikipedia.org/wiki/Daytona_Beach,_Florida","Florida","https://en.wikipedia.org/wiki/Florida","Active","","","","","",""
"91","Delta Gamma","April 13, 1948","Alabama A&M University","https://en.wikipedia.org/wiki/Alabama_A%26M_University","Normal","https://en.wikipedia.org/wiki/Normal,_Alabama","Alabama","https://en.wikipedia.org/wiki/Huntsville,_Alabama","Active","14","https://en.wikipedia.org/wiki/List_of_Alpha_Phi_Alpha_chapters#cite_note-:11-26","[","]","",""
"92","Delta Delta","May 29, 1948","Albany State University","https://en.wikipedia.org/wiki/Albany_State_University","Albany","https://en.wikipedia.org/wiki/Albany,_Georgia","Georgia","https://en.wikipedia.org/wiki/Georgia_(U.S._state)","Active","","","","","",""
"93","Delta Epsilon","April 23, 1949","University at Buffalo","https://en.wikipedia.org/wiki/University_at_Buffalo","Buffalo","https://en.wikipedia.org/wiki/Buffalo,_New_York","New York","https://en.wikipedia.org/wiki/New_York_(state)","Active","6","https://en.wikipedia.org/wiki/List_of_Alpha_Phi_Alpha_chapters#cite_note-:5-6","[","]","",""
"94","Delta Zeta","April 28, 1949","Syracuse University","https://en.wikipedia.org/wiki/Syracuse_University","Syracuse","https://en.wikipedia.org/wiki/Syracuse,_New_York","New York","https://en.wikipedia.org/wiki/New_York_(state)","Active","6","https://en.wikipedia.org/wiki/List_of_Alpha_Phi_Alpha_chapters#cite_note-:5-6","[","]","Iota","– 1952; 19xx ?"
"95","Delta Eta","April 28, 1948","Savannah State University","https://en.wikipedia.org/wiki/Savannah_State_University","Savannah","https://en.wikipedia.org/wiki/Savannah,_Georgia","Georgia","https://en.wikipedia.org/wiki/Georgia_(U.S._state)","Active","","","","","",""
"96","Delta Theta","May 7, 1949","Texas Southern University","https://en.wikipedia.org/wiki/Texas_Southern_University","Houston","https://en.wikipedia.org/wiki/Houston","Texas","https://en.wikipedia.org/wiki/Texas","Active","","","","","",""
"97","Delta Iota","January 1, 1950","Rutgers University–New Brunswick","https://en.wikipedia.org/wiki/Rutgers_University%E2%80%93New_Brunswick","New Brunswick","https://en.wikipedia.org/wiki/New_Brunswick,_New_Jersey","New Jersey","https://en.wikipedia.org/wiki/New_Jersey","Active","23","https://en.wikipedia.org/wiki/List_of_Alpha_Phi_Alpha_chapters#cite_note-55","[","]","","– 1960; 1975"
"98","Delta Kappa","March 18, 1950","Alcorn State University","https://en.wikipedia.org/wiki/Alcorn_State_University","Lorman","https://en.wikipedia.org/wiki/Lorman,_Mississippi","Mississippi","https://en.wikipedia.org/wiki/Mississippi","Active","","","","","",""
"99","Delta Mu","March 25, 1950","Wichita State University","https://en.wikipedia.org/wiki/Wichita_State_University","Wichita","https://en.wikipedia.org/wiki/Wichita,_Kansas","Kansas","https://en.wikipedia.org/wiki/Kansas","Active","","","","","","– 1961; 19xx ?"
"100","Delta Nu","May 27, 1948","University of Maryland Eastern Shore","https://en.wikipedia.org/wiki/University_of_Maryland_Eastern_Shore","Princess Anne","https://en.wikipedia.org/wiki/Princess_Anne,_Maryland","Maryland","https://en.wikipedia.org/wiki/Maryland","Active","","","","","",""
"300","Delta Xi","January 8, 1951","Central State University","https://en.wikipedia.org/wiki/Central_State_University","Wilberforce","https://en.wikipedia.org/wiki/Wilberforce,_Ohio","Ohio","https://en.wikipedia.org/wiki/Ohio","Active","","","","","",""
"301 ?","Nu Sigma","","Stanford University","https://en.wikipedia.org/wiki/Stanford_University","Stanford","https://en.wikipedia.org/wiki/Stanford,_California","California","https://en.wikipedia.org/wiki/California","Inactive,  Reestablished","ag","https://en.wikipedia.org/wiki/List_of_Alpha_Phi_Alpha_chapters#cite_note-56","[","]","Delta Omicron","1951–19xx ?"
"302","Delta Pi","April 6, 1951","Cheyney","https://en.wikipedia.org/wiki/Cheyney,_Pennsylvania","Pennsylvania","https://en.wikipedia.org/wiki/Pennsylvania","","","Active","","","","","",""
"53","Beta Iota","December 6, 1951","Winston-Salem State University","https://en.wikipedia.org/wiki/Winston-Salem_State_University","Winston-Salem","https://en.wikipedia.org/wiki/Winston-Salem,_North_Carolina","North Carolina","https://en.wikipedia.org/wiki/North_Carolina","Active","17","https://en.wikipedia.org/wiki/List_of_Alpha_Phi_Alpha_chapters#cite_note-:2-35","[","]","",""
"303","Delta Rho","March 12, 1952","University of Missouri–Kansas City","https://en.wikipedia.org/wiki/University_of_Missouri%E2%80%93Kansas_City","Rockhurst University","https://en.wikipedia.org/wiki/Rockhurst_University","Kansas City","https://en.wikipedia.org/wiki/Kansas_City,_Missouri","Active","","","","","",""
"304","","June 11, 1952","Grambling State University","https://en.wikipedia.org/wiki/Grambling_State_University","Grambling","https://en.wikipedia.org/wiki/Grambling,_Louisiana","Louisiana","https://en.wikipedia.org/wiki/Louisiana","Active","","","","","Delta Sigma",""
"305","","November 22, 1952","Saint Paul's College","https://en.wikipedia.org/wiki/Saint_Paul%27s_College_(Virginia)","Lawrenceville","https://en.wikipedia.org/wiki/Lawrenceville,_Virginia","Virginia","https://en.wikipedia.org/wiki/Virginia","Inactive","","","","","Delta Tau","–xxxx ?"
"50","Beta Zeta","February 21, 1953","Elizabeth City State University","https://en.wikipedia.org/wiki/Elizabeth_City_State_University","Elizabeth City","https://en.wikipedia.org/wiki/Elizabeth_City,_North_Carolina","North Carolina","https://en.wikipedia.org/wiki/North_Carolina","Active","17","https://en.wikipedia.org/wiki/List_of_Alpha_Phi_Alpha_chapters#cite_note-:2-35","[","]","",""
"306","Delta Upsilon","March 9, 1953","Miami University","https://en.wikipedia.org/wiki/Miami_University","Oxford","https://en.wikipedia.org/wiki/Oxford","Ohio","https://en.wikipedia.org/wiki/Ohio","Active","","","","","",""
"307","Delta Phi","March 3, 1953","Jackson State University","https://en.wikipedia.org/wiki/Jackson_State_University","Jackson","https://en.wikipedia.org/wiki/Jackson,_Mississippi","Mississippi","https://en.wikipedia.org/wiki/Mississippi","Active","","","","","",""
"308","Delta Chi","June 3, 1953","Brooklyn College","https://en.wikipedia.org/wiki/Brooklyn_College","St. Francis College","https://en.wikipedia.org/wiki/St._Francis_College","LIU Brooklyn","https://en.wikipedia.org/wiki/LIU_Brooklyn","Active","","","","","New York",""
"309","Delta Psi","January 1, 1954","Florida Memorial University","https://en.wikipedia.org/wiki/Florida_Memorial_University","Miami Gardens","https://en.wikipedia.org/wiki/Miami_Gardens,_Florida","Florida","https://en.wikipedia.org/wiki/Florida","Active","","","","","",""
"4","Delta (Second)","January 1, 1954","Huston–Tillotson University","https://en.wikipedia.org/wiki/Huston%E2%80%93Tillotson_University","Austin","https://en.wikipedia.org/wiki/Austin,_Texas","Texas","https://en.wikipedia.org/wiki/Texas","Active","","","","","",""
"66","Beta Psi (Second)","","University of Westminster","https://en.wikipedia.org/wiki/University_of_Westminster","London","https://en.wikipedia.org/wiki/London","England","https://en.wikipedia.org/wiki/England","Active","24","https://en.wikipedia.org/wiki/List_of_Alpha_Phi_Alpha_chapters#cite_note-:4-57","[","]","","195x ?–1958, 2011"
"310","Epsilon Alpha","May 15, 1954","University of Toledo","https://en.wikipedia.org/wiki/University_of_Toledo","Toledo","https://en.wikipedia.org/wiki/Toledo,_Ohio","Ohio","https://en.wikipedia.org/wiki/Ohio","Active","","","","","",""
"311","Epsilon Beta","September 1, 1956","California State University, Fresno","https://en.wikipedia.org/wiki/California_State_University,_Fresno","Fresno","https://en.wikipedia.org/wiki/Fresno,_California","California","https://en.wikipedia.org/wiki/California","Active","","","","","",""
"312","","","Bishop College","https://en.wikipedia.org/wiki/Bishop_College","Marshall","https://en.wikipedia.org/wiki/Marshall,_Texas","Texas","https://en.wikipedia.org/wiki/Texas","Inactive","","","","","Epsilon Gamma","1957–1988"
"313","Epsilon Delta","January 22, 1958","Kent State University","https://en.wikipedia.org/wiki/Kent_State_University","Kent","https://en.wikipedia.org/wiki/Kent,_Ohio","Ohio","https://en.wikipedia.org/wiki/Ohio","Active","","","","","",""
"314","Epsilon Epsilon","April 25, 1958","Stillwater","https://en.wikipedia.org/wiki/Stillwater,_Oklahoma","Oklahoma","https://en.wikipedia.org/wiki/Oklahoma","","","Active","","","","","",""
"315","Epsilon Zeta","November 3, 1958","Fayetteville State University","https://en.wikipedia.org/wiki/Fayetteville_State_University","Fayetteville","https://en.wikipedia.org/wiki/Fayetteville,_North_Carolina","North Carolina","https://en.wikipedia.org/wiki/North_Carolina","Active","17","https://en.wikipedia.org/wiki/List_of_Alpha_Phi_Alpha_chapters#cite_note-:2-35","[","]","",""
"316","Epsilon Eta","June 5, 1959","Eastern Michigan University","https://en.wikipedia.org/wiki/Eastern_Michigan_University","Ypsilanti","https://en.wikipedia.org/wiki/Ypsilanti,_Michigan","Michigan","https://en.wikipedia.org/wiki/Michigan","Active","","","","","",""
"317","Epsilon Theta","May 15, 1959","Bowling Green State University","https://en.wikipedia.org/wiki/Bowling_Green_State_University","Bowling Green","https://en.wikipedia.org/wiki/Bowling_Green,_Ohio","Ohio","https://en.wikipedia.org/wiki/Ohio","Active","","","","","",""
"318 ?","Epsilon Iota","March 5, 1960","University of Texas at Austin","https://en.wikipedia.org/wiki/University_of_Texas_at_Austin","Austin","https://en.wikipedia.org/wiki/Austin,_Texas","Texas","https://en.wikipedia.org/wiki/Texas","Active","25","https://en.wikipedia.org/wiki/List_of_Alpha_Phi_Alpha_chapters#cite_note-58","[","]","",""
"319","","December 16, 1961","Bradley University","https://en.wikipedia.org/wiki/Bradley_University","Peoria","https://en.wikipedia.org/wiki/Peoria,_Illinois","Illinois","https://en.wikipedia.org/wiki/Illinois","Inactive","26","https://en.wikipedia.org/wiki/List_of_Alpha_Phi_Alpha_chapters#cite_note-59","[","]","Epsilon Kappa","– xxxx ?"
"320","Epsilon Mu","March 6, 1962","San Jose State University","https://en.wikipedia.org/wiki/San_Jose_State_University","San Jose","https://en.wikipedia.org/wiki/San_Jose,_California","California","https://en.wikipedia.org/wiki/California","Active","","","","","",""
"321","Epsilon Nu","November 10, 1962","Stillman College","https://en.wikipedia.org/wiki/Stillman_College","Tuscaloosa","https://en.wikipedia.org/wiki/Tuscaloosa,_Alabama","Alabama","https://en.wikipedia.org/wiki/Alabama","Active","14","https://en.wikipedia.org/wiki/List_of_Alpha_Phi_Alpha_chapters#cite_note-:11-26","[","]","",""
"322","Epsilon Xi","October 10, 1962","Western Michigan University","https://en.wikipedia.org/wiki/Western_Michigan_University","Kalamazoo","https://en.wikipedia.org/wiki/Kalamazoo,_Michigan","Michigan","https://en.wikipedia.org/wiki/Michigan","Active","","","","","",""
"323","","","Washburn University","https://en.wikipedia.org/wiki/Washburn_University","Topeka","https://en.wikipedia.org/wiki/Topeka,_Kansas","Kansas","https://en.wikipedia.org/wiki/Kansas","Inactive","","","","","Epsilon Omicron","1962–xxxx ?"
"324","Epsilon Pi","October 12, 1962","Norfolk State University","https://en.wikipedia.org/wiki/Norfolk_State_University","Norfolk","https://en.wikipedia.org/wiki/Norfolk,_Virginia","Virginia","https://en.wikipedia.org/wiki/Virginia","Active","","","","","",""
"325","Epsilon Rho","","Lamar University","https://en.wikipedia.org/wiki/Lamar_University","Beaumont","https://en.wikipedia.org/wiki/Beaumont,_Texas","Texas","https://en.wikipedia.org/wiki/Texas","Active","","","","","","1963"
"326","Epsilon Sigma","January 18, 1964","University of Texas at San Antonio","https://en.wikipedia.org/wiki/University_of_Texas_at_San_Antonio","St. Mary's University, Texas","https://en.wikipedia.org/wiki/St._Mary%27s_University,_Texas","San Antonio","https://en.wikipedia.org/wiki/San_Antonio","Active","","","","","",""
"327","Epsilon Tau","May 13, 1964","University of Wisconsin–Milwaukee","https://en.wikipedia.org/wiki/University_of_Wisconsin%E2%80%93Milwaukee","Milwaukee","https://en.wikipedia.org/wiki/Milwaukee","Wisconsin","https://en.wikipedia.org/wiki/Wisconsin","Active","","","","","",""
"328","Epsilon Upsilon","May 22, 1964","Southern University at New Orleans","https://en.wikipedia.org/wiki/Southern_University_at_New_Orleans","New Orleans","https://en.wikipedia.org/wiki/New_Orleans","Louisiana","https://en.wikipedia.org/wiki/Louisiana","Active","","","","","",""
"329","Epsilon Phi","May 4, 1964","Northern Illinois University","https://en.wikipedia.org/wiki/Northern_Illinois_University","DeKalb","https://en.wikipedia.org/wiki/DeKalb,_Illinois","Illinois","https://en.wikipedia.org/wiki/Illinois","Active","27","https://en.wikipedia.org/wiki/List_of_Alpha_Phi_Alpha_chapters#cite_note-60","[","]","",""
"330","","April 1, 1965","University of Kentucky","https://en.wikipedia.org/wiki/University_of_Kentucky","Lexington","https://en.wikipedia.org/wiki/Lexington,_Kentucky","Kentucky","https://en.wikipedia.org/wiki/Kentucky","Active","","","","","Epsilon Chi",""
"331","Epsilon Psi","April 27, 1965","Missouri University of Science and Technology","https://en.wikipedia.org/wiki/Missouri_University_of_Science_and_Technology","Rolla","https://en.wikipedia.org/wiki/Rolla,_Missouri","Missouri","https://en.wikipedia.org/wiki/Missouri","Active","","","","","",""
"332","Zeta Alpha","May 17, 1966","University of Missouri","https://en.wikipedia.org/wiki/University_of_Missouri","Columbia","https://en.wikipedia.org/wiki/Columbia,_Missouri","Missouri","https://en.wikipedia.org/wiki/Missouri","Active","","","","","",""
"333","Zeta Beta","","Ferris State University","https://en.wikipedia.org/wiki/Ferris_State_University","Big Rapids","https://en.wikipedia.org/wiki/Big_Rapids,_Michigan","Michigan","https://en.wikipedia.org/wiki/Michigan","Active","","","","","","1966"
"334","Zeta Gamma","June 6, 1966","University of Central Missouri","https://en.wikipedia.org/wiki/University_of_Central_Missouri","Warrensburg","https://en.wikipedia.org/wiki/Warrensburg,_Missouri","Missouri","https://en.wikipedia.org/wiki/Missouri","Active","","","","","",""
"335","Zeta Delta","","Michigan State University","https://en.wikipedia.org/wiki/Michigan_State_University","East Lansing","https://en.wikipedia.org/wiki/East_Lansing,_Michigan","Michigan","https://en.wikipedia.org/wiki/Michigan","Active","ah","https://en.wikipedia.org/wiki/List_of_Alpha_Phi_Alpha_chapters#cite_note-61","[","]","Gamma Tau","1966"
"336","","","Barber–Scotia College","https://en.wikipedia.org/wiki/Barber%E2%80%93Scotia_College","Concord","https://en.wikipedia.org/wiki/Concord,_North_Carolina","North Carolina","https://en.wikipedia.org/wiki/North_Carolina","Inactive","","","","","Zeta Epsilon","1967–xxxx ?"
"337","Zeta Zeta","","University of Oklahoma","https://en.wikipedia.org/wiki/University_of_Oklahoma","Norman","https://en.wikipedia.org/wiki/Norman,_Oklahoma","Oklahoma","https://en.wikipedia.org/wiki/Oklahoma","Active","","","","","","1967"
"338","Zeta Eta","February 7, 1968","New York Institute of Technology","https://en.wikipedia.org/wiki/New_York_Institute_of_Technology","Baruch College","https://en.wikipedia.org/wiki/Baruch_College","Pace University","https://en.wikipedia.org/wiki/Pace_University","Active","8","https://en.wikipedia.org/wiki/List_of_Alpha_Phi_Alpha_chapters#cite_note-:7-10","[","]","New York",""
"339 ?","Zeta Theta","","University of Arizona","https://en.wikipedia.org/wiki/University_of_Arizona","Tucson","https://en.wikipedia.org/wiki/Tucson,_Arizona","Arizona","https://en.wikipedia.org/wiki/Arizona","Inactive","","","","","","1968–19xx ?"
"340","Zeta Iota","April 14, 1968","University of Wisconsin–Whitewater","https://en.wikipedia.org/wiki/University_of_Wisconsin%E2%80%93Whitewater","Whitewater","https://en.wikipedia.org/wiki/Whitewater,_Wisconsin","Wisconsin","https://en.wikipedia.org/wiki/Wisconsin","Active","","","","","",""
"341 ?","","","University of Texas at El Paso","https://en.wikipedia.org/wiki/University_of_Texas_at_El_Paso","El Paso","https://en.wikipedia.org/wiki/El_Paso,_Texas","Texas","https://en.wikipedia.org/wiki/Texas","Inactive","","","","","Zeta Kappa","1968–xxxx ?"
"342","Zeta Mu","August 8, 1968","Georgia State University","https://en.wikipedia.org/wiki/Georgia_State_University","Atlanta","https://en.wikipedia.org/wiki/Atlanta","Georgia","https://en.wikipedia.org/wiki/Georgia_(U.S._state)","Active","","","","","",""
"343","Zeta Nu","January 10, 1969","Eastern Illinois University","https://en.wikipedia.org/wiki/Eastern_Illinois_University","Charleston","https://en.wikipedia.org/wiki/Charleston,_Illinois","Illinois","https://en.wikipedia.org/wiki/Illinois","Active","28","https://en.wikipedia.org/wiki/List_of_Alpha_Phi_Alpha_chapters#cite_note-63","[","]","",""
"344","Zeta Xi","May 5, 1968","University of Louisiana at Lafayette","https://en.wikipedia.org/wiki/University_of_Louisiana_at_Lafayette","Lafayette","https://en.wikipedia.org/wiki/Lafayette,_Louisiana","Louisiana","https://en.wikipedia.org/wiki/Louisiana","Active","","","","","",""
"345","Zeta Omicron","January 11, 1969","Murray State University","https://en.wikipedia.org/wiki/Murray_State_University","Murray","https://en.wikipedia.org/wiki/Murray,_Kentucky","Kentucky","https://en.wikipedia.org/wiki/Kentucky","Active","","","","","",""
"346","Zeta Pi","May 10, 1969","University of Georgia","https://en.wikipedia.org/wiki/University_of_Georgia","Athens","https://en.wikipedia.org/wiki/Athens,_Georgia","Georgia","https://en.wikipedia.org/wiki/Georgia_(U.S._state)","Active","","","","","",""
"347","Zeta Rho","May 9, 1969","Indiana State University","https://en.wikipedia.org/wiki/Indiana_State_University","Terre Haute","https://en.wikipedia.org/wiki/Terre_Haute,_Indiana","Indiana","https://en.wikipedia.org/wiki/Indiana","Active","29","https://en.wikipedia.org/wiki/List_of_Alpha_Phi_Alpha_chapters#cite_note-65","[","]","",""
"348","Zeta Sigma","November 3, 1969","University of Central Oklahoma","https://en.wikipedia.org/wiki/University_of_Central_Oklahoma","Edmond","https://en.wikipedia.org/wiki/Edmond,_Oklahoma","Oklahoma","https://en.wikipedia.org/wiki/Oklahoma","Active","","","","","",""
"349","","February 27, 1970","East Texas A&M University","https://en.wikipedia.org/wiki/East_Texas_A%26M_University","Commerce","https://en.wikipedia.org/wiki/Commerce,_Texas","Texas","https://en.wikipedia.org/wiki/Texas","Inactive","ak","https://en.wikipedia.org/wiki/List_of_Alpha_Phi_Alpha_chapters#cite_note-66","[","]","Zeta Tau","–xxxx ?"
"350","","","Northeastern State University","https://en.wikipedia.org/wiki/Northeastern_State_University","Tahlequah","https://en.wikipedia.org/wiki/Tahlequah,_Oklahoma","Oklahoma","https://en.wikipedia.org/wiki/Oklahoma","Inactive","","","","","Zeta Upsilon","1970–xxxx ?"
"351","Zeta Phi","December 12, 1969","Mississippi Valley State University","https://en.wikipedia.org/wiki/Mississippi_Valley_State_University","Mississippi","https://en.wikipedia.org/wiki/Mississippi","","","Active","","","","","","–xxxx ?"
"352","Zeta Chi","December 22, 1969","University of Texas at Arlington","https://en.wikipedia.org/wiki/University_of_Texas_at_Arlington","Arlington","https://en.wikipedia.org/wiki/Arlington,_Texas","Texas","https://en.wikipedia.org/wiki/Texas","Active","","","","","",""
"353","Zeta Psi","December 19, 1969","West Chester University","https://en.wikipedia.org/wiki/West_Chester_University","West Chester","https://en.wikipedia.org/wiki/West_Chester,_Pennsylvania","Pennsylvania","https://en.wikipedia.org/wiki/Pennsylvania","Active","","","","","",""
"354","Eta Alpha","April 2, 1970","Paine College","https://en.wikipedia.org/wiki/Paine_College","Augusta","https://en.wikipedia.org/wiki/Augusta,_Georgia","Georgia","https://en.wikipedia.org/wiki/Georgia_(U.S._state)","Active","","","","","",""
"355","","","University of Wisconsin–Platteville","https://en.wikipedia.org/wiki/University_of_Wisconsin%E2%80%93Platteville","Platteville","https://en.wikipedia.org/wiki/Platteville,_Wisconsin","Wisconsin","https://en.wikipedia.org/wiki/Wisconsin","Inactive","","","","","Eta Beta","1970–xxxx ?"
"356","Eta Gamma","May 15, 1970","Prairie View A&M University","https://en.wikipedia.org/wiki/Prairie_View_A%26M_University","Prairie View","https://en.wikipedia.org/wiki/Prairie_View,_Texas","Texas","https://en.wikipedia.org/wiki/Texas","Active","","","","","",""
"357","Eta Delta","April 17, 1970","University of Miami","https://en.wikipedia.org/wiki/University_of_Miami","Coral Gables","https://en.wikipedia.org/wiki/Coral_Gables,_Florida","Florida","https://en.wikipedia.org/wiki/Florida","Active","","","","","",""
"358 ?","Eta Epsilon","April 19, 1970","University of North Texas","https://en.wikipedia.org/wiki/University_of_North_Texas","Denton","https://en.wikipedia.org/wiki/Denton,_Texas","Texas","https://en.wikipedia.org/wiki/Texas","Active","","","","","",""
"359","Eta Zeta","May 13, 1970","Bowie State College","https://en.wikipedia.org/wiki/Bowie_State_University","Prince George's County","https://en.wikipedia.org/wiki/Prince_George%27s_County,_Maryland","Maryland","https://en.wikipedia.org/wiki/Maryland","Active","","","","","",""
"360","Eta Eta","August 31, 1970","Western Illinois University","https://en.wikipedia.org/wiki/Western_Illinois_University","Macomb","https://en.wikipedia.org/wiki/Macomb,_Illinois","Illinois","https://en.wikipedia.org/wiki/Illinois","Active","30","https://en.wikipedia.org/wiki/List_of_Alpha_Phi_Alpha_chapters#cite_note-67","[","]","",""
"361","","","East Central University","https://en.wikipedia.org/wiki/East_Central_University","Ada","https://en.wikipedia.org/wiki/Ada,_Oklahoma","Oklahoma","https://en.wikipedia.org/wiki/Oklahoma","Inactive","","","","","Eta Theta","1971–xxxx ?"
"362","Eta Iota","January 29, 1971","Voorhees University","https://en.wikipedia.org/wiki/Voorhees_University","Denmark","https://en.wikipedia.org/wiki/Denmark,_South_Carolina","South Carolina","https://en.wikipedia.org/wiki/South_Carolina","Active","","","","","",""
"363","Eta Kappa","April 23, 1971","Louisiana Tech University","https://en.wikipedia.org/wiki/Louisiana_Tech_University","Ruston","https://en.wikipedia.org/wiki/Ruston,_Louisiana","Louisiana","https://en.wikipedia.org/wiki/Louisiana","Active","","","","","",""
"364","Eta Mu","April 17, 1971","University of Houston","https://en.wikipedia.org/wiki/University_of_Houston","Houston","https://en.wikipedia.org/wiki/Houston","Texas","https://en.wikipedia.org/wiki/Texas","Active","31","https://en.wikipedia.org/wiki/List_of_Alpha_Phi_Alpha_chapters#cite_note-68","[","]","",""
"365","","April 3, 1971","East Carolina University","https://en.wikipedia.org/wiki/East_Carolina_University","Greenville","https://en.wikipedia.org/wiki/Greenville,_North_Carolina","North Carolina","https://en.wikipedia.org/wiki/North_Carolina","Inactive","17","https://en.wikipedia.org/wiki/List_of_Alpha_Phi_Alpha_chapters#cite_note-:2-35","[","]","Eta Nu","– xxxx ?"
"366","","February 20, 1971","Detroit","https://en.wikipedia.org/wiki/Detroit","Michigan","https://en.wikipedia.org/wiki/Michigan","","","Inactive","","","","","Eta Xi","–xxxx ?"
"367","Eta Omicron","April 7, 1971","North Carolina State University","https://en.wikipedia.org/wiki/North_Carolina_State_University","Raleigh","https://en.wikipedia.org/wiki/Raleigh,_North_Carolina","North Carolina","https://en.wikipedia.org/wiki/North_Carolina","Active","17","https://en.wikipedia.org/wiki/List_of_Alpha_Phi_Alpha_chapters#cite_note-:2-35","[","]","",""
"368","Eta Pi","June 17, 1971","University of Wisconsin–Oshkosh","https://en.wikipedia.org/wiki/University_of_Wisconsin%E2%80%93Oshkosh","Oshkosh","https://en.wikipedia.org/wiki/Oshkosh,_Wisconsin","Wisconsin","https://en.wikipedia.org/wiki/Wisconsin","Active","","","","","",""
"369","Eta Rho","March 25, 1972","Western Kentucky University","https://en.wikipedia.org/wiki/Western_Kentucky_University","Bowling Green","https://en.wikipedia.org/wiki/Bowling_Green,_Kentucky","Kentucky","https://en.wikipedia.org/wiki/Kentucky","Active","","","","","",""
"370","Eta Sigma","January 1, 1972","San Diego State University","https://en.wikipedia.org/wiki/San_Diego_State_University","San Diego","https://en.wikipedia.org/wiki/San_Diego","California","https://en.wikipedia.org/wiki/California","Active","32","https://en.wikipedia.org/wiki/List_of_Alpha_Phi_Alpha_chapters#cite_note-69","[","]","",""
"371","Eta Tau","October 9, 1971","Illinois State University","https://en.wikipedia.org/wiki/Illinois_State_University","Normal","https://en.wikipedia.org/wiki/Normal,_Illinois","Illinois","https://en.wikipedia.org/wiki/Illinois","Active","33","https://en.wikipedia.org/wiki/List_of_Alpha_Phi_Alpha_chapters#cite_note-70","[","]","",""
"372 ?","Eta Upsilon","January 13, 1972","Texas Tech University","https://en.wikipedia.org/wiki/Texas_Tech_University","Lubbock","https://en.wikipedia.org/wiki/Lubbock,_Texas","Texas","https://en.wikipedia.org/wiki/Texas","Active","","","","","",""
"373 ?","Eta Phi","November 11, 1971","University of Tennessee at Chattanooga","https://en.wikipedia.org/wiki/University_of_Tennessee_at_Chattanooga","Chattanooga","https://en.wikipedia.org/wiki/Chattanooga,_Tennessee","Tennessee","https://en.wikipedia.org/wiki/Tennessee","Active","","","","","",""
"374","Eta Chi","November 15, 1971","University of Louisiana at Monroe","https://en.wikipedia.org/wiki/University_of_Louisiana_at_Monroe","Monroe","https://en.wikipedia.org/wiki/Monroe,_Louisiana","Louisiana","https://en.wikipedia.org/wiki/Louisiana","Active","","","","","",""
"375 ?","Eta Psi","November 15, 1972","Texas Christian University","https://en.wikipedia.org/wiki/Texas_Christian_University","Fort Worth","https://en.wikipedia.org/wiki/Fort_Worth,_Texas","Texas","https://en.wikipedia.org/wiki/Texas","Active","","","","","",""
"376 ?","Theta Alpha","","Jarvis Christian College","https://en.wikipedia.org/wiki/Jarvis_Christian_University","Wood County","https://en.wikipedia.org/wiki/Wood_County,_Texas","Texas","https://en.wikipedia.org/wiki/Texas","Active","","","","","","1972"
"377 ?","Theta Beta","","Columbus State University","https://en.wikipedia.org/wiki/Columbus_State_University","Columbus","https://en.wikipedia.org/wiki/Columbus,_Georgia","Georgia","https://en.wikipedia.org/wiki/Georgia_(U.S._state)","Active","","","","","","1972"
"378","Theta Gamma","March 4, 1972","University of South Florida","https://en.wikipedia.org/wiki/University_of_South_Florida","Tampa","https://en.wikipedia.org/wiki/Tampa,_Florida","Florida","https://en.wikipedia.org/wiki/Florida","Active","","","","","",""
"379","Theta Delta","February 12, 1972","University of South Alabama","https://en.wikipedia.org/wiki/University_of_South_Alabama","Mobile","https://en.wikipedia.org/wiki/Mobile,_Alabama","Alabama","https://en.wikipedia.org/wiki/Alabama","Active","14","https://en.wikipedia.org/wiki/List_of_Alpha_Phi_Alpha_chapters#cite_note-:11-26","[","]","",""
"380","Theta Epsilon","May 5, 1972","St. John's University","https://en.wikipedia.org/wiki/St._John%27s_University_(New_York_City)","Jamaica, Queens","https://en.wikipedia.org/wiki/Jamaica,_Queens","New York","https://en.wikipedia.org/wiki/New_York_(state)","Active","6","https://en.wikipedia.org/wiki/List_of_Alpha_Phi_Alpha_chapters#cite_note-:5-6","[","]","",""
"381","Theta Zeta","","Dartmouth College","https://en.wikipedia.org/wiki/Dartmouth_College","Hanover","https://en.wikipedia.org/wiki/Hanover,_New_Hampshire","New Hampshire","https://en.wikipedia.org/wiki/New_Hampshire","Active","","","","","","1972"
"382 ?","","","University of California, Davis","https://en.wikipedia.org/wiki/University_of_California,_Davis","Davis","https://en.wikipedia.org/wiki/Davis,_California","California","https://en.wikipedia.org/wiki/California","Inactive","","","","","Theta Eta","1972–xxxx ?"
"383","Theta Theta","","McNeese State University","https://en.wikipedia.org/wiki/McNeese_State_University","Lake Charles","https://en.wikipedia.org/wiki/Lake_Charles,_Louisiana","Louisiana","https://en.wikipedia.org/wiki/Louisiana","Active","","","","","","1973"
"384","","","Virginia Tech","https://en.wikipedia.org/wiki/Virginia_Tech","Blacksburg","https://en.wikipedia.org/wiki/Blacksburg,_Virginia","Virginia","https://en.wikipedia.org/wiki/Virginia","Inactive","","","","","Theta Iota","1973–xxxx ?"
"385","Theta Kappa","","Henderson State University","https://en.wikipedia.org/wiki/Henderson_State_University","Arkadelphia","https://en.wikipedia.org/wiki/Arkadelphia,_Arkansas","Arkansas","https://en.wikipedia.org/wiki/Arkansas","Active","","","","","","1973"
"386 ?","Theta Mu","April 14, 1973","Sam Houston State University","https://en.wikipedia.org/wiki/Sam_Houston_State_University","Huntsville","https://en.wikipedia.org/wiki/Huntsville,_Texas","Texas","https://en.wikipedia.org/wiki/Texas","Active","34","https://en.wikipedia.org/wiki/List_of_Alpha_Phi_Alpha_chapters#cite_note-72","[","]","",""
"387","Theta Nu","","University of South Carolina","https://en.wikipedia.org/wiki/University_of_South_Carolina","Columbia","https://en.wikipedia.org/wiki/Columbia,_South_Carolina","South Carolina","https://en.wikipedia.org/wiki/South_Carolina","Active","","","","","","1973"
"388","Theta Xi","January 6, 1973","Ball State University","https://en.wikipedia.org/wiki/Ball_State_University","Muncie","https://en.wikipedia.org/wiki/Muncie,_Indiana","Indiana","https://en.wikipedia.org/wiki/Indiana","Active","35","https://en.wikipedia.org/wiki/List_of_Alpha_Phi_Alpha_chapters#cite_note-73","[","]","",""
"389","Theta Omicron","May 7, 1973","Millikin University","https://en.wikipedia.org/wiki/Millikin_University","Decatur","https://en.wikipedia.org/wiki/Decatur,_Illinois","Illinois","https://en.wikipedia.org/wiki/Illinois","Active","36","https://en.wikipedia.org/wiki/List_of_Alpha_Phi_Alpha_chapters#cite_note-74","[","]","",""
"390","","","Austin Peay State University","https://en.wikipedia.org/wiki/Austin_Peay_State_University","Clarksville","https://en.wikipedia.org/wiki/Clarksville,_Tennessee","Tennessee","https://en.wikipedia.org/wiki/Tennessee","Inactive","","","","","Theta Pi","1973–xxxx ?"
"391","Theta Rho","","Virginia Commonwealth University","https://en.wikipedia.org/wiki/Virginia_Commonwealth_University","Richmond","https://en.wikipedia.org/wiki/Richmond,_Virginia","Virginia","https://en.wikipedia.org/wiki/Virginia","Active","","","","","","1973"
"392","Theta Sigma","August 9, 1973","University of Florida","https://en.wikipedia.org/wiki/University_of_Florida","Gainesville","https://en.wikipedia.org/wiki/Gainesville,_Florida","Florida","https://en.wikipedia.org/wiki/Florida","Active","37","https://en.wikipedia.org/wiki/List_of_Alpha_Phi_Alpha_chapters#cite_note-75","[","]","",""
"393","Theta Tau","","University of Michigan–Flint","https://en.wikipedia.org/wiki/University_of_Michigan%E2%80%93Flint","Kettering University","https://en.wikipedia.org/wiki/Kettering_University","Baker College","https://en.wikipedia.org/wiki/Baker_College","Active","","","","","Michigan","1973"
"394","Theta Upsilon","","Arkansas State University","https://en.wikipedia.org/wiki/Arkansas_State_University","Jonesboro","https://en.wikipedia.org/wiki/Jonesboro,_Arkansas","Arkansas","https://en.wikipedia.org/wiki/Arkansas","Active","","","","","","1973"
"395 ?","Theta Phi","","University of New Orleans","https://en.wikipedia.org/wiki/University_of_New_Orleans","New Orleans","https://en.wikipedia.org/wiki/New_Orleans","Louisiana","https://en.wikipedia.org/wiki/Louisiana","Active","","","","","","1973"
"396","Theta Chi","","Northwestern State University","https://en.wikipedia.org/wiki/Northwestern_State_University","Natchitoches","https://en.wikipedia.org/wiki/Natchitoches,_Louisiana","Louisiana","https://en.wikipedia.org/wiki/Louisiana","Active","","","","","","1973"
"397","","","University of Central Arkansas","https://en.wikipedia.org/wiki/University_of_Central_Arkansas","Conway","https://en.wikipedia.org/wiki/Conway,_Arkansas","Arkansas","https://en.wikipedia.org/wiki/Arkansas","Inactive","","","","","Theta Psi","1973–xxxx ?"
"398","Iota Alpha","","Washington and Lee University","https://en.wikipedia.org/wiki/Washington_and_Lee_University","George Mason University","https://en.wikipedia.org/wiki/George_Mason_University","Lexington","https://en.wikipedia.org/wiki/Lexington,_Virginia","Active","","","","","","1973"
"399","Iota Beta","","University of Virginia","https://en.wikipedia.org/wiki/University_of_Virginia","Charlottesville","https://en.wikipedia.org/wiki/Charlottesville,_Virginia","Virginia","https://en.wikipedia.org/wiki/Virginia","Active","","","","","","1973"
"400","","","Rust College","https://en.wikipedia.org/wiki/Rust_College","Holly Springs","https://en.wikipedia.org/wiki/Holly_Springs,_Mississippi","Mississippi","https://en.wikipedia.org/wiki/Mississippi","Inactive","","","","","Iota Gamma","1973–xxxx ?"
"401","Iota Delta","","Florida State University","https://en.wikipedia.org/wiki/Florida_State_University","Tallahassee","https://en.wikipedia.org/wiki/Tallahassee,_Florida","Florida","https://en.wikipedia.org/wiki/Florida","Active","","","","","","1974"
"402","Iota Epsilon","","Grand Valley State University","https://en.wikipedia.org/wiki/Grand_Valley_State_University","Allendale","https://en.wikipedia.org/wiki/Allendale,_Michigan","Michigan","https://en.wikipedia.org/wiki/Michigan","Active","","","","","","1974"
"403","Iota Zeta","","University of Maryland, College Park","https://en.wikipedia.org/wiki/University_of_Maryland,_College_Park","College Park","https://en.wikipedia.org/wiki/College_Park,_Maryland","Maryland","https://en.wikipedia.org/wiki/Maryland","Active","","","","","","1974"
"404","Iota Eta","","Mercer University","https://en.wikipedia.org/wiki/Mercer_University","Macon","https://en.wikipedia.org/wiki/Macon,_Georgia","Georgia","https://en.wikipedia.org/wiki/Georgia_(U.S._state)","Active","","","","","","1974"
"405","","","Calumet College of St. Joseph","https://en.wikipedia.org/wiki/Calumet_College_of_St._Joseph","Whiting","https://en.wikipedia.org/wiki/Whiting,_Indiana","Indiana","https://en.wikipedia.org/wiki/Indiana","Inactive","","","","","Iota Theta","1974–xxxx ?"
"406","Iota Iota","","The College of New Jersey","https://en.wikipedia.org/wiki/The_College_of_New_Jersey","Ewing Township","https://en.wikipedia.org/wiki/Ewing_Township,_New_Jersey","New Jersey","https://en.wikipedia.org/wiki/New_Jersey","Active","","","","","","1974"
"407 ?","Iota Kappa","","Paul Quinn College","https://en.wikipedia.org/wiki/Paul_Quinn_College","Dallas","https://en.wikipedia.org/wiki/Dallas","Texas","https://en.wikipedia.org/wiki/Texas","Active","","","","","","1974"
"408 ?","Iota Mu","","Stephen F. Austin State University","https://en.wikipedia.org/wiki/Stephen_F._Austin_State_University","Nacogdoches","https://en.wikipedia.org/wiki/Nacogdoches,_Texas","Texas","https://en.wikipedia.org/wiki/Texas","Active","","","","","","1974"
"409","","October 11, 1974","University of Alabama at Birmingham","https://en.wikipedia.org/wiki/University_of_Alabama_at_Birmingham","Birmingham","https://en.wikipedia.org/wiki/Birmingham,_Alabama","Alabama","https://en.wikipedia.org/wiki/Alabama","Inactive","14","https://en.wikipedia.org/wiki/List_of_Alpha_Phi_Alpha_chapters#cite_note-:11-26","[","]","Iota Nu","– xxxx ?"
"410","Iota Xi","","Truman State University","https://en.wikipedia.org/wiki/Truman_State_University","Kirksville","https://en.wikipedia.org/wiki/Kirksville,_Missouri","Missouri","https://en.wikipedia.org/wiki/Missouri","Active","","","","","","1974"
"411","Upsilon Mu","","Southern Methodist University","https://en.wikipedia.org/wiki/Southern_Methodist_University","Dallas","https://en.wikipedia.org/wiki/Dallas","Texas","https://en.wikipedia.org/wiki/Texas","Inactive,  Reestablished","38","https://en.wikipedia.org/wiki/List_of_Alpha_Phi_Alpha_chapters#cite_note-:30-76","[","]","Iota Omicron","1974–2005"
"412","","April 8, 1974","Southern Illinois University Edwardsville","https://en.wikipedia.org/wiki/Southern_Illinois_University_Edwardsville","Edwardsville","https://en.wikipedia.org/wiki/Edwardsville,_Illinois","Illinois","https://en.wikipedia.org/wiki/Illinois","Inactive","39","https://en.wikipedia.org/wiki/List_of_Alpha_Phi_Alpha_chapters#cite_note-78","[","]","Iota Pi","– xxxx ?"
"413","Iota Rho","","New Jersey Institute of Technology","https://en.wikipedia.org/wiki/New_Jersey_Institute_of_Technology","Bloomfield College","https://en.wikipedia.org/wiki/Bloomfield_College","Montclair State University","https://en.wikipedia.org/wiki/Montclair_State_University","Active","an","https://en.wikipedia.org/wiki/List_of_Alpha_Phi_Alpha_chapters#cite_note-79","[","]","Newark","1974"
"414","Iota Sigma","","Millersville","https://en.wikipedia.org/wiki/Millersville,_Pennsylvania","Pennsylvania","https://en.wikipedia.org/wiki/Pennsylvania","","","Active","","","","","","1974"
"415 ?","Iota Tau","","Washington State University","https://en.wikipedia.org/wiki/Washington_State_University","Pullman","https://en.wikipedia.org/wiki/Pullman,_Washington","Washington","https://en.wikipedia.org/wiki/Washington_(state)","Active","","","","","","1974"
"416 ?","","","Utah State University","https://en.wikipedia.org/wiki/Utah_State_University","Logan","https://en.wikipedia.org/wiki/Logan,_Utah","Utah","https://en.wikipedia.org/wiki/Utah","Inactive","","","","","Iota Upsilon","1974–xxxx ?"
"417","","","University of Mount Union","https://en.wikipedia.org/wiki/University_of_Mount_Union","Alliance","https://en.wikipedia.org/wiki/Alliance,_Ohio","Ohio","https://en.wikipedia.org/wiki/Ohio","Inactive","","","","","Iota Phi","1974–xxxx ?"
"419 ?","","","University of Redlands","https://en.wikipedia.org/wiki/University_of_Redlands","Redlands","https://en.wikipedia.org/wiki/Redlands,_California","California","https://en.wikipedia.org/wiki/California","Inactive","","","","","Iota Chi","1974–xxxx ?"
"418","Iota Psi","August 5, 1974","California State Polytechnic University, Pomona","https://en.wikipedia.org/wiki/California_State_Polytechnic_University,_Pomona","Pomona","https://en.wikipedia.org/wiki/Pomona,_California","California","https://en.wikipedia.org/wiki/California","Active","","","","","",""
"420","Kappa Alpha","December 2, 1974","University of Alabama","https://en.wikipedia.org/wiki/University_of_Alabama","Tuscaloosa","https://en.wikipedia.org/wiki/Tuscaloosa,_Alabama","Alabama","https://en.wikipedia.org/wiki/Alabama","Active","14","https://en.wikipedia.org/wiki/List_of_Alpha_Phi_Alpha_chapters#cite_note-:11-26","[","]","",""
"421 ?","Kappa Beta","","Mississippi State University","https://en.wikipedia.org/wiki/Mississippi_State_University","Starkville","https://en.wikipedia.org/wiki/Starkville,_Mississippi","Mississippi","https://en.wikipedia.org/wiki/Mississippi","Active","","","","","","1974"
"422","Kappa Gamma","January 17, 1975","University of North Alabama","https://en.wikipedia.org/wiki/University_of_North_Alabama","Florence","https://en.wikipedia.org/wiki/Florence,_Alabama","Alabama","https://en.wikipedia.org/wiki/Alabama","Active","14","https://en.wikipedia.org/wiki/List_of_Alpha_Phi_Alpha_chapters#cite_note-:11-26","[","]","",""
"423","Kappa Delta","","University of Connecticut","https://en.wikipedia.org/wiki/University_of_Connecticut","Trinity College","https://en.wikipedia.org/wiki/Trinity_College_(Connecticut)","Eastern Connecticut State University","https://en.wikipedia.org/wiki/Eastern_Connecticut_State_University","Active","","","","","","1975"
"424","Kappa Epsilon","","Cameron University","https://en.wikipedia.org/wiki/Cameron_University","Lawton","https://en.wikipedia.org/wiki/Lawton,_Oklahoma","Oklahoma","https://en.wikipedia.org/wiki/Oklahoma","Active","","","","","","1975"
"425","Kappa Zeta","February 17, 1975","Pace University","https://en.wikipedia.org/wiki/Pace_University","New York City","https://en.wikipedia.org/wiki/New_York_City","New York","https://en.wikipedia.org/wiki/New_York_(state)","Active","8","https://en.wikipedia.org/wiki/List_of_Alpha_Phi_Alpha_chapters#cite_note-:7-10","[","]","",""
"426","","","University of Memphis","https://en.wikipedia.org/wiki/University_of_Memphis","Memphis","https://en.wikipedia.org/wiki/Memphis,_Tennessee","Tennessee","https://en.wikipedia.org/wiki/Tennessee","Inactive","","","","","Kappa Eta","1975–xxxx ?"
"427","Kappa Theta","","Vanderbilt University","https://en.wikipedia.org/wiki/Vanderbilt_University","Nashville","https://en.wikipedia.org/wiki/Nashville,_Tennessee","Tennessee","https://en.wikipedia.org/wiki/Tennessee","Active","","","","","","1975"
"428","Kappa Iota","April 15, 1975","Southern Arkansas University","https://en.wikipedia.org/wiki/Southern_Arkansas_University","Magnolia","https://en.wikipedia.org/wiki/Magnolia,_Arkansas","Arkansas","https://en.wikipedia.org/wiki/Arkansas","Active","","","","","",""
"429","Kappa Kappa","April 27, 1975","University of Arkansas","https://en.wikipedia.org/wiki/University_of_Arkansas","Fayetteville","https://en.wikipedia.org/wiki/Fayetteville,_Arkansas","Arkansas","https://en.wikipedia.org/wiki/Arkansas","Active","","","","","",""
"430","Kappa Mu","March 22, 1975","Nicholls State University","https://en.wikipedia.org/wiki/Nicholls_State_University","Thibodaux","https://en.wikipedia.org/wiki/Thibodaux,_Louisiana","Louisiana","https://en.wikipedia.org/wiki/Louisiana","Active","","","","","",""
"431 ?","Kappa Nu","March 22, 1975","Southeastern Louisiana University","https://en.wikipedia.org/wiki/Southeastern_Louisiana_University","Hammond","https://en.wikipedia.org/wiki/Hammond,_Louisiana","Louisiana","https://en.wikipedia.org/wiki/Louisiana","Active","40","https://en.wikipedia.org/wiki/List_of_Alpha_Phi_Alpha_chapters#cite_note-81","[","]","",""
"432","Kappa Xi","March 25, 1975","Middle Tennessee State University","https://en.wikipedia.org/wiki/Middle_Tennessee_State_University","Murfreesboro","https://en.wikipedia.org/wiki/Murfreesboro,_Tennessee","Tennessee","https://en.wikipedia.org/wiki/Tennessee","Active","8","https://en.wikipedia.org/wiki/List_of_Alpha_Phi_Alpha_chapters#cite_note-:7-10","[","]","",""
"433","Kappa Omicron","December 7, 1975","Duke University","https://en.wikipedia.org/wiki/Duke_University","Durham","https://en.wikipedia.org/wiki/Durham,_North_Carolina","North Carolina","https://en.wikipedia.org/wiki/North_Carolina","Active","17","https://en.wikipedia.org/wiki/List_of_Alpha_Phi_Alpha_chapters#cite_note-:2-35","[","]","",""
"434","Kappa Pi","May 31, 1975","College of William & Mary","https://en.wikipedia.org/wiki/College_of_William_%26_Mary","Williamsburg","https://en.wikipedia.org/wiki/Williamsburg,_Virginia","Virginia","https://en.wikipedia.org/wiki/Virginia","Active","","","","","",""
"435","","April 17, 1975","LIU Post","https://en.wikipedia.org/wiki/LIU_Post","Brookville","https://en.wikipedia.org/wiki/Brookville,_New_York","New York","https://en.wikipedia.org/wiki/New_York_(state)","Inactive","6","https://en.wikipedia.org/wiki/List_of_Alpha_Phi_Alpha_chapters#cite_note-:5-6","[","]","Kappa Rho","– xxxx ?"
"436 ?","Rho Mu","","West Texas A&M University","https://en.wikipedia.org/wiki/West_Texas_A%26M_University","Canyon","https://en.wikipedia.org/wiki/Canyon,_Texas","Texas","https://en.wikipedia.org/wiki/Texas","Inactive,  Reestablished","ap","https://en.wikipedia.org/wiki/List_of_Alpha_Phi_Alpha_chapters#cite_note-83","[","]","Kappa Sigma","1975–xxxx ?"
"437 ?","Kappa Tau","April 15, 1976","Kansas State University","https://en.wikipedia.org/wiki/Kansas_State_University","Manhattan","https://en.wikipedia.org/wiki/Manhattan,_Kansas","Kansas","https://en.wikipedia.org/wiki/Kansas","Active","42","https://en.wikipedia.org/wiki/List_of_Alpha_Phi_Alpha_chapters#cite_note-84","[","]","",""
"438 ?","","","Edward Waters University","https://en.wikipedia.org/wiki/Edward_Waters_University","Jacksonville","https://en.wikipedia.org/wiki/Jacksonville,_Florida","Florida","https://en.wikipedia.org/wiki/Florida","Inactive","","","","","Kappa Upsilon","1975–xxxx ?"
"439 ?","","","University of Liberia","https://en.wikipedia.org/wiki/University_of_Liberia","Monrovia","https://en.wikipedia.org/wiki/Monrovia","Liberia","https://en.wikipedia.org/wiki/Liberia","Inactive","","","","","Kappa Phi","1975–xxxx ?"
"440","Kappa Chi","December 20, 1975","Francis Marion University","https://en.wikipedia.org/wiki/Francis_Marion_University","Florence","https://en.wikipedia.org/wiki/Florence,_South_Carolina","South Carolina","https://en.wikipedia.org/wiki/South_Carolina","Active","","","","","",""
"441 ?","Kappa Psi","","University of Arkansas at Little Rock","https://en.wikipedia.org/wiki/University_of_Arkansas_at_Little_Rock","Little Rock","https://en.wikipedia.org/wiki/Little_Rock,_Arkansas","Arkansas","https://en.wikipedia.org/wiki/Arkansas","Active","","","","","","1976"
"442 ?","Mu Alpha","","Emory University","https://en.wikipedia.org/wiki/Emory_University","Atlanta","https://en.wikipedia.org/wiki/Atlanta","Georgia","https://en.wikipedia.org/wiki/Georgia_(U.S._state)","Active","","","","","","1976"
"443 ?","","","University of Tennessee at Martin","https://en.wikipedia.org/wiki/University_of_Tennessee_at_Martin","Martin","https://en.wikipedia.org/wiki/Martin,_Tennessee","Tennessee","https://en.wikipedia.org/wiki/Tennessee","Inactive","","","","","Mu Beta","1976–xxxx ?"
"444 ?","Mu Gamma","","Georgia College & State University","https://en.wikipedia.org/wiki/Georgia_College_%26_State_University","Milledgeville","https://en.wikipedia.org/wiki/Milledgeville,_Georgia","Georgia","https://en.wikipedia.org/wiki/Georgia_(U.S._state)","Active","","","","","","1976"
"445 ?","Mu Delta","","Georgia Southwestern State University","https://en.wikipedia.org/wiki/Georgia_Southwestern_State_University","Americus","https://en.wikipedia.org/wiki/Americus,_Georgia","Georgia","https://en.wikipedia.org/wiki/Georgia_(U.S._state)","Active","","","","","","1976"
"446 ?","","","Carthage College","https://en.wikipedia.org/wiki/Carthage_College","Kenosha","https://en.wikipedia.org/wiki/Kenosha,_Wisconsin","Wisconsin","https://en.wikipedia.org/wiki/Wisconsin","Inactive","","","","","Mu Epsilon","1976–xxxx ?"
"447 ?","Mu Zeta","April 15, 1976","University of North Carolina at Chapel Hill","https://en.wikipedia.org/wiki/University_of_North_Carolina_at_Chapel_Hill","Chapel Hill","https://en.wikipedia.org/wiki/Chapel_Hill,_North_Carolina","North Carolina","https://en.wikipedia.org/wiki/North_Carolina","Active","17","https://en.wikipedia.org/wiki/List_of_Alpha_Phi_Alpha_chapters#cite_note-:2-35","[","]","",""
"448 ?","Mu Eta","April 26, 1976","Arizona State University","https://en.wikipedia.org/wiki/Arizona_State_University","Tempe","https://en.wikipedia.org/wiki/Tempe,_Arizona","Arizona","https://en.wikipedia.org/wiki/Arizona","Active","","","","","",""
"449","","May 21, 1976","University of West Florida","https://en.wikipedia.org/wiki/University_of_West_Florida","Pensacola","https://en.wikipedia.org/wiki/Pensacola,_Florida","Florida","https://en.wikipedia.org/wiki/Florida","Inactive","","","","","Mu Theta",""
"450 ?","","","University of Tennessee","https://en.wikipedia.org/wiki/University_of_Tennessee","Knoxville","https://en.wikipedia.org/wiki/Knoxville,_Tennessee","Tennessee","https://en.wikipedia.org/wiki/Tennessee","Inactive","","","","","Mu Iota","1976–xxxx ?"
"451 ?","Mu Kappa","","University of California, Santa Barbara","https://en.wikipedia.org/wiki/University_of_California,_Santa_Barbara","Santa Barbara","https://en.wikipedia.org/wiki/Santa_Barbara,_California","California","https://en.wikipedia.org/wiki/California","Active","","","","","","1976"
"34","","","Drake University","https://en.wikipedia.org/wiki/Drake_University","Des Moines","https://en.wikipedia.org/wiki/Des_Moines,_Iowa","Iowa","https://en.wikipedia.org/wiki/Iowa","Inactive","","","","","Alpha Nu","1976–xxxx ?"
"452 ?","Mu Mu","August 20, 1976","Elmhurst College","https://en.wikipedia.org/wiki/Elmhurst_University","Elmhurst","https://en.wikipedia.org/wiki/Elmhurst,_Illinois","Illinois","https://en.wikipedia.org/wiki/Illinois","Active","43","https://en.wikipedia.org/wiki/List_of_Alpha_Phi_Alpha_chapters#cite_note-85","[","]","",""
"453 ?","Mu Nu","April 24, 1976","Texas State University","https://en.wikipedia.org/wiki/Texas_State_University","San Marcos","https://en.wikipedia.org/wiki/San_Marcos,_Texas","Texas","https://en.wikipedia.org/wiki/Texas","Active","","","","","",""
"454 ?","Mu Xi","November 15, 1976","University of Southern Mississippi","https://en.wikipedia.org/wiki/University_of_Southern_Mississippi","Hattiesburg","https://en.wikipedia.org/wiki/Hattiesburg,_Mississippi","Mississippi","https://en.wikipedia.org/wiki/Mississippi","Active","","","","","",""
"455 ?","Mu Omicron","May 31, 1976","Valdosta State University","https://en.wikipedia.org/wiki/Valdosta_State_University","Valdosta","https://en.wikipedia.org/wiki/Valdosta,_Georgia","Georgia","https://en.wikipedia.org/wiki/Georgia_(U.S._state)","Active","","","","","",""
"457","Mu Rho","December 10, 1976","Towson University","https://en.wikipedia.org/wiki/Towson_University","Towson","https://en.wikipedia.org/wiki/Towson,_Maryland","Maryland","https://en.wikipedia.org/wiki/Maryland","Active","","","","","",""
"456 ?","Mu Pi","","Charleston Southern University","https://en.wikipedia.org/wiki/Charleston_Southern_University","North Charleston","https://en.wikipedia.org/wiki/North_Charleston,_South_Carolina","South Carolina","https://en.wikipedia.org/wiki/South_Carolina","Active","","","","","","1977"
"458","Mu Sigma","January 22, 1977","University of Rochester","https://en.wikipedia.org/wiki/University_of_Rochester","Rochester Institute of Technology","https://en.wikipedia.org/wiki/Rochester_Institute_of_Technology","Rochester","https://en.wikipedia.org/wiki/Rochester,_New_York","Active","6","https://en.wikipedia.org/wiki/List_of_Alpha_Phi_Alpha_chapters#cite_note-:5-6","[","]","",""
"459","Mu Tau","February 5, 1977","University of North Carolina at Charlotte","https://en.wikipedia.org/wiki/University_of_North_Carolina_at_Charlotte","Charlotte","https://en.wikipedia.org/wiki/Charlotte,_North_Carolina","North Carolina","https://en.wikipedia.org/wiki/North_Carolina","Active","17","https://en.wikipedia.org/wiki/List_of_Alpha_Phi_Alpha_chapters#cite_note-:2-35","[","]","",""
"460","Mu Upsilon","April 6, 1977","Frostburg State University","https://en.wikipedia.org/wiki/Frostburg_State_University","Frostburg","https://en.wikipedia.org/wiki/Frostburg,_Maryland","Maryland","https://en.wikipedia.org/wiki/Maryland","Active","44","https://en.wikipedia.org/wiki/List_of_Alpha_Phi_Alpha_chapters#cite_note-:27-86","[","]","",""
"461","Mu Phi","January 11, 1977","University of Bridgeport","https://en.wikipedia.org/wiki/University_of_Bridgeport","Bridgeport","https://en.wikipedia.org/wiki/Bridgeport,_Connecticut","Connecticut","https://en.wikipedia.org/wiki/Connecticut","Active","12","https://en.wikipedia.org/wiki/List_of_Alpha_Phi_Alpha_chapters#cite_note-:6-20","[","]","",""
"462 ?","Mu Chi","April 27, 1977","California State University, Long Beach","https://en.wikipedia.org/wiki/California_State_University,_Long_Beach","Long Beach","https://en.wikipedia.org/wiki/Long_Beach,_California","California","https://en.wikipedia.org/wiki/California","Active","","","","","",""
"463 ?","Mu Psi","","Southern Connecticut State University","https://en.wikipedia.org/wiki/Southern_Connecticut_State_University","New Haven","https://en.wikipedia.org/wiki/New_Haven,_Connecticut","Connecticut","https://en.wikipedia.org/wiki/Connecticut","Active","","","","","","1977"
"464","Nu Alpha","March 23, 1977","Arkansas Tech University","https://en.wikipedia.org/wiki/Arkansas_Tech_University","Russellville","https://en.wikipedia.org/wiki/Russellville,_Arkansas","Arkansas","https://en.wikipedia.org/wiki/Arkansas","Active","","","","","",""
"465","Nu Beta","May 27, 1977","George Washington University","https://en.wikipedia.org/wiki/George_Washington_University","American University","https://en.wikipedia.org/wiki/American_University","Washington","https://en.wikipedia.org/wiki/Washington,_D.C.","Active","44","https://en.wikipedia.org/wiki/List_of_Alpha_Phi_Alpha_chapters#cite_note-:27-86","[","]","",""
"466 ?","","","University of West Georgia","https://en.wikipedia.org/wiki/University_of_West_Georgia","Carrollton","https://en.wikipedia.org/wiki/Carrollton,_Georgia","Georgia","https://en.wikipedia.org/wiki/Georgia_(U.S._state)","Inactive","","","","","Nu Gamma","1977–xxxx ?"
"467","Nu Delta","June 11, 1977","Chicago State University","https://en.wikipedia.org/wiki/Chicago_State_University","Chicago","https://en.wikipedia.org/wiki/Chicago","Illinois","https://en.wikipedia.org/wiki/Illinois","Active","45","https://en.wikipedia.org/wiki/List_of_Alpha_Phi_Alpha_chapters#cite_note-87","[","]","",""
"468","Nu Epsilon","September 1, 1977","Lewis University","https://en.wikipedia.org/wiki/Lewis_University","Romeoville","https://en.wikipedia.org/wiki/Romeoville,_Illinois","Illinois","https://en.wikipedia.org/wiki/Illinois","Active","46","https://en.wikipedia.org/wiki/List_of_Alpha_Phi_Alpha_chapters#cite_note-88","[","]","",""
"469","Nu Zeta","May 7, 1977","Western Carolina University","https://en.wikipedia.org/wiki/Western_Carolina_University","Cullowhee","https://en.wikipedia.org/wiki/Cullowhee,_North_Carolina","North Carolina","https://en.wikipedia.org/wiki/North_Carolina","Active","17","https://en.wikipedia.org/wiki/List_of_Alpha_Phi_Alpha_chapters#cite_note-:2-35","[","]","",""
"470","","September 15, 1977","Rhodes College","https://en.wikipedia.org/wiki/Rhodes_College","Memphis","https://en.wikipedia.org/wiki/Memphis,_Tennessee","Tennessee","https://en.wikipedia.org/wiki/Tennessee","Inactive","","","","","Nu Eta",""
"471","Nu Theta","April 24, 1977","Old Dominion University","https://en.wikipedia.org/wiki/Old_Dominion_University","Norfolk","https://en.wikipedia.org/wiki/Norfolk,_Virginia","Virginia","https://en.wikipedia.org/wiki/Virginia","Active","47","https://en.wikipedia.org/wiki/List_of_Alpha_Phi_Alpha_chapters#cite_note-:28-89","[","]","",""
"472","Nu Iota","","Rowan University","https://en.wikipedia.org/wiki/Rowan_University","Rutgers University–Camden","https://en.wikipedia.org/wiki/Rutgers_University%E2%80%93Camden","Glassboro","https://en.wikipedia.org/wiki/Glassboro,_New_Jersey","Active","48","https://en.wikipedia.org/wiki/List_of_Alpha_Phi_Alpha_chapters#cite_note-:25-90","[","]","","1977"
"473","","December 16, 1977","University of Maryland, Baltimore County","https://en.wikipedia.org/wiki/University_of_Maryland,_Baltimore_County","Baltimore County","https://en.wikipedia.org/wiki/Baltimore_County,_Maryland","Maryland","https://en.wikipedia.org/wiki/Baltimore_County,_Maryland","Active","44","https://en.wikipedia.org/wiki/List_of_Alpha_Phi_Alpha_chapters#cite_note-:27-86","[","]","Nu Kappa",""
"474","","April 2, 1977","Atlanta","https://en.wikipedia.org/wiki/Atlanta","Georgia","https://en.wikipedia.org/wiki/Georgia_(U.S._state)","","","Active","","","","","Nu Mu",""
"479","Nu Rho","December 22, 1977","DePaul University","https://en.wikipedia.org/wiki/DePaul_University","Illinois Institute of Technology","https://en.wikipedia.org/wiki/Illinois_Institute_of_Technology","Chicago","https://en.wikipedia.org/wiki/Chicago","Active","49","https://en.wikipedia.org/wiki/List_of_Alpha_Phi_Alpha_chapters#cite_note-91","[","]","",""
"475","Nu Nu","May 16, 1978","Marshall University","https://en.wikipedia.org/wiki/Marshall_University","Huntington","https://en.wikipedia.org/wiki/Huntington,_West_Virginia","West Virginia","https://en.wikipedia.org/wiki/West_Virginia","Active","50","https://en.wikipedia.org/wiki/List_of_Alpha_Phi_Alpha_chapters#cite_note-92","[","]","",""
"476 ?","Nu Xi","","Marquette University","https://en.wikipedia.org/wiki/Marquette_University","Milwaukee","https://en.wikipedia.org/wiki/Milwaukee","Wisconsin","https://en.wikipedia.org/wiki/Wisconsin","Active","51","https://en.wikipedia.org/wiki/List_of_Alpha_Phi_Alpha_chapters#cite_note-93","[","]","Alpha Xi","197x ?"
"477 ?","","","Carroll College","https://en.wikipedia.org/wiki/Carroll_College","Helena","https://en.wikipedia.org/wiki/Helena,_Montana","Montana","https://en.wikipedia.org/wiki/Montana","Inactive","","","","","Nu Omicron","197x ?–xxxx ?"
"478 ?","Rho Tau Second","","University of Evansville","https://en.wikipedia.org/wiki/University_of_Evansville","Evansville","https://en.wikipedia.org/wiki/Evansville,_Indiana","Indiana","https://en.wikipedia.org/wiki/Indiana","Consolidated","ar","https://en.wikipedia.org/wiki/List_of_Alpha_Phi_Alpha_chapters#cite_note-95","[","]","Nu Pi","197x ?–20xx ?"
"480 ?","Nu Sigma","March 20, 1978","Stanford University","https://en.wikipedia.org/wiki/Stanford_University","Stanford","https://en.wikipedia.org/wiki/Stanford,_California","California","https://en.wikipedia.org/wiki/California","Active","as","https://en.wikipedia.org/wiki/List_of_Alpha_Phi_Alpha_chapters#cite_note-96","[","]","Delta Omicron",""
"481","Nu Tau","April 28, 1978","University of Montevallo","https://en.wikipedia.org/wiki/University_of_Montevallo","Montevallo","https://en.wikipedia.org/wiki/Montevallo,_Alabama","Alabama","https://en.wikipedia.org/wiki/Alabama","Active","14","https://en.wikipedia.org/wiki/List_of_Alpha_Phi_Alpha_chapters#cite_note-:11-26","[","]","",""
"482 ?","","","University of Mississippi","https://en.wikipedia.org/wiki/University_of_Mississippi","Oxford","https://en.wikipedia.org/wiki/Oxford,_Mississippi","Mississippi","https://en.wikipedia.org/wiki/Mississippi","Inactive","","","","","Nu Upsilon","1978–xxxx ?"
"483","Nu Phi","","Coastal Carolina University","https://en.wikipedia.org/wiki/Coastal_Carolina_University","Conway","https://en.wikipedia.org/wiki/Conway,_South_Carolina","South Carolina","https://en.wikipedia.org/wiki/South_Carolina","Active","","","","","","1978"
"484 ?","","","University of the Pacific","https://en.wikipedia.org/wiki/University_of_the_Pacific_(United_States)","Stockton","https://en.wikipedia.org/wiki/Stockton,_California","California","https://en.wikipedia.org/wiki/California","Inactive","","","","","Nu Chi","197x ?–xxxx ?"
"485 ?","","May 22, 1978","Louisiana State University","https://en.wikipedia.org/wiki/Louisiana_State_University","Baton Rouge","https://en.wikipedia.org/wiki/Baton_Rouge,_Louisiana","Louisiana","https://en.wikipedia.org/wiki/Louisiana","Inactive","54","https://en.wikipedia.org/wiki/List_of_Alpha_Phi_Alpha_chapters#cite_note-99","[","]","Nu Psi","– October 1, 2021"
"486 ?","Xi Alpha","","Morehead State University","https://en.wikipedia.org/wiki/Morehead_State_University","Morehead","https://en.wikipedia.org/wiki/Morehead,_Kentucky","Kentucky","https://en.wikipedia.org/wiki/Kentucky","Active","","","","","","1978"
"487 ?","Xi Beta","May 27, 1978","Troy University","https://en.wikipedia.org/wiki/Troy_University","Troy","https://en.wikipedia.org/wiki/Troy,_Alabama","Alabama","https://en.wikipedia.org/wiki/Alabama","Active","14","https://en.wikipedia.org/wiki/List_of_Alpha_Phi_Alpha_chapters#cite_note-:11-26","[","]","",""
"488","Xi Gamma","","Southeast Missouri State University","https://en.wikipedia.org/wiki/Southeast_Missouri_State_University","Cape Girardeau","https://en.wikipedia.org/wiki/Cape_Girardeau,_Missouri","Missouri","https://en.wikipedia.org/wiki/Missouri","Active","","","","","","1979"
"489","Xi Delta","","James Madison University","https://en.wikipedia.org/wiki/James_Madison_University","Harrisonburg","https://en.wikipedia.org/wiki/Harrisonburg,_Virginia","Virginia","https://en.wikipedia.org/wiki/Virginia","Active","47","https://en.wikipedia.org/wiki/List_of_Alpha_Phi_Alpha_chapters#cite_note-:28-89","[","]","","1979"
"490 ?","Xi Epsilon","","Morris College","https://en.wikipedia.org/wiki/Morris_College","Sumter","https://en.wikipedia.org/wiki/Sumter,_South_Carolina","South Carolina","https://en.wikipedia.org/wiki/South_Carolina","Active","","","","","","1979"
"491","","September 17, 1979","Hampden–Sydney College","https://en.wikipedia.org/wiki/Hampden%E2%80%93Sydney_College","Keysville","https://en.wikipedia.org/wiki/Keysville,_Virginia","Virginia","https://en.wikipedia.org/wiki/Virginia","Reassigned","55","https://en.wikipedia.org/wiki/List_of_Alpha_Phi_Alpha_chapters#cite_note-:26-101","[","]","Xi Zeta (First)","– 19xx ?"
"492 ?","Xi Eta","May 4, 1974","Wake Forest University","https://en.wikipedia.org/wiki/Wake_Forest_University","Winston-Salem","https://en.wikipedia.org/wiki/Winston-Salem,_North_Carolina","North Carolina","https://en.wikipedia.org/wiki/North_Carolina","Active","17","https://en.wikipedia.org/wiki/List_of_Alpha_Phi_Alpha_chapters#cite_note-:2-35","[","]","","– 19xx ?. 1990"
"493 ?","Xi Iota","June 16, 1979","University of Central Florida","https://en.wikipedia.org/wiki/University_of_Central_Florida","Orlando","https://en.wikipedia.org/wiki/Orlando,_Florida","Florida","https://en.wikipedia.org/wiki/Florida","Active","56","https://en.wikipedia.org/wiki/List_of_Alpha_Phi_Alpha_chapters#cite_note-102","[","]","",""
"494 ?","","","Florida Institute of Technology","https://en.wikipedia.org/wiki/Florida_Institute_of_Technology","Melbourne","https://en.wikipedia.org/wiki/Melbourne,_Florida","Florida","https://en.wikipedia.org/wiki/Florida","Inactive","","","","","Xi Kappa","19xx ?–19xx ?"
"495 ?","Rho Pi","","Slippery Rock University","https://en.wikipedia.org/wiki/Slippery_Rock_University","Slippery Rock","https://en.wikipedia.org/wiki/Slippery_Rock,_Pennsylvania","Pennsylvania","https://en.wikipedia.org/wiki/Pennsylvania","Merged","57","https://en.wikipedia.org/wiki/List_of_Alpha_Phi_Alpha_chapters#cite_note-:16-103","[","]","Xi Mu","19xx ?–19xx ?"
"470 ?","Nu Eta","","Christian Brothers University","https://en.wikipedia.org/wiki/Christian_Brothers_University","Memphis","https://en.wikipedia.org/wiki/Memphis,_Tennessee","Tennessee","https://en.wikipedia.org/wiki/Tennessee","Active","","","","","","1980"
"","","","Emporia State University","https://en.wikipedia.org/wiki/Emporia_State_University","Emporia, Kansas","https://en.wikipedia.org/wiki/Emporia,_Kansas","Kansas","https://en.wikipedia.org/wiki/Kansas","Inactive","","","","","Xi Nu","1980–xxxx ?"
"","Xi Xi","June 15, 1980","Jacksonville State University","https://en.wikipedia.org/wiki/Jacksonville_State_University","Jacksonville","https://en.wikipedia.org/wiki/Jacksonville,_Alabama","Alabama","https://en.wikipedia.org/wiki/Alabama","Active","14","https://en.wikipedia.org/wiki/List_of_Alpha_Phi_Alpha_chapters#cite_note-:11-26","[","]","",""
"499","Xi Omicron","","University of Delaware","https://en.wikipedia.org/wiki/University_of_Delaware","Newark","https://en.wikipedia.org/wiki/Newark,_Delaware","Delaware","https://en.wikipedia.org/wiki/Delaware","Active","","","","","","1980"
"","Xi Pi","May 8, 1980","California State University, East Bay","https://en.wikipedia.org/wiki/California_State_University,_East_Bay","Hayward","https://en.wikipedia.org/wiki/Hayward,_California","California","https://en.wikipedia.org/wiki/California","Active","","","","","",""
"","Xi Rho","May 14, 1980","San Francisco State University","https://en.wikipedia.org/wiki/San_Francisco_State_University","San Francisco","https://en.wikipedia.org/wiki/San_Francisco","California","https://en.wikipedia.org/wiki/California","Active","","","","","",""
"703","Xi Tau","July 12, 1980","Georgia Southern University","https://en.wikipedia.org/wiki/Georgia_Southern_University","Statesboro","https://en.wikipedia.org/wiki/Statesboro,_Georgia","Georgia","https://en.wikipedia.org/wiki/Georgia_(U.S._state)","Active","58","https://en.wikipedia.org/wiki/List_of_Alpha_Phi_Alpha_chapters#cite_note-105","[","]","",""
"702","Xi Sigma","July 22, 1980","Indiana University of Pennsylvania","https://en.wikipedia.org/wiki/Indiana_University_of_Pennsylvania","Indiana County","https://en.wikipedia.org/wiki/Indiana_County,_Pennsylvania","Pennsylvania","https://en.wikipedia.org/wiki/Pennsylvania","Active","11","https://en.wikipedia.org/wiki/List_of_Alpha_Phi_Alpha_chapters#cite_note-:262-18","[","]","",""
"704 ?","","","California Polytechnic State University, San Luis Obispo","https://en.wikipedia.org/wiki/California_Polytechnic_State_University,_San_Luis_Obispo","San Luis Obispo","https://en.wikipedia.org/wiki/San_Luis_Obispo,_California","California","https://en.wikipedia.org/wiki/California","Inactive","","","","","Xi Upsilon","19xx ?–xxxx ?"
"705","Xi Phi","April 12, 1980","Winthrop University","https://en.wikipedia.org/wiki/Winthrop_University","Rock Hill","https://en.wikipedia.org/wiki/Rock_Hill,_South_Carolina","South Carolina","https://en.wikipedia.org/wiki/South_Carolina","Active","","","","","",""
"706 ?","","","","","","","","","Reassigned","","","","","Xi Chi First",""
"707","Xi Psi","August 6, 1980","Hofstra University","https://en.wikipedia.org/wiki/Hofstra_University","Nassau County","https://en.wikipedia.org/wiki/Nassau_County,_New_York","New York","https://en.wikipedia.org/wiki/New_York_(state)","Active","6","https://en.wikipedia.org/wiki/List_of_Alpha_Phi_Alpha_chapters#cite_note-:5-6","[","]","",""
"708 ?","","","Auburn University at Montgomery","https://en.wikipedia.org/wiki/Auburn_University_at_Montgomery","Montgomery","https://en.wikipedia.org/wiki/Montgomery,_Alabama","Alabama","https://en.wikipedia.org/wiki/Alabama","Inactive","","","","","Omicron Alpha","1980–xxxx ?"
"709","Omicron Beta","December 9, 1980","Barton College","https://en.wikipedia.org/wiki/Barton_College","North Carolina Wesleyan University","https://en.wikipedia.org/wiki/North_Carolina_Wesleyan_University","Wilson","https://en.wikipedia.org/wiki/Wilson,_North_Carolina","Active","17","https://en.wikipedia.org/wiki/List_of_Alpha_Phi_Alpha_chapters#cite_note-:2-35","[","]","",""
"710 ?","Omicron Gamma","","Millsaps College","https://en.wikipedia.org/wiki/Millsaps_College","Bellhaven University","https://en.wikipedia.org/wiki/Belhaven_University","Jackson","https://en.wikipedia.org/wiki/Jackson,_Mississippi","Active","","","","","","1981"
"711 ?","Tau Sigma","","University of New Mexico","https://en.wikipedia.org/wiki/University_of_New_Mexico","Albuquerque","https://en.wikipedia.org/wiki/Albuquerque,_New_Mexico","New Mexico","https://en.wikipedia.org/wiki/New_Mexico","Inactive, Reestablished","7","https://en.wikipedia.org/wiki/List_of_Alpha_Phi_Alpha_chapters#cite_note-:35-9","[","]","Omicron Delta First","1980–xxxx ?"
"712 ?","","","Youngstown State University","https://en.wikipedia.org/wiki/Youngstown_State_University","Youngstown","https://en.wikipedia.org/wiki/Youngstown,_Ohio","Ohio","https://en.wikipedia.org/wiki/Ohio","Inactive","59","https://en.wikipedia.org/wiki/List_of_Alpha_Phi_Alpha_chapters#cite_note-107","[","]","Omicron Epsilon","198x ?–202x ?"
"713","Omicron Zeta","","Fairleigh Dickinson University","https://en.wikipedia.org/wiki/Fairleigh_Dickinson_University","Madison","https://en.wikipedia.org/wiki/Madison,_New_Jersey","New Jersey","https://en.wikipedia.org/wiki/New_Jersey","Active","48","https://en.wikipedia.org/wiki/List_of_Alpha_Phi_Alpha_chapters#cite_note-:25-90","[","]","","1980"
"714 ?","","","","","","","","","Inactive","","","","","Omicron Eta","19xx ?"
"715 ?","Omicron Theta","May 5, 1981","University of North Carolina Wilmington","https://en.wikipedia.org/wiki/University_of_North_Carolina_Wilmington","Wilmington","https://en.wikipedia.org/wiki/Wilmington,_North_Carolina","North Carolina","https://en.wikipedia.org/wiki/North_Carolina","Active","17","https://en.wikipedia.org/wiki/List_of_Alpha_Phi_Alpha_chapters#cite_note-:2-35","[","]","",""
"716 ?","","October 10, 1981","DePaul University","https://en.wikipedia.org/wiki/DePaul_University","Chicago","https://en.wikipedia.org/wiki/Chicago","Illinois","https://en.wikipedia.org/wiki/Illinois","Inactive","60","https://en.wikipedia.org/wiki/List_of_Alpha_Phi_Alpha_chapters#cite_note-108","[","]","Omicron Iota","– 1998"
"717","Omicron Kappa","May 29, 1982","Auburn University","https://en.wikipedia.org/wiki/Auburn_University","Auburn","https://en.wikipedia.org/wiki/Auburn,_Alabama","Alabama","https://en.wikipedia.org/wiki/Alabama","Active","14","https://en.wikipedia.org/wiki/List_of_Alpha_Phi_Alpha_chapters#cite_note-:11-26","[","]","",""
"718 ?","Tau Kappa","March 19, 1982","Oakland University","https://en.wikipedia.org/wiki/Oakland_University","Detroit","https://en.wikipedia.org/wiki/Detroit","Michigan","https://en.wikipedia.org/wiki/Michigan","Inactive,  Reestablished","aw","https://en.wikipedia.org/wiki/List_of_Alpha_Phi_Alpha_chapters#cite_note-109","[","]","Omicron Mu",""
"719","","","University of Tulsa","https://en.wikipedia.org/wiki/University_of_Tulsa","Tulsa","https://en.wikipedia.org/wiki/Tulsa,_Oklahoma","Oklahoma","https://en.wikipedia.org/wiki/Oklahoma","Inactive","","","","","Omicron Nu","1982–xxxx ?"
"720","Omicron Xi","February 27, 1982","Roosevelt University","https://en.wikipedia.org/wiki/Roosevelt_University","Columbia College Chicago","https://en.wikipedia.org/wiki/Columbia_College_Chicago","Chicago","https://en.wikipedia.org/wiki/Chicago","Active","61","https://en.wikipedia.org/wiki/List_of_Alpha_Phi_Alpha_chapters#cite_note-110","[","]","",""
"722","Omicron Pi","May 2, 1982","Iowa State University","https://en.wikipedia.org/wiki/Iowa_State_University","Ames, Iowa","https://en.wikipedia.org/wiki/Ames,_Iowa","Iowa","https://en.wikipedia.org/wiki/Iowa","Active","ax","https://en.wikipedia.org/wiki/List_of_Alpha_Phi_Alpha_chapters#cite_note-112","[","]","Alpha Nu",""
"721","Omicron Omicron","May 15, 1982","University of the District of Columbia","https://en.wikipedia.org/wiki/University_of_the_District_of_Columbia","Washington","https://en.wikipedia.org/wiki/Washington,_D.C.","","","Active","63","https://en.wikipedia.org/wiki/List_of_Alpha_Phi_Alpha_chapters#cite_note-113","[","]","",""
"723 ?","","","Ohio Wesleyan University","https://en.wikipedia.org/wiki/Ohio_Wesleyan_University","Otterbein University","https://en.wikipedia.org/wiki/Otterbein_University","Delaware","https://en.wikipedia.org/wiki/Delaware,_Ohio","Inactive","","","","","Omicron Rho","1982–xxxx ?"
"724 ?","","","Birmingham–Southern College","https://en.wikipedia.org/wiki/Birmingham%E2%80%93Southern_College","Birmingham","https://en.wikipedia.org/wiki/Birmingham,_Alabama","Alabama","https://en.wikipedia.org/wiki/Alabama","Inactive","","","","","Omicron Sigma","1982–xxxx ?"
"725","Omicron Tau","October 23, 1982","Colorado State University","https://en.wikipedia.org/wiki/Colorado_State_University","University of Northern Colorado","https://en.wikipedia.org/wiki/University_of_Northern_Colorado","University of Colorado Boulder","https://en.wikipedia.org/wiki/University_of_Colorado_Boulder","Active","64","https://en.wikipedia.org/wiki/List_of_Alpha_Phi_Alpha_chapters#cite_note-114","[","]","Greeley","– xxxx ?; 2003"
"726","Omicron Upsilon","","Rensselaer Polytechnic Institute","https://en.wikipedia.org/wiki/Rensselaer_Polytechnic_Institute","Troy","https://en.wikipedia.org/wiki/Troy,_New_York","New York","https://en.wikipedia.org/wiki/New_York_(state)","Active","6","https://en.wikipedia.org/wiki/List_of_Alpha_Phi_Alpha_chapters#cite_note-:5-6","[","]","","1982"
"727","Omicron Phi","November 23, 1982","Cookeville","https://en.wikipedia.org/wiki/Cookeville,_Tennessee","Tennessee","https://en.wikipedia.org/wiki/Tennessee","","","Active","","","","","",""
"728","","February 12, 1982","Wofford College","https://en.wikipedia.org/wiki/Wofford_College","Spartanburg","https://en.wikipedia.org/wiki/Spartanburg,_South_Carolina","South Carolina","https://en.wikipedia.org/wiki/South_Carolina","Active","","","","","Omicron Chi",""
"737","","March 27, 1982","Coppin State University","https://en.wikipedia.org/wiki/Coppin_State_University","Baltimore","https://en.wikipedia.org/wiki/Baltimore","Maryland","https://en.wikipedia.org/wiki/Maryland","Active","44","https://en.wikipedia.org/wiki/List_of_Alpha_Phi_Alpha_chapters#cite_note-:27-86","[","]","Pi Theta",""
"729 ?","Omicron Psi","","Delta State University","https://en.wikipedia.org/wiki/Delta_State_University","Cleveland","https://en.wikipedia.org/wiki/Cleveland,_Mississippi","Mississippi","https://en.wikipedia.org/wiki/Mississippi","Active","","","","","","1983"
"","","","","","","","","","Unassigned","","","","","",""
"730","Pi Alpha","February 23, 1983","Clemson University","https://en.wikipedia.org/wiki/Clemson_University","Clemson","https://en.wikipedia.org/wiki/Clemson,_South_Carolina","South Carolina","https://en.wikipedia.org/wiki/South_Carolina","Active","65","https://en.wikipedia.org/wiki/List_of_Alpha_Phi_Alpha_chapters#cite_note-116","[","]","",""
"731","Pi Beta","September 10, 1983","Binghamton University","https://en.wikipedia.org/wiki/Binghamton_University","Binghamton","https://en.wikipedia.org/wiki/Binghamton,_New_York","New York","https://en.wikipedia.org/wiki/New_York_(state)","Active","6","https://en.wikipedia.org/wiki/List_of_Alpha_Phi_Alpha_chapters#cite_note-:5-6","[","]","",""
"732 ?","Pi Gamma","July 7, 1983","California State University, Sacramento","https://en.wikipedia.org/wiki/California_State_University,_Sacramento","Sacramento","https://en.wikipedia.org/wiki/Sacramento,_California","California","https://en.wikipedia.org/wiki/California","Active","","","","","",""
"733 ?","Pi Delta","November 12, 1983","University of West Alabama","https://en.wikipedia.org/wiki/University_of_West_Alabama","Livingston","https://en.wikipedia.org/wiki/Livingston,_Alabama","Alabama","https://en.wikipedia.org/wiki/Alabama","Active","14","https://en.wikipedia.org/wiki/List_of_Alpha_Phi_Alpha_chapters#cite_note-:11-26","[","]","",""
"734 ?","","","California State University, Chico","https://en.wikipedia.org/wiki/California_State_University,_Chico","Chico","https://en.wikipedia.org/wiki/Chico,_California","California","https://en.wikipedia.org/wiki/California","Inactive","","","","","Pi Epsilon","1983–xxxx ?"
"735 ?","Pi Zeta","October 7, 1984","University of North Carolina at Greensboro","https://en.wikipedia.org/wiki/University_of_North_Carolina_at_Greensboro","Greensboro","https://en.wikipedia.org/wiki/Greensboro,_North_Carolina","North Carolina","https://en.wikipedia.org/wiki/North_Carolina","Active","17","https://en.wikipedia.org/wiki/List_of_Alpha_Phi_Alpha_chapters#cite_note-:2-35","[","]","",""
"736?","","","New Mexico State University","https://en.wikipedia.org/wiki/New_Mexico_State_University","Las Cruces","https://en.wikipedia.org/wiki/Las_Cruces,_New_Mexico","New Mexico","https://en.wikipedia.org/wiki/New_Mexico","Inactive","","","","","Pi Eta","198x ?–xxxx ?"
"738 ?","","July 30, 1985","Eureka College","https://en.wikipedia.org/wiki/Eureka_College","Eureka","https://en.wikipedia.org/wiki/Eureka,_Illinois","Illinois","https://en.wikipedia.org/wiki/Illinois","Inactive","67","https://en.wikipedia.org/wiki/List_of_Alpha_Phi_Alpha_chapters#cite_note-118","[","]","Pi Iota","– 1991"
"739 ?","Pi Kappa","","California State University, Northridge","https://en.wikipedia.org/wiki/California_State_University,_Northridge","Los Angeles","https://en.wikipedia.org/wiki/Los_Angeles","California","https://en.wikipedia.org/wiki/California","Active","","","","","","1984"
"740 ?","Pi Mu","","West Virginia University","https://en.wikipedia.org/wiki/West_Virginia_University","Morgantown","https://en.wikipedia.org/wiki/Morgantown,_West_Virginia","West Virginia","https://en.wikipedia.org/wiki/West_Virginia","Active","","","","","","1985"
"741 ?","Pi Nu","January 17, 1985","Appalachian State University","https://en.wikipedia.org/wiki/Appalachian_State_University","Boone","https://en.wikipedia.org/wiki/Boone,_North_Carolina","North Carolina","https://en.wikipedia.org/wiki/North_Carolina","Active","17","https://en.wikipedia.org/wiki/List_of_Alpha_Phi_Alpha_chapters#cite_note-:2-35","[","]","",""
"742","Pi Xi","","Stockton University","https://en.wikipedia.org/wiki/Stockton_University","Galloway Township","https://en.wikipedia.org/wiki/Galloway_Township,_New_Jersey","New Jersey","https://en.wikipedia.org/wiki/New_Jersey","Active","48","https://en.wikipedia.org/wiki/List_of_Alpha_Phi_Alpha_chapters#cite_note-:25-90","[","]","","1985"
"743 ?","Pi Omicron","","Texas A&M University","https://en.wikipedia.org/wiki/Texas_A%26M_University","College Station","https://en.wikipedia.org/wiki/College_Station,_Texas","Texas","https://en.wikipedia.org/wiki/Texas","Active","","","","","","1985"
"744","Pi Pi","May 29, 1985","Union College","https://en.wikipedia.org/wiki/Union_College","Schenectady","https://en.wikipedia.org/wiki/Schenectady,_New_York","New York","https://en.wikipedia.org/wiki/New_York_(state)","Active","6","https://en.wikipedia.org/wiki/List_of_Alpha_Phi_Alpha_chapters#cite_note-:5-6","[","]","",""
"745","Pi Rho","September 16, 1985","Temple University","https://en.wikipedia.org/wiki/Temple_University","Philadelphia","https://en.wikipedia.org/wiki/Philadelphia","Pennsylvania","https://en.wikipedia.org/wiki/Pennsylvania","Active","11","https://en.wikipedia.org/wiki/List_of_Alpha_Phi_Alpha_chapters#cite_note-:262-18","[","]","Rho",""
"746 ?","","May 23, 1985","Aurora University","https://en.wikipedia.org/wiki/Aurora_University","Aurora","https://en.wikipedia.org/wiki/Aurora,_Illinois","Illinois","https://en.wikipedia.org/wiki/Illinois","Inactive","68","https://en.wikipedia.org/wiki/List_of_Alpha_Phi_Alpha_chapters#cite_note-121","[","]","Pi Sigma","– xxxx ?"
"747 ?","","","LaGrange College","https://en.wikipedia.org/wiki/LaGrange_College","LaGrange","https://en.wikipedia.org/wiki/LaGrange,_Georgia","Georgia","https://en.wikipedia.org/wiki/Georgia_(U.S._state)","Inactive","","","","","Pi Tau","198x ?–xxxx ?"
"748 ?","Pi Upsilon","","University of Michigan–Dearborn","https://en.wikipedia.org/wiki/University_of_Michigan%E2%80%93Dearborn","University of Detroit Mercy","https://en.wikipedia.org/wiki/University_of_Detroit_Mercy","Marygrove College","https://en.wikipedia.org/wiki/Marygrove_College","Active","","","","","","1986"
"749 ?","Pi Phi","","Wright State University","https://en.wikipedia.org/wiki/Wright_State_University","Dayton","https://en.wikipedia.org/wiki/Dayton,_Ohio","Ohio","https://en.wikipedia.org/wiki/Ohio","Active","","","","","","1985"
"750 ?","","","Eastern New Mexico University","https://en.wikipedia.org/wiki/Eastern_New_Mexico_University","Portales","https://en.wikipedia.org/wiki/Portales,_New_Mexico","New Mexico","https://en.wikipedia.org/wiki/New_Mexico","Inactive","","","","","Pi Chi","198x ?–xxxx ?"
"751 ?","Pi Psi","","University of Arkansas at Monticello","https://en.wikipedia.org/wiki/University_of_Arkansas_at_Monticello","Monticello","https://en.wikipedia.org/wiki/Monticello,_Arkansas","Arkansas","https://en.wikipedia.org/wiki/Arkansas","Active","","","","","","198x ?"
"491","Xi Zeta","April 5, 1986","Longwood University","https://en.wikipedia.org/wiki/Longwood_University","Farmville","https://en.wikipedia.org/wiki/Farmville,_Virginia","Virginia","https://en.wikipedia.org/wiki/Virginia","Active","47","https://en.wikipedia.org/wiki/List_of_Alpha_Phi_Alpha_chapters#cite_note-:28-89","[","]","",""
"752","Rho Alpha","September 1, 1987","SUNY Brockport","https://en.wikipedia.org/wiki/SUNY_Brockport","Brockport","https://en.wikipedia.org/wiki/Brockport,_New_York","New York","https://en.wikipedia.org/wiki/New_York_(state)","Active","6","https://en.wikipedia.org/wiki/List_of_Alpha_Phi_Alpha_chapters#cite_note-:5-6","[","]","",""
"753","","","California State University, Bakersfield","https://en.wikipedia.org/wiki/California_State_University,_Bakersfield","Bakersfield","https://en.wikipedia.org/wiki/Bakersfield,_California","California","https://en.wikipedia.org/wiki/California","Inactive, Reassigned","","","","","Rho Beta (First)","1987-2001"
"754 ?","Rho Gamma","","Northern Kentucky University","https://en.wikipedia.org/wiki/Northern_Kentucky_University","Highland Heights","https://en.wikipedia.org/wiki/Highland_Heights,_Kentucky","Kentucky","https://en.wikipedia.org/wiki/Kentucky","Active","","","","","","1988"
"755 ?","Rho Delta","","Central Michigan University","https://en.wikipedia.org/wiki/Central_Michigan_University","Mount Pleasant","https://en.wikipedia.org/wiki/Mount_Pleasant,_Michigan","Michigan","https://en.wikipedia.org/wiki/Michigan","Active","","","","","","1988"
"756","Rho Epsilon","","Loyola University New Orleans","https://en.wikipedia.org/wiki/Loyola_University_New_Orleans","New Orleans","https://en.wikipedia.org/wiki/New_Orleans","Louisiana","https://en.wikipedia.org/wiki/Louisiana","Active","","","","","","1988"
"757 ?","","","Lander University","https://en.wikipedia.org/wiki/Lander_University","Greenwood","https://en.wikipedia.org/wiki/Greenwood,_South_Carolina","South Carolina","https://en.wikipedia.org/wiki/South_Carolina","Inactive","","","","","Rho Zeta","198x ? – xxxx ?"
"758","Rho Eta","","Eastern Kentucky University","https://en.wikipedia.org/wiki/Eastern_Kentucky_University","Richmond","https://en.wikipedia.org/wiki/Richmond,_Kentucky","Kentucky","https://en.wikipedia.org/wiki/Kentucky","Active","","","","","","1988"
"759 ?","Rho Theta","March 26, 1988","Northwest Missouri State University","https://en.wikipedia.org/wiki/Northwest_Missouri_State_University","Maryville","https://en.wikipedia.org/wiki/Maryville,_Missouri","Missouri","https://en.wikipedia.org/wiki/Missouri","Active","69","https://en.wikipedia.org/wiki/List_of_Alpha_Phi_Alpha_chapters#cite_note-122","[","]","",""
"760 ?","Rho Iota","","Tulane University","https://en.wikipedia.org/wiki/Tulane_University","New Orleans","https://en.wikipedia.org/wiki/New_Orleans","Louisiana","https://en.wikipedia.org/wiki/Louisiana","Active","","","","","","1989"
"761","Rho Kappa","August 1, 1989","State University of New York at Old Westbury","https://en.wikipedia.org/wiki/State_University_of_New_York_at_Old_Westbury","Old Westbury","https://en.wikipedia.org/wiki/Old_Westbury,_New_York","New York","https://en.wikipedia.org/wiki/New_York_(state)","Active","6","https://en.wikipedia.org/wiki/List_of_Alpha_Phi_Alpha_chapters#cite_note-:5-6","[","]","",""
"762","Rho Mu","","West Texas A&M University","https://en.wikipedia.org/wiki/West_Texas_A%26M_University","Canyon","https://en.wikipedia.org/wiki/Canyon,_Texas","Texas","https://en.wikipedia.org/wiki/Texas","Active","bb","https://en.wikipedia.org/wiki/List_of_Alpha_Phi_Alpha_chapters#cite_note-123","[","]","Kappa Sigma","1989"
"763","Rho Nu","","Massachusetts Institute of Technology","https://en.wikipedia.org/wiki/Massachusetts_Institute_of_Technology","Harvard University","https://en.wikipedia.org/wiki/Harvard_University","Cambridge","https://en.wikipedia.org/wiki/Cambridge,_Massachusetts","Active","12","https://en.wikipedia.org/wiki/List_of_Alpha_Phi_Alpha_chapters#cite_note-:6-20","[","]","Alpha Eta","1989"
"764 ?","Rho Xi","November 11, 1989","Saint Leo University","https://en.wikipedia.org/wiki/Saint_Leo_University","St. Leo","https://en.wikipedia.org/wiki/St._Leo,_Florida","Florida","https://en.wikipedia.org/wiki/Florida","Active","","","","","",""
"","","","East Tennessee State University","https://en.wikipedia.org/wiki/East_Tennessee_State_University","Johnson City","https://en.wikipedia.org/wiki/Johnson_City,_Tennessee","Tennessee","https://en.wikipedia.org/wiki/Tennessee","Inactive","","","","","Sigma Beta","1989–xxxx ?"
"765","Rho Omicron","August 7, 1990","United States Military Academy","https://en.wikipedia.org/wiki/United_States_Military_Academy","West Point","https://en.wikipedia.org/wiki/West_Point,_New_York","New York","https://en.wikipedia.org/wiki/New_York_(state)","Active","6","https://en.wikipedia.org/wiki/List_of_Alpha_Phi_Alpha_chapters#cite_note-:5-6","[","]","",""
"766","Rho Pi","August 1990","PennWest Edinboro","https://en.wikipedia.org/wiki/PennWest_Edinboro","Slippery Rock University","https://en.wikipedia.org/wiki/Slippery_Rock_University","Edinboro","https://en.wikipedia.org/wiki/Edinboro,_Pennsylvania","Active","57","https://en.wikipedia.org/wiki/List_of_Alpha_Phi_Alpha_chapters#cite_note-:16-103","[","]","Xi Mu",""
"767","Rho Rho","August 7, 1990","Stony Brook University","https://en.wikipedia.org/wiki/Stony_Brook_University","Stony Brook","https://en.wikipedia.org/wiki/Stony_Brook_University","New York","https://en.wikipedia.org/wiki/New_York_(state)","Active","","","","","",""
"768","Rho Sigma","August 7, 1990","University at Albany, SUNY","https://en.wikipedia.org/wiki/University_at_Albany,_SUNY","Albany","https://en.wikipedia.org/wiki/Albany,_New_York","New York","https://en.wikipedia.org/wiki/New_York_(state)","Active","6","https://en.wikipedia.org/wiki/List_of_Alpha_Phi_Alpha_chapters#cite_note-:5-6","[","]","",""
"","","August 7, 1990","Virginia Wesleyan University","https://en.wikipedia.org/wiki/Virginia_Wesleyan_University","Norfolk","https://en.wikipedia.org/wiki/Norfolk,_Virginia","Virginia","https://en.wikipedia.org/wiki/Virginia","Inactive, Reassigned","70","https://en.wikipedia.org/wiki/List_of_Alpha_Phi_Alpha_chapters#cite_note-:14-126","[","]","Rho Tau First","– xxxx ?"
"790","Rho Upsilon","","Denison University","https://en.wikipedia.org/wiki/Denison_University","Granville","https://en.wikipedia.org/wiki/Granville,_Ohio","Ohio","https://en.wikipedia.org/wiki/Ohio","Active","","","","","","1990"
"788","","","Mississippi University for Women","https://en.wikipedia.org/wiki/Mississippi_University_for_Women","Columbus","https://en.wikipedia.org/wiki/Columbus,_Mississippi","Mississippi","https://en.wikipedia.org/wiki/Mississippi","Inactive","","","","","Rho Phi","199x ?–xxxx ?"
"","Rho Chi","August 7, 1990","University of Alabama in Huntsville","https://en.wikipedia.org/wiki/University_of_Alabama_in_Huntsville","Huntsville","https://en.wikipedia.org/wiki/Huntsville,_Alabama","Alabama","https://en.wikipedia.org/wiki/Alabama","Active","14","https://en.wikipedia.org/wiki/List_of_Alpha_Phi_Alpha_chapters#cite_note-:11-26","[","]","",""
"","Rho Psi","","Texas A&M University–Corpus Christi","https://en.wikipedia.org/wiki/Texas_A%26M_University%E2%80%93Corpus_Christi","Corpus Christi","https://en.wikipedia.org/wiki/Corpus_Christi,_Texas","Texas","https://en.wikipedia.org/wiki/Texas","Active","","","","","","199x ?"
"792","","","University of California, Santa Cruz","https://en.wikipedia.org/wiki/University_of_California,_Santa_Cruz","Santa Cruz","https://en.wikipedia.org/wiki/Santa_Cruz,_California","California","https://en.wikipedia.org/wiki/California","Inactive","","","","","Sigma Alpha","199x ?–xxxx ?"
"","","","Tarleton State University","https://en.wikipedia.org/wiki/Tarleton_State_University","Stephenville","https://en.wikipedia.org/wiki/Stephenville,_Texas","Texas","https://en.wikipedia.org/wiki/Texas","Inactive","","","","","Sigma Epsilon","1990–xxxx ?"
"","Sigma Gamma","","Xavier University","https://en.wikipedia.org/wiki/Xavier_University","Cincinnati","https://en.wikipedia.org/wiki/Cincinnati","Ohio","https://en.wikipedia.org/wiki/Ohio","Active","","","","","","1991"
"","Sigma Delta","September 29, 1991","Elon University","https://en.wikipedia.org/wiki/Elon_University","Elon","https://en.wikipedia.org/wiki/Elon,_North_Carolina","North Carolina","https://en.wikipedia.org/wiki/North_Carolina","Active","17","https://en.wikipedia.org/wiki/List_of_Alpha_Phi_Alpha_chapters#cite_note-:2-35","[","]","",""
"779","Sigma Zeta","","Wesleyan University","https://en.wikipedia.org/wiki/Wesleyan_University","Middletown","https://en.wikipedia.org/wiki/Middletown,_Connecticut","Connecticut","https://en.wikipedia.org/wiki/Connecticut","Active","12","https://en.wikipedia.org/wiki/List_of_Alpha_Phi_Alpha_chapters#cite_note-:6-20","[","]","","1991"
"780","Sigma Eta","October 12, 1991","State University of New York at New Paltz","https://en.wikipedia.org/wiki/State_University_of_New_York_at_New_Paltz","New Paltz","https://en.wikipedia.org/wiki/New_Paltz_(village),_New_York","New York","https://en.wikipedia.org/wiki/New_York_(state)","Active","6","https://en.wikipedia.org/wiki/List_of_Alpha_Phi_Alpha_chapters#cite_note-:5-6","[","]","",""
"781 ?","Sigma Theta","","Missouri State University","https://en.wikipedia.org/wiki/Missouri_State_University","Springfield","https://en.wikipedia.org/wiki/Springfield,_Missouri","Missouri","https://en.wikipedia.org/wiki/Missouri","Active","","","","","","1991"
"782 ?",",","","University of Toronto","https://en.wikipedia.org/wiki/University_of_Toronto","Toronto","https://en.wikipedia.org/wiki/Toronto","Ontario","https://en.wikipedia.org/wiki/Ontario","Inactive","be","https://en.wikipedia.org/wiki/List_of_Alpha_Phi_Alpha_chapters#cite_note-129","[","]","Sigma Iota (see Delta)","1991–xxxx ?"
"783 ?","Sigma Kappa","","Missouri Western State University","https://en.wikipedia.org/wiki/Missouri_Western_State_University","St. Joseph","https://en.wikipedia.org/wiki/St._Joseph,_Missouri","Missouri","https://en.wikipedia.org/wiki/Missouri","Active","","","","","","1991"
"784","Sigma Mu","October 12, 1991","Adelphi University","https://en.wikipedia.org/wiki/Adelphi_University","Garden City","https://en.wikipedia.org/wiki/Garden_City,_New_York","New York","https://en.wikipedia.org/wiki/New_York_(state)","Active","6","https://en.wikipedia.org/wiki/List_of_Alpha_Phi_Alpha_chapters#cite_note-:5-6","[","]","",""
"785","Sigma Nu","","Ramapo College","https://en.wikipedia.org/wiki/Ramapo_College","William Paterson University","https://en.wikipedia.org/wiki/William_Paterson_University","Mahwah","https://en.wikipedia.org/wiki/Mahwah,_New_Jersey","Active","73","https://en.wikipedia.org/wiki/List_of_Alpha_Phi_Alpha_chapters#cite_note-:9-130","[","]","","1991"
"786 ?","","","Monmouth University","https://en.wikipedia.org/wiki/Monmouth_University","West Long Branch","https://en.wikipedia.org/wiki/West_Long_Branch,_New_Jersey","New Jersey","https://en.wikipedia.org/wiki/New_Jersey","Inactive","","","","","Sigma Xi","1991–xxxx ?"
"787","Sigma Omicron","November 6, 1991","State University of New York at Oswego","https://en.wikipedia.org/wiki/State_University_of_New_York_at_Oswego","Oswego","https://en.wikipedia.org/wiki/Oswego,_New_York","New York","https://en.wikipedia.org/wiki/New_York_(state)","Active","6","https://en.wikipedia.org/wiki/List_of_Alpha_Phi_Alpha_chapters#cite_note-:5-6","[","]","",""
"789 ?","","","","","","","","","Inactive","","","","","Sigma Rho","199x ?"
"790","Sigma Sigma","December 4, 1991","Johns Hopkins University","https://en.wikipedia.org/wiki/Johns_Hopkins_University","Baltimore","https://en.wikipedia.org/wiki/Baltimore","Maryland","https://en.wikipedia.org/wiki/Maryland","Active","74","https://en.wikipedia.org/wiki/List_of_Alpha_Phi_Alpha_chapters#cite_note-131","[","]","",""
"788","Sigma Pi","","University of Lynchburg","https://en.wikipedia.org/wiki/University_of_Lynchburg","Lynchburg","https://en.wikipedia.org/wiki/Lynchburg,_Virginia","Virginia","https://en.wikipedia.org/wiki/Virginia","Active","47","https://en.wikipedia.org/wiki/List_of_Alpha_Phi_Alpha_chapters#cite_note-:28-89","[","]","","1992"
"793","Sigma Phi","April 12, 1992","Indiana University Indianapolis","https://en.wikipedia.org/wiki/Indiana_University_Indianapolis","Purdue University in Indianapolis","https://en.wikipedia.org/wiki/Purdue_University_in_Indianapolis","Butler University","https://en.wikipedia.org/wiki/Butler_University","Active","75","https://en.wikipedia.org/wiki/List_of_Alpha_Phi_Alpha_chapters#cite_note-132","[","]","Indianapolis",""
"791","Sigma Tau","February 28, 1993","University of South Carolina Aiken","https://en.wikipedia.org/wiki/University_of_South_Carolina_Aiken","Aiken","https://en.wikipedia.org/wiki/Aiken,_South_Carolina","South Carolina","https://en.wikipedia.org/wiki/South_Carolina","Active","76","https://en.wikipedia.org/wiki/List_of_Alpha_Phi_Alpha_chapters#cite_note-133","[","]","",""
"792","Sigma Upsilon","August 27, 1993","University of North Florida","https://en.wikipedia.org/wiki/University_of_North_Florida","Jacksonville","https://en.wikipedia.org/wiki/Jacksonville,_Florida","Florida","https://en.wikipedia.org/wiki/Florida","Active","","","","","",""
"794 ?","","","Newberry College","https://en.wikipedia.org/wiki/Newberry_College","Newberry","https://en.wikipedia.org/wiki/Newberry,_South_Carolina","South Carolina","https://en.wikipedia.org/wiki/South_Carolina","Inactive","","","","","Sigma Chi","199x ?–xxxx ?"
"795 ?","","","University of Nevada, Las Vegas","https://en.wikipedia.org/wiki/University_of_Nevada,_Las_Vegas","Paradise","https://en.wikipedia.org/wiki/Paradise,_Nevada","Nevada","https://en.wikipedia.org/wiki/Nevada","Inactive","","","","","Sigma Psi","1993–xxxx ?"
"","","","","","","","","","Unassigned","","","","","",""
"","Tau Alpha","October 17, 1993","Baylor University","https://en.wikipedia.org/wiki/Baylor_University","Waco","https://en.wikipedia.org/wiki/Waco,_Texas","Texas","https://en.wikipedia.org/wiki/Texas","Active","","","","","",""
"","Tau Beta","","Louisiana State University Shreveport","https://en.wikipedia.org/wiki/Louisiana_State_University_Shreveport","Shreveport","https://en.wikipedia.org/wiki/Shreveport,_Louisiana","Louisiana","https://en.wikipedia.org/wiki/Louisiana","Active","","","","","","199x ?"
"","","","Embry–Riddle Aeronautical University","https://en.wikipedia.org/wiki/Embry%E2%80%93Riddle_Aeronautical_University","Daytona Beach","https://en.wikipedia.org/wiki/Daytona_Beach,_Florida","Florida","https://en.wikipedia.org/wiki/Florida","Inactive","","","","","Tau Gamma","1996–xxxx ?"
"","","","Wittenberg University","https://en.wikipedia.org/wiki/Wittenberg_University","Springfield","https://en.wikipedia.org/wiki/Springfield,_Ohio","Ohio","https://en.wikipedia.org/wiki/Ohio","Inactive","","","","","Xi Chi","1997–xxxx ?"
"799","Tau Delta","","Florida International University","https://en.wikipedia.org/wiki/Florida_International_University","Miami","https://en.wikipedia.org/wiki/Miami","Florida","https://en.wikipedia.org/wiki/Florida","Active","","","","","","1998"
"901","Tau Zeta","","Kennesaw State University","https://en.wikipedia.org/wiki/Kennesaw_State_University","Cobb County","https://en.wikipedia.org/wiki/Cobb_County,_Georgia","Georgia","https://en.wikipedia.org/wiki/Georgia_(U.S._state)","Active","77","https://en.wikipedia.org/wiki/List_of_Alpha_Phi_Alpha_chapters#cite_note-134","[","]","","199x ?-19xx ?; 2009"
"","Tau Eta","","College of Charleston","https://en.wikipedia.org/wiki/College_of_Charleston","Charleston","https://en.wikipedia.org/wiki/Charleston,_South_Carolina","South Carolina","https://en.wikipedia.org/wiki/South_Carolina","Active","","","","","","1999"
"","","","Stetson University","https://en.wikipedia.org/wiki/Stetson_University","DeLand","https://en.wikipedia.org/wiki/DeLand,_Florida","Florida","https://en.wikipedia.org/wiki/Florida","Inactive","","","","","Tau Theta","1999–20xx ?"
"","Tau Iota","August 5, 2000","Samford University","https://en.wikipedia.org/wiki/Samford_University","Homewood","https://en.wikipedia.org/wiki/Homewood,_Alabama","Alabama","https://en.wikipedia.org/wiki/Alabama","Active","14","https://en.wikipedia.org/wiki/List_of_Alpha_Phi_Alpha_chapters#cite_note-:11-26","[","]","",""
"","Tau Kappa","August 19, 2000","Oakland University","https://en.wikipedia.org/wiki/Oakland_University","Oakland County","https://en.wikipedia.org/wiki/Oakland_County,_Michigan","Michigan","https://en.wikipedia.org/wiki/Michigan","Active","bg","https://en.wikipedia.org/wiki/List_of_Alpha_Phi_Alpha_chapters#cite_note-136","[","]","Omicron Mu",""
"","","","University of Houston–Downtown","https://en.wikipedia.org/wiki/University_of_Houston%E2%80%93Downtown","Houston","https://en.wikipedia.org/wiki/Houston","Texas","https://en.wikipedia.org/wiki/Texas","Inactive","","","","","Tau Mu","20xx ?–20xx ?"
"","Tau Nu","January 23, 2001","University of North Carolina at Pembroke","https://en.wikipedia.org/wiki/University_of_North_Carolina_at_Pembroke","Pembroke","https://en.wikipedia.org/wiki/Pembroke,_North_Carolina","North Carolina","https://en.wikipedia.org/wiki/North_Carolina","Active","17","https://en.wikipedia.org/wiki/List_of_Alpha_Phi_Alpha_chapters#cite_note-:2-35","[","]","",""
"753","","April 21, 2001","University of Alaska Anchorage","https://en.wikipedia.org/wiki/University_of_Alaska_Anchorage","Anchorage","https://en.wikipedia.org/wiki/Anchorage,_Alaska","Alaska","https://en.wikipedia.org/wiki/Alaska","Inactive, Reassigned","","","","","Rho Beta (Second)","– 2013"
"","Tau Epsilon","April 23, 2002","Clayton State University","https://en.wikipedia.org/wiki/Clayton_State_University","Morrow","https://en.wikipedia.org/wiki/Morrow,_Georgia","Georgia","https://en.wikipedia.org/wiki/Georgia_(U.S._state)","Active","2","https://en.wikipedia.org/wiki/List_of_Alpha_Phi_Alpha_chapters#cite_note-:34-2","[","]","",""
"","Tau Pi","November 1, 2003","University of Tampa","https://en.wikipedia.org/wiki/University_of_Tampa","Tampa","https://en.wikipedia.org/wiki/Tampa,_Florida","Florida","https://en.wikipedia.org/wiki/Florida","Active","78","https://en.wikipedia.org/wiki/List_of_Alpha_Phi_Alpha_chapters#cite_note-138","[","]","",""
"","Tau Xi","","University of Texas at Dallas","https://en.wikipedia.org/wiki/University_of_Texas_at_Dallas","Richardson","https://en.wikipedia.org/wiki/Richardson,_Texas","Texas","https://en.wikipedia.org/wiki/Texas","Active","","","","","","2003"
"","Tau Omicron","November 1, 2003","Davidson College","https://en.wikipedia.org/wiki/Davidson_College","Davidson","https://en.wikipedia.org/wiki/Davidson,_North_Carolina","North Carolina","https://en.wikipedia.org/wiki/North_Carolina","Active","17","https://en.wikipedia.org/wiki/List_of_Alpha_Phi_Alpha_chapters#cite_note-:2-35","[","]","",""
"912 ?","Tau Sigma","November 22, 2003","University of New Mexico","https://en.wikipedia.org/wiki/University_of_New_Mexico","Albuquerque","https://en.wikipedia.org/wiki/Albuquerque,_New_Mexico","New Mexico","https://en.wikipedia.org/wiki/New_Mexico","Active","7","https://en.wikipedia.org/wiki/List_of_Alpha_Phi_Alpha_chapters#cite_note-:35-9","[","]","Omicron Delta",""
"913 ?","","","Texas Lutheran University","https://en.wikipedia.org/wiki/Texas_Lutheran_University","Seguin","https://en.wikipedia.org/wiki/Seguin,_Texas","Texas","https://en.wikipedia.org/wiki/Texas","Inactive","","","","","Tau Tau","200x ?–20xx ?"
"","Nu P","March 9, 2004","University of Evansville","https://en.wikipedia.org/wiki/University_of_Evansville","University of Southern Indiana","https://en.wikipedia.org/wiki/University_of_Southern_Indiana","Evansville","https://en.wikipedia.org/wiki/Evansville,_Indiana","Inactive, Reassigned","70","https://en.wikipedia.org/wiki/List_of_Alpha_Phi_Alpha_chapters#cite_note-:14-126","[","]","Rho Tau","– 200x ?"
"911","Tau Rho","April 18, 2004","University of North Georgia","https://en.wikipedia.org/wiki/University_of_North_Georgia","Dahlonega","https://en.wikipedia.org/wiki/Dahlonega,_Georgia","Georgia","https://en.wikipedia.org/wiki/Georgia_(U.S._state)","Active","","","","","",""
"","Rho Tau Third","April 7, 2005","DePauw University","https://en.wikipedia.org/wiki/DePauw_University","Greencastle","https://en.wikipedia.org/wiki/Greencastle,_Indiana","Indiana","https://en.wikipedia.org/wiki/Indiana","Active","70","https://en.wikipedia.org/wiki/List_of_Alpha_Phi_Alpha_chapters#cite_note-:14-126","[","]","","– 200x ?; March 9, 2017"
"914","Tau Upsilon","April 9, 2005","Purdue University Northwest","https://en.wikipedia.org/wiki/Purdue_University_Northwest","Hammond","https://en.wikipedia.org/wiki/Hammond,_Indiana","Indiana","https://en.wikipedia.org/wiki/Indiana","Active","","","","","",""
"915","Tau Phi","","Austin Peay State University","https://en.wikipedia.org/wiki/Austin_Peay_State_University","Clarksville","https://en.wikipedia.org/wiki/Clarksville,_Tennessee","Tennessee","https://en.wikipedia.org/wiki/Tennessee","Active","","","","","","20xx ?"
"916 ?","","","University of West Georgia","https://en.wikipedia.org/wiki/University_of_West_Georgia","Carrollton","https://en.wikipedia.org/wiki/Carrollton,_Georgia","Georgia","https://en.wikipedia.org/wiki/Georgia_(U.S._state)","Inactive","","","","","Tau Chi","2008–20xx ?"
"917","Tau Psi","","University of Tennessee at Martin","https://en.wikipedia.org/wiki/University_of_Tennessee_at_Martin","Martin","https://en.wikipedia.org/wiki/Martin,_Tennessee","Tennessee","https://en.wikipedia.org/wiki/Tennessee","Active","","","","","","20xx ?"
"","","","","","","","","","Unassigned","","","","","",""
"918 ?","Upsilon Alpha","February 8, 2009","University of South Carolina Upstate","https://en.wikipedia.org/wiki/University_of_South_Carolina_Upstate","Valley Falls","https://en.wikipedia.org/wiki/Valley_Falls,_South_Carolina","South Carolina","https://en.wikipedia.org/wiki/South_Carolina","Active","13","https://en.wikipedia.org/wiki/List_of_Alpha_Phi_Alpha_chapters#cite_note-:36-24","[","]","",""
"919","Upsilon Beta","August 18, 2009","Christopher Newport University","https://en.wikipedia.org/wiki/Christopher_Newport_University","Newport News","https://en.wikipedia.org/wiki/Newport_News,_Virginia","Virginia","https://en.wikipedia.org/wiki/Virginia","Active","47","https://en.wikipedia.org/wiki/List_of_Alpha_Phi_Alpha_chapters#cite_note-:28-89","[","]","",""
"920","Upsilon Gamma","","University of Richmond","https://en.wikipedia.org/wiki/University_of_Richmond","Richmond","https://en.wikipedia.org/wiki/Richmond,_Virginia","Virginia","https://en.wikipedia.org/wiki/Virginia","Active","47","https://en.wikipedia.org/wiki/List_of_Alpha_Phi_Alpha_chapters#cite_note-:28-89","[","]","","2009"
"921 ?","","","Rust College","https://en.wikipedia.org/wiki/Rust_College","Holly Springs","https://en.wikipedia.org/wiki/Holly_Springs,_Mississippi","Mississippi","https://en.wikipedia.org/wiki/Mississippi","Inactive","79","https://en.wikipedia.org/wiki/List_of_Alpha_Phi_Alpha_chapters#cite_note-:12-140","[","]","Upsilon Delta","2010–20xx ?"
"922 ?","Upsilon Eta","June 5, 2011","Auburn University at Montgomery","https://en.wikipedia.org/wiki/Auburn_University_at_Montgomery","Montgomery","https://en.wikipedia.org/wiki/Montgomery,_Alabama","Alabama","https://en.wikipedia.org/wiki/Alabama","Active","14","https://en.wikipedia.org/wiki/List_of_Alpha_Phi_Alpha_chapters#cite_note-:11-26","[","]","",""
"923","Upsilon Epsilon","June 25, 2011","Salisbury University","https://en.wikipedia.org/wiki/Salisbury_University","Salisbury","https://en.wikipedia.org/wiki/Salisbury,_Maryland","Maryland","https://en.wikipedia.org/wiki/Maryland","Active","80","https://en.wikipedia.org/wiki/List_of_Alpha_Phi_Alpha_chapters#cite_note-141","[","]","",""
"","Upsilon Theta","June 25, 2011","Florida Atlantic University","https://en.wikipedia.org/wiki/Florida_Atlantic_University","Boca Raton","https://en.wikipedia.org/wiki/Boca_Raton,_Florida","Florida","https://en.wikipedia.org/wiki/Florida","Active","15","https://en.wikipedia.org/wiki/List_of_Alpha_Phi_Alpha_chapters#cite_note-:37-28","[","]","",""
"927","Upsilon Iota","June 25, 2011","Chowan University","https://en.wikipedia.org/wiki/Chowan_University","Murfreesboro","https://en.wikipedia.org/wiki/Murfreesboro,_North_Carolina","North Carolina","https://en.wikipedia.org/wiki/North_Carolina","Active","17","https://en.wikipedia.org/wiki/List_of_Alpha_Phi_Alpha_chapters#cite_note-:2-35","[","]","",""
"928","Upsilon Kappa","January 30, 2012","State University of New York at Plattsburgh","https://en.wikipedia.org/wiki/State_University_of_New_York_at_Plattsburgh","Plattsburgh","https://en.wikipedia.org/wiki/Plattsburgh,_New_York","New York","https://en.wikipedia.org/wiki/New_York_(state)","Active","6","https://en.wikipedia.org/wiki/List_of_Alpha_Phi_Alpha_chapters#cite_note-:5-6","[","]","",""
"","","April 15, 2012","Southern Methodist University","https://en.wikipedia.org/wiki/Southern_Methodist_University","Dallas","https://en.wikipedia.org/wiki/Dallas","Texas","https://en.wikipedia.org/wiki/Texas","Inactive,  Reestablished","81","https://en.wikipedia.org/wiki/List_of_Alpha_Phi_Alpha_chapters#cite_note-142","[","]","Upsilon Mu (see Iota Omicron)","– xxxx ?"
"","","","Lehigh University","https://en.wikipedia.org/wiki/Lehigh_University","Bethlehem","https://en.wikipedia.org/wiki/Bethlehem,_Pennsylvania","Pennsylvania","https://en.wikipedia.org/wiki/Pennsylvania","Inactive","","","","","Upsilon Nu","2013–xxxx ?"
"","Upsilon Xi","February 11, 2013","University of Illinois Springfield","https://en.wikipedia.org/wiki/University_of_Illinois_Springfield","Springfield, Illinois","https://en.wikipedia.org/wiki/Springfield,_Illinois","Illinois","https://en.wikipedia.org/wiki/Illinois","Active","82","https://en.wikipedia.org/wiki/List_of_Alpha_Phi_Alpha_chapters#cite_note-144","[","]","",""
"753","Rho Beta (Third)","February 16, 2013","Portland State University","https://en.wikipedia.org/wiki/Portland_State_University","Oregon State University","https://en.wikipedia.org/wiki/Oregon_State_University","University of Oregon","https://en.wikipedia.org/wiki/University_of_Oregon","Active","83","https://en.wikipedia.org/wiki/List_of_Alpha_Phi_Alpha_chapters#cite_note-145","[","]","",""
"935","Upsilon Omicron","June 10, 2014","Oglethorpe University","https://en.wikipedia.org/wiki/Oglethorpe_University","Brookhaven","https://en.wikipedia.org/wiki/Brookhaven,_Georgia","Georgia","https://en.wikipedia.org/wiki/Georgia_(U.S._state)","Active","84","https://en.wikipedia.org/wiki/List_of_Alpha_Phi_Alpha_chapters#cite_note-146","[","]","",""
"937","","June 10, 2014","Hobart and William Smith Colleges","https://en.wikipedia.org/wiki/Hobart_and_William_Smith_Colleges","Geneva","https://en.wikipedia.org/wiki/Geneva,_New_York","New York","https://en.wikipedia.org/wiki/New_York_(state)","Inactive","6","https://en.wikipedia.org/wiki/List_of_Alpha_Phi_Alpha_chapters#cite_note-:5-6","[","]","Upsilon Pi","– xxxx ?"
"938","Upsilon Rho","August 23, 2014","University of San Francisco","https://en.wikipedia.org/wiki/University_of_San_Francisco","San Francisco","https://en.wikipedia.org/wiki/San_Francisco","California","https://en.wikipedia.org/wiki/California","Active","","","","","",""
"","Upsilon Sigma","August 5, 2015","Florida Gulf Coast University","https://en.wikipedia.org/wiki/Florida_Gulf_Coast_University","Fort Myers","https://en.wikipedia.org/wiki/Fort_Myers,_Florida","Florida","https://en.wikipedia.org/wiki/Florida","Active","","","","","",""
"","Upsilon Zeta","February 28, 2016","University of Maryland, Baltimore County","https://en.wikipedia.org/wiki/University_of_Maryland,_Baltimore_County","Baltimore County","https://en.wikipedia.org/wiki/Baltimore_County,_Maryland","Maryland","https://en.wikipedia.org/wiki/Maryland","Inactive","","","","","",""
"","","","Belmont University","https://en.wikipedia.org/wiki/Belmont_University","Nashville","https://en.wikipedia.org/wiki/Nashville,_Tennessee","Tennessee","https://en.wikipedia.org/wiki/Tennessee","Inactive","85","https://en.wikipedia.org/wiki/List_of_Alpha_Phi_Alpha_chapters#cite_note-147","[","]","Upsilon Tau","2016–20xx ?"
"942","Upsilon Upsilon","May 24, 2016","New York University","https://en.wikipedia.org/wiki/New_York_University","New York City","https://en.wikipedia.org/wiki/New_York_City","New York","https://en.wikipedia.org/wiki/New_York_(state)","Active","8","https://en.wikipedia.org/wiki/List_of_Alpha_Phi_Alpha_chapters#cite_note-:7-10","[","]","",""
"","","July 22, 2016","Tennessee","https://en.wikipedia.org/wiki/Tennessee","","","","","Inactive","86","https://en.wikipedia.org/wiki/List_of_Alpha_Phi_Alpha_chapters#cite_note-:21-148","[","]","Upsilon Phi",""
"945","Upsilon Chi","February 17, 2017","Pepperdine University","https://en.wikipedia.org/wiki/Pepperdine_University","Malibu","https://en.wikipedia.org/wiki/Malibu,_California","California","https://en.wikipedia.org/wiki/California","Active","87","https://en.wikipedia.org/wiki/List_of_Alpha_Phi_Alpha_chapters#cite_note-149","[","]","",""
"946","Upsilon Psi","February 17, 2017","Middle Georgia College","https://en.wikipedia.org/wiki/Middle_Georgia_College","Macon","https://en.wikipedia.org/wiki/Macon,_Georgia","Georgia","https://en.wikipedia.org/wiki/Georgia_(U.S._state)","Active","89","https://en.wikipedia.org/wiki/List_of_Alpha_Phi_Alpha_chapters#cite_note-151","[","]","",""
"947","Phi Alpha","July 14, 2017","Virginia Wesleyan University","https://en.wikipedia.org/wiki/Virginia_Wesleyan_University","Virginia Beach","https://en.wikipedia.org/wiki/Virginia_Beach,_Virginia","Virginia","https://en.wikipedia.org/wiki/Virginia","Active","47","https://en.wikipedia.org/wiki/List_of_Alpha_Phi_Alpha_chapters#cite_note-:28-89","[","]","",""
"","","July 14, 2017","","","","","","","Active","","","","","Phi Beta",""
"949","Phi Gamma","July 14, 2017","Methodist University","https://en.wikipedia.org/wiki/Methodist_University","Fayetteville","https://en.wikipedia.org/wiki/Fayetteville,_North_Carolina","North Carolina","https://en.wikipedia.org/wiki/North_Carolina","Active","17","https://en.wikipedia.org/wiki/List_of_Alpha_Phi_Alpha_chapters#cite_note-:2-35","[","]","",""
"","Phi Delta","July 14, 2017","Johnson & Wales University Charlotte Campus","https://en.wikipedia.org/wiki/Johnson_%26_Wales_University","Charlotte","https://en.wikipedia.org/wiki/Charlotte,_North_Carolina","North Carolina","https://en.wikipedia.org/wiki/North_Carolina","Active","17","https://en.wikipedia.org/wiki/List_of_Alpha_Phi_Alpha_chapters#cite_note-:2-35","[","]","",""
"951","Phi Epsilon","October 2, 2017","University of Southern Indiana","https://en.wikipedia.org/wiki/University_of_Southern_Indiana","Evansville Indiana","https://en.wikipedia.org/wiki/Evansville,_Indiana","Indiana","https://en.wikipedia.org/wiki/Indiana","Active","94","https://en.wikipedia.org/wiki/List_of_Alpha_Phi_Alpha_chapters#cite_note-156","[","]","",""
"953","Phi Zeta","October 2, 2018","Radford University","https://en.wikipedia.org/wiki/Radford_University","Radford","https://en.wikipedia.org/wiki/Radford,_Virginia","Virginia","https://en.wikipedia.org/wiki/Virginia","Active","95","https://en.wikipedia.org/wiki/List_of_Alpha_Phi_Alpha_chapters#cite_note-157","[","]","",""
"954","Phi Eta","October 1, 2018","Seton Hall University","https://en.wikipedia.org/wiki/Seton_Hall_University","South Orange","https://en.wikipedia.org/wiki/South_Orange,_New_Jersey","New Jersey","https://en.wikipedia.org/wiki/New_Jersey","Active","73","https://en.wikipedia.org/wiki/List_of_Alpha_Phi_Alpha_chapters#cite_note-:9-130","[","]","",""
"955","Phi Theta","January 12, 2019","Stevens Institute of Technology","https://en.wikipedia.org/wiki/Stevens_Institute_of_Technology","Hoboken","https://en.wikipedia.org/wiki/Hoboken,_New_Jersey","New Jersey","https://en.wikipedia.org/wiki/New_Jersey","Active","73","https://en.wikipedia.org/wiki/List_of_Alpha_Phi_Alpha_chapters#cite_note-:9-130","[","]","",""
"956","Phi Iota","May 15, 2019","McDaniel College","https://en.wikipedia.org/wiki/McDaniel_College","Westminster","https://en.wikipedia.org/wiki/Westminster,_Maryland","Maryland","https://en.wikipedia.org/wiki/Maryland","Active","98","https://en.wikipedia.org/wiki/List_of_Alpha_Phi_Alpha_chapters#cite_note-:10-160","[","]","",""
"957","Phi Kappa","March 16, 2019","Iona University","https://en.wikipedia.org/wiki/Iona_University","New Rochelle","https://en.wikipedia.org/wiki/New_Rochelle,_New_York","New York","https://en.wikipedia.org/wiki/New_York_(state)","Active","8","https://en.wikipedia.org/wiki/List_of_Alpha_Phi_Alpha_chapters#cite_note-:7-10","[","]","",""
"964","Phi Mu","October 26, 2019","University of The Bahamas","https://en.wikipedia.org/wiki/University_of_the_Bahamas","Nassau","https://en.wikipedia.org/wiki/Nassau,_Bahamas","The Bahamas","https://en.wikipedia.org/wiki/The_Bahamas","Active","","","","","",""
"","","","","","","","","","Inactive ?","","","","","Phi Nu","20xx ?"
"966","Phi Xi","July 26, 2020","Georgia Gwinnett College","https://en.wikipedia.org/wiki/Georgia_Gwinnett_College","Lawrenceville","https://en.wikipedia.org/wiki/Lawrenceville,_Georgia","Georgia","https://en.wikipedia.org/wiki/Georgia_(U.S._state)","Active","101","https://en.wikipedia.org/wiki/List_of_Alpha_Phi_Alpha_chapters#cite_note-:13-163","[","]","",""
"979","Phi Omicron","July 17, 2021","Buffalo State University","https://en.wikipedia.org/wiki/Buffalo_State_University","Buffalo","https://en.wikipedia.org/wiki/Buffalo,_New_York","New York","https://en.wikipedia.org/wiki/New_York_(state)","Active","8","https://en.wikipedia.org/wiki/List_of_Alpha_Phi_Alpha_chapters#cite_note-:7-10","[","]","",""