"tablescraper-selected-row","tablescraper-selected-row 2","tablescraper-selected-row 3","tablescraper-selected-row href","tablescraper-selected-row 4","tablescraper-selected-row href 2","tablescraper-selected-row 5","reference","reference href","cite-bracket","cite-bracket 2","tablescraper-selected-row 8"
"Alpha Zeta","November 16, 1923","Baltimore","https://en.wikipedia.org/wiki/Baltimore","Maryland","https://en.wikipedia.org/wiki/Maryland","Active","","","","",""
"Beta Zeta","","Washington, D.C.","https://en.wikipedia.org/wiki/Washington,_D.C.","","","Active","197","https://en.wikipedia.org/wiki/List_of_Zeta_Phi_Beta_chapters#cite_note-248","[","]",""
"","","Shreveport","https://en.wikipedia.org/wiki/Shreveport,_Louisiana","Louisiana","https://en.wikipedia.org/wiki/Louisiana","Inactive","19","https://en.wikipedia.org/wiki/List_of_Zeta_Phi_Beta_chapters#cite_note-:3-24","[","]","Gamma Zeta first"
"","November 28, 1942","Fort Smith","https://en.wikipedia.org/wiki/Fort_Smith,_Arkansas","Arkansas","https://en.wikipedia.org/wiki/Arkansas","Inactive","19","https://en.wikipedia.org/wiki/List_of_Zeta_Phi_Beta_chapters#cite_note-:3-24","[","]","Gamma Zeta second"
"Gamma Zeta","May 9, 1952","Charleston","https://en.wikipedia.org/wiki/Charleston,_South_Carolina","South Carolina","https://en.wikipedia.org/wiki/South_Carolina","Active","198","https://en.wikipedia.org/wiki/List_of_Zeta_Phi_Beta_chapters#cite_note-249","[","]",""
"Delta Zeta","December 4, 1934","Charlotte","https://en.wikipedia.org/wiki/Charlotte,_North_Carolina","North Carolina","https://en.wikipedia.org/wiki/North_Carolina","Active","199","https://en.wikipedia.org/wiki/List_of_Zeta_Phi_Beta_chapters#cite_note-250","[","]",""
"Epsilon Zeta","","Atlanta","https://en.wikipedia.org/wiki/Atlanta","Georgia","https://en.wikipedia.org/wiki/Georgia_(U.S._state)","Active","200","https://en.wikipedia.org/wiki/List_of_Zeta_Phi_Beta_chapters#cite_note-251","[","]",""
"Zeta Zeta","","Dolton","https://en.wikipedia.org/wiki/Dolton,_Illinois","Illinois","https://en.wikipedia.org/wiki/Illinois","Active","201","https://en.wikipedia.org/wiki/List_of_Zeta_Phi_Beta_chapters#cite_note-:41-252","[","]",""
"Eta Zeta","","Louisville","https://en.wikipedia.org/wiki/Louisville,_Kentucky","Kentucky","https://en.wikipedia.org/wiki/Kentucky","Active","","","","",""
"Theta Zeta","","Bluefield","https://en.wikipedia.org/wiki/Bluefield,_West_Virginia","West Virginia","https://en.wikipedia.org/wiki/West_Virginia","Active","","","","",""
"Iota Zeta","June 30, 1931","Indianapolis","https://en.wikipedia.org/wiki/Indianapolis","Indiana","https://en.wikipedia.org/wiki/Indiana","Active","203","https://en.wikipedia.org/wiki/List_of_Zeta_Phi_Beta_chapters#cite_note-255","[","]",""
"Kappa Zeta","December 1931","Dallas","https://en.wikipedia.org/wiki/Dallas","Texas","https://en.wikipedia.org/wiki/Texas","Active","204","https://en.wikipedia.org/wiki/List_of_Zeta_Phi_Beta_chapters#cite_note-256","[","]",""
"Lambda Zeta","March 29, 1934","Houston","https://en.wikipedia.org/wiki/Houston","Texas","https://en.wikipedia.org/wiki/Texas","Active","205","https://en.wikipedia.org/wiki/List_of_Zeta_Phi_Beta_chapters#cite_note-257","[","]",""
"Mu Zeta","","Baton Rouge","https://en.wikipedia.org/wiki/Baton_Rouge,_Louisiana","Louisiana","https://en.wikipedia.org/wiki/Louisiana","Active","206","https://en.wikipedia.org/wiki/List_of_Zeta_Phi_Beta_chapters#cite_note-258","[","]",""
"Nu Zeta","February 1935","Knoxville","https://en.wikipedia.org/wiki/Knoxville,_Tennessee","Tennessee","https://en.wikipedia.org/wiki/Tennessee","Active","","","","",""
"Xi Zeta","December 5, 1935","St. Louis","https://en.wikipedia.org/wiki/St._Louis","Missouri","https://en.wikipedia.org/wiki/Missouri","Active","207","https://en.wikipedia.org/wiki/List_of_Zeta_Phi_Beta_chapters#cite_note-259","[","]",""
"Omicron Zeta","August 15, 1935","Raleigh","https://en.wikipedia.org/wiki/Raleigh,_North_Carolina","North Carolina","https://en.wikipedia.org/wiki/North_Carolina","Active","208","https://en.wikipedia.org/wiki/List_of_Zeta_Phi_Beta_chapters#cite_note-260","[","]",""
"Pi Zeta","","Nashville","https://en.wikipedia.org/wiki/Nashville,_Tennessee","Tennessee","https://en.wikipedia.org/wiki/Tennessee","Active","14","https://en.wikipedia.org/wiki/List_of_Zeta_Phi_Beta_chapters#cite_note-:20-17","[","]",""
"Rho Zeta","December 15, 1935","Winston-Salem","https://en.wikipedia.org/wiki/Winston-Salem,_North_Carolina","North Carolina","https://en.wikipedia.org/wiki/North_Carolina","Active","","","","",""
"Sigma Zeta","April 19, 1936","Wichita","https://en.wikipedia.org/wiki/Wichita,_Kansas","Kansas","https://en.wikipedia.org/wiki/Kansas","Active","19","https://en.wikipedia.org/wiki/List_of_Zeta_Phi_Beta_chapters#cite_note-:3-24","[","]",""
"Tau Zeta","","Gadsden County","https://en.wikipedia.org/wiki/Gadsden_County,_Florida","Florida","https://en.wikipedia.org/wiki/Florida","Active","","","","",""
"Upsilon Zeta","","Marshall","https://en.wikipedia.org/wiki/Marshall,_Texas","Texas","https://en.wikipedia.org/wiki/Texas","Active","","","","",""
"Phi Zeta","","Henderson","https://en.wikipedia.org/wiki/Henderson,_North_Carolina","North Carolina","https://en.wikipedia.org/wiki/North_Carolina","Active","","","","",""
"Chi Zeta","December 13, 1936","Oklahoma City","https://en.wikipedia.org/wiki/Oklahoma_City","Oklahoma","https://en.wikipedia.org/wiki/Oklahoma","Active","107","https://en.wikipedia.org/wiki/List_of_Zeta_Phi_Beta_chapters#cite_note-:4-143","[","]",""
"Psi Zeta","December 11, 1937","Fort Worth","https://en.wikipedia.org/wiki/Fort_Worth,_Texas","Texas","https://en.wikipedia.org/wiki/Texas","Active","","","","",""
"Omega Zeta","","Roanoke","https://en.wikipedia.org/wiki/Roanoke,_Virginia","Virginia","https://en.wikipedia.org/wiki/Virginia","Active","","","","",""
"","December 1948","Monrovia","https://en.wikipedia.org/wiki/Monrovia","Liberia","https://en.wikipedia.org/wiki/Liberia","Inactive","209","https://en.wikipedia.org/wiki/List_of_Zeta_Phi_Beta_chapters#cite_note-261","[","]","Upsilon Beta"
"Alpha Alpha Zeta","April 14, 1938","Salisbury","https://en.wikipedia.org/wiki/Salisbury,_North_Carolina","North Carolina","https://en.wikipedia.org/wiki/North_Carolina","Active","211","https://en.wikipedia.org/wiki/List_of_Zeta_Phi_Beta_chapters#cite_note-263","[","]",""
"Beta Alpha Zeta","April 12, 1944","Duval County","https://en.wikipedia.org/wiki/Duval_County,_Florida","Florida","https://en.wikipedia.org/wiki/Florida","Active","212","https://en.wikipedia.org/wiki/List_of_Zeta_Phi_Beta_chapters#cite_note-264","[","]",""
"Gamma Alpha Zeta","","Corpus Christi","https://en.wikipedia.org/wiki/Corpus_Christi,_Texas","Texas","https://en.wikipedia.org/wiki/Texas","Active","","","","",""
"Delta Alpha Zeta","April 22, 1949","Brooklyn","https://en.wikipedia.org/wiki/Brooklyn","New York","https://en.wikipedia.org/wiki/New_York_(state)","Active","213","https://en.wikipedia.org/wiki/List_of_Zeta_Phi_Beta_chapters#cite_note-265","[","]",""
"Epsilon Alpha Zeta","","Grambling","https://en.wikipedia.org/wiki/Grambling,_Louisiana","Louisiana","https://en.wikipedia.org/wiki/Louisiana","Active","","","","",""
"Zeta Alpha Zeta","November 12, 1970","Frankfort","https://en.wikipedia.org/wiki/Frankfort,_Kentucky","Kentucky","https://en.wikipedia.org/wiki/Kentucky","Active","214","https://en.wikipedia.org/wiki/List_of_Zeta_Phi_Beta_chapters#cite_note-266","[","]",""
"Eta Alpha Zeta","November 20, 1967","Fort Myers","https://en.wikipedia.org/wiki/Fort_Myers,_Florida","Florida","https://en.wikipedia.org/wiki/Florida","Active","215","https://en.wikipedia.org/wiki/List_of_Zeta_Phi_Beta_chapters#cite_note-267","[","]",""
"Theta Alpha Zeta","June 7, 1975","Rochester","https://en.wikipedia.org/wiki/Rochester,_New_York","New York","https://en.wikipedia.org/wiki/New_York_(state)","Active","216","https://en.wikipedia.org/wiki/List_of_Zeta_Phi_Beta_chapters#cite_note-268","[","]",""
"Iota Alpha Zeta","","Madison County","https://en.wikipedia.org/wiki/Madison_County,_Florida","Florida","https://en.wikipedia.org/wiki/Florida","Active","","","","",""
"Kappa Alpha Zeta","","Moncks Corner","https://en.wikipedia.org/wiki/Moncks_Corner,_South_Carolina","South Carolina","https://en.wikipedia.org/wiki/South_Carolina","Active","","","","",""
"Lambda Alpha Zeta","September 21, 1981","Seattle","https://en.wikipedia.org/wiki/Seattle","Washington","https://en.wikipedia.org/wiki/Washington_(state)","Active","217","https://en.wikipedia.org/wiki/List_of_Zeta_Phi_Beta_chapters#cite_note-269","[","]",""
"Mu Alpha Zeta","","Marion County","https://en.wikipedia.org/wiki/Marion_County,_Florida","Florida","https://en.wikipedia.org/wiki/Florida","Active","","","","",""
"Nu Alpha Zeta","September 18, 1984","Hickory","https://en.wikipedia.org/wiki/Hickory,_North_Carolina","North Carolina","https://en.wikipedia.org/wiki/North_Carolina","Active","","","","",""
"Xi Alpha Zeta","","Peoria","https://en.wikipedia.org/wiki/Peoria,_Illinois","Illinois","https://en.wikipedia.org/wiki/Illinois","Active","","","","",""
"Omicron Alpha Zeta","","Americus","https://en.wikipedia.org/wiki/Americus,_Georgia","Georgia","https://en.wikipedia.org/wiki/Georgia_(U.S._state)","Active","","","","",""
"Pi Alpha Zeta","January 4, 1995","Portland","https://en.wikipedia.org/wiki/Portland,_Oregon","Oregon","https://en.wikipedia.org/wiki/Oregon","Active","218","https://en.wikipedia.org/wiki/List_of_Zeta_Phi_Beta_chapters#cite_note-270","[","]",""
"Rho Alpha Zeta","","Nashville","https://en.wikipedia.org/wiki/Nashville,_Tennessee","Tennessee","https://en.wikipedia.org/wiki/Tennessee","Active","","","","",""
"Sigma Alpha Zeta","July 12, 2000","Sturtevant","https://en.wikipedia.org/wiki/Sturtevant,_Wisconsin","Wisconsin","https://en.wikipedia.org/wiki/Wisconsin","Active","","","","",""
"Tau Alpha Zeta","March 30, 2003","Richton Park","https://en.wikipedia.org/wiki/Richton_Park,_Illinois","Illinois","https://en.wikipedia.org/wiki/Illinois","Active","219","https://en.wikipedia.org/wiki/List_of_Zeta_Phi_Beta_chapters#cite_note-271","[","]",""
"Upsilon Alpha Zeta","","Pembroke Pines","https://en.wikipedia.org/wiki/Pembroke_Pines,_Florida","Miramar","https://en.wikipedia.org/wiki/Miramar,_Florida","Active","","","","","Florida"
"Phi Alpha Zeta","March 16, 2007","White Plains","https://en.wikipedia.org/wiki/White_Plains,_Maryland","Charles County","https://en.wikipedia.org/wiki/Charles_County,_Maryland","Active","220","https://en.wikipedia.org/wiki/List_of_Zeta_Phi_Beta_chapters#cite_note-:13-272","[","]","Maryland"
"Chi Alpha Zeta","June 8, 2008","Surprise","https://en.wikipedia.org/wiki/Surprise,_Arizona","Arizona","https://en.wikipedia.org/wiki/Arizona","Active","222","https://en.wikipedia.org/wiki/List_of_Zeta_Phi_Beta_chapters#cite_note-274","[","]",""
"Psi Alpha Zeta","","Madison","https://en.wikipedia.org/wiki/Madison,_Alabama","Alabama","https://en.wikipedia.org/wiki/Alabama","Active","","","","",""
"Omega Alpha Zeta","","Albuquerque","https://en.wikipedia.org/wiki/Albuquerque,_New_Mexico","New Mexico","https://en.wikipedia.org/wiki/New_Mexico","Active","","","","",""
"Alpha Beta Zeta","January 1939","Newport News","https://en.wikipedia.org/wiki/Newport_News,_Virginia","Hampton","https://en.wikipedia.org/wiki/Hampton,_Virginia","Active","","","","","Virginia"
"Beta Beta Zeta","","Columbia","https://en.wikipedia.org/wiki/Columbia,_South_Carolina","South Carolina","https://en.wikipedia.org/wiki/South_Carolina","Active","","","","",""
"Gamma Beta Zeta","","Brookhaven","https://en.wikipedia.org/wiki/Brookhaven,_Mississippi","Mississippi","https://en.wikipedia.org/wiki/Mississippi","Active","223","https://en.wikipedia.org/wiki/List_of_Zeta_Phi_Beta_chapters#cite_note-:31-275","[","]",""
"Delta Beta Zeta","May 25, 1957","Rochdale Village, Queens","https://en.wikipedia.org/wiki/Rochdale_Village,_Queens","New York","https://en.wikipedia.org/wiki/New_York_(state)","Active","224","https://en.wikipedia.org/wiki/List_of_Zeta_Phi_Beta_chapters#cite_note-276","[","]",""
"Epsilon Beta Zeta","","Plant City","https://en.wikipedia.org/wiki/Plant_City,_Florida","Florida","https://en.wikipedia.org/wiki/Florida","Active","","","","",""
"Zeta Beta Zeta","","Flint","https://en.wikipedia.org/wiki/Flint,_Michigan","Michigan","https://en.wikipedia.org/wiki/Michigan","Active","225","https://en.wikipedia.org/wiki/List_of_Zeta_Phi_Beta_chapters#cite_note-:28-277","[","]",""
"Eta Beta Zeta","April 16, 1968","Durham","https://en.wikipedia.org/wiki/Durham,_North_Carolina","North Carolina","https://en.wikipedia.org/wiki/North_Carolina","Active","226","https://en.wikipedia.org/wiki/List_of_Zeta_Phi_Beta_chapters#cite_note-278","[","]",""
"Iota Beta Zeta","","Blytheville","https://en.wikipedia.org/wiki/Blytheville,_Arkansas","Arkansas","https://en.wikipedia.org/wiki/Arkansas","Active","","","","",""
"Kappa Beta Zeta","","Milwaukee","https://en.wikipedia.org/wiki/Milwaukee","Wisconsin","https://en.wikipedia.org/wiki/Wisconsin","Active","","","","",""
"Lambda Beta Zeta","","Indian River County","https://en.wikipedia.org/wiki/Indian_River_County,_Florida","Florida","https://en.wikipedia.org/wiki/Florida","Active","","","","",""
"Mu Beta Zeta","April 7, 1956","Gastonia","https://en.wikipedia.org/wiki/Gastonia,_North_Carolina","North Carolina","https://en.wikipedia.org/wiki/North_Carolina","Active","227","https://en.wikipedia.org/wiki/List_of_Zeta_Phi_Beta_chapters#cite_note-279","[","]",""
"Nu Beta Zeta","","Radcliff","https://en.wikipedia.org/wiki/Radcliff,_Kentucky","Kentucky","https://en.wikipedia.org/wiki/Kentucky","Active","","","","",""
"Xi Beta Zeta","","Wilberforce","https://en.wikipedia.org/wiki/Wilberforce,_Ohio","Ohio","https://en.wikipedia.org/wiki/Ohio","Active","","","","",""
"Omicron Beta Zeta","November 22, 1990","Arlington","https://en.wikipedia.org/wiki/Arlington,_Texas","Texas","https://en.wikipedia.org/wiki/Texas","Active","","","","",""
"","","","","","","Inactive","","","","","Pi Beta Zeta"
"Rho Beta Zeta","","Vallejo","https://en.wikipedia.org/wiki/Vallejo,_California","California","https://en.wikipedia.org/wiki/California","Active","","","","",""
"Sigma Beta Zeta","July 12, 2000","Roseville","https://en.wikipedia.org/wiki/Roseville,_Minnesota","Minnesota","https://en.wikipedia.org/wiki/Minnesota","Active","141","https://en.wikipedia.org/wiki/List_of_Zeta_Phi_Beta_chapters#cite_note-:30-184","[","]",""
"","","","","","","Inactive","","","","","Tau Beta Zeta"
"","","","","","","Inactive","","","","","Upsilon Beta Zeta"
"Phi Beta Zeta","April 17, 2007","Tulsa","https://en.wikipedia.org/wiki/Tulsa,_Oklahoma","Oklahoma","https://en.wikipedia.org/wiki/Oklahoma","Active","107","https://en.wikipedia.org/wiki/List_of_Zeta_Phi_Beta_chapters#cite_note-:4-143","[","]",""
"Chi Beta Zeta","June 7, 2008","Randallstown","https://en.wikipedia.org/wiki/Randallstown,_Maryland","Baltimore County","https://en.wikipedia.org/wiki/Baltimore_County,_Maryland","Active","220","https://en.wikipedia.org/wiki/List_of_Zeta_Phi_Beta_chapters#cite_note-:13-272","[","]","Maryland"
"Psi Beta Zeta","April 3, 2010","Southaven","https://en.wikipedia.org/wiki/Southaven,_Mississippi","Mississippi","https://en.wikipedia.org/wiki/Mississippi","Active","223","https://en.wikipedia.org/wiki/List_of_Zeta_Phi_Beta_chapters#cite_note-:31-275","[","]",""
"Omega Beta Zeta","July 19, 2011","Farmville","https://en.wikipedia.org/wiki/Farmville,_Virginia","Virginia","https://en.wikipedia.org/wiki/Virginia","Active","229","https://en.wikipedia.org/wiki/List_of_Zeta_Phi_Beta_chapters#cite_note-281","[","]",""
"Alpha Gamma Zeta","","New Orleans","https://en.wikipedia.org/wiki/New_Orleans","Louisiana","https://en.wikipedia.org/wiki/Louisiana","Active","230","https://en.wikipedia.org/wiki/List_of_Zeta_Phi_Beta_chapters#cite_note-282","[","]",""
"","","West Virginia","https://en.wikipedia.org/wiki/West_Virginia","","","Inactive","196","https://en.wikipedia.org/wiki/List_of_Zeta_Phi_Beta_chapters#cite_note-:23-247","[","]","Beta Gamma Zeta"
"Gamma Gamma Zeta","","Columbus","https://en.wikipedia.org/wiki/Columbus,_Mississippi","Mississippi","https://en.wikipedia.org/wiki/Mississippi","Active","223","https://en.wikipedia.org/wiki/List_of_Zeta_Phi_Beta_chapters#cite_note-:31-275","[","]",""
"Delta Gamma Zeta","","Phoenix Metro","https://en.wikipedia.org/wiki/Phoenix_metropolitan_area","Arizona","https://en.wikipedia.org/wiki/Arizona","Active","231","https://en.wikipedia.org/wiki/List_of_Zeta_Phi_Beta_chapters#cite_note-:29-283","[","]",""
"Epsilon Gamma Zeta","","Rocky Mount","https://en.wikipedia.org/wiki/Rocky_Mount,_North_Carolina","North Carolina","https://en.wikipedia.org/wiki/North_Carolina","Active","","","","",""
"Zeta Gamma Zeta","","Pinellas County","https://en.wikipedia.org/wiki/Pinellas_County,_Florida","Florida","https://en.wikipedia.org/wiki/Florida","Active","","","","",""
"Eta Gamma Zeta","April 1965","Brunswick","https://en.wikipedia.org/wiki/Brunswick,_Georgia","Georgia","https://en.wikipedia.org/wiki/Georgia_(U.S._state)","Active","","","","",""
"Theta Gamma Zeta","","Helena","https://en.wikipedia.org/wiki/Helena,_Arkansas","Arkansas","https://en.wikipedia.org/wiki/Arkansas","Active","","","","",""
"","","Albuquerque","https://en.wikipedia.org/wiki/Albuquerque,_New_Mexico","New Mexico","https://en.wikipedia.org/wiki/New_Mexico","Inactive","231","https://en.wikipedia.org/wiki/List_of_Zeta_Phi_Beta_chapters#cite_note-:29-283","[","]","Iota Gamma Zeta"
"","","","","","","Inactive","","","","","Kappa Gamma Zeta"
"Lambda Gamma Zeta","September 29, 1981","Columbia","https://en.wikipedia.org/wiki/Columbia,_Maryland","Howard County","https://en.wikipedia.org/wiki/Howard_County,_Maryland","Active","220","https://en.wikipedia.org/wiki/List_of_Zeta_Phi_Beta_chapters#cite_note-:13-272","[","]","Maryland"
"Mu Gamma Zeta","","Kendall","https://en.wikipedia.org/wiki/Kendall,_Florida","Richmond Heights","https://en.wikipedia.org/wiki/Richmond_Heights,_Florida","Active","233","https://en.wikipedia.org/wiki/List_of_Zeta_Phi_Beta_chapters#cite_note-285","[","]","Perrine"
"Nu Gamma Zeta","","Jackson","https://en.wikipedia.org/wiki/Jackson,_Tennessee","Tennessee","https://en.wikipedia.org/wiki/Tennessee","Active","","","","",""
"","","Atmore","https://en.wikipedia.org/wiki/Atmore,_Alabama","Alabama","https://en.wikipedia.org/wiki/Alabama","Inactive","40","https://en.wikipedia.org/wiki/List_of_Zeta_Phi_Beta_chapters#cite_note-:11-66","[","]","Xi Gamma Zeta"
"Omicron Gamma Zeta","December 8, 1990","Clear Lake","https://en.wikipedia.org/wiki/Clear_Lake,_Texas","Texas","https://en.wikipedia.org/wiki/Texas","Active","234","https://en.wikipedia.org/wiki/List_of_Zeta_Phi_Beta_chapters#cite_note-286","[","]",""
"Pi Gamma Zeta","January 31, 1995","Southfield","https://en.wikipedia.org/wiki/Southfield,_Michigan","Michigan","https://en.wikipedia.org/wiki/Michigan","Active","235","https://en.wikipedia.org/wiki/List_of_Zeta_Phi_Beta_chapters#cite_note-287","[","]",""
"","","","","","","Inactive","","","","","Rho Gamma Zeta"
"Sigma Gamma Zeta","December 12, 2000","Jonesboro","https://en.wikipedia.org/wiki/Jonesboro,_Arkansas","Arkansas","https://en.wikipedia.org/wiki/Arkansas","Active","236","https://en.wikipedia.org/wiki/List_of_Zeta_Phi_Beta_chapters#cite_note-288","[","]",""
"Tau Gamma Zeta","March 28, 2003","Rockland County","https://en.wikipedia.org/wiki/Rockland_County,_New_York","New York","https://en.wikipedia.org/wiki/New_York_(state)","Active","237","https://en.wikipedia.org/wiki/List_of_Zeta_Phi_Beta_chapters#cite_note-289","[","]",""
"Upsilon Gamma Zeta","","Jackson","https://en.wikipedia.org/wiki/Jackson,_Tennessee","Tennessee","https://en.wikipedia.org/wiki/Tennessee","Active","","","","",""
"Phi Gamma Zeta","March 12, 2007","Hopewell","https://en.wikipedia.org/wiki/Hopewell,_Virginia","Virginia","https://en.wikipedia.org/wiki/Virginia","Active","238","https://en.wikipedia.org/wiki/List_of_Zeta_Phi_Beta_chapters#cite_note-290","[","]",""
"","","","","","","Inactive","","","","","Chi Gamma Zeta"
"Psi Gamma Zeta","March 10, 2010","Auburn","https://en.wikipedia.org/wiki/Auburn,_Alabama","Alabama","https://en.wikipedia.org/wiki/Alabama","Active","239","https://en.wikipedia.org/wiki/List_of_Zeta_Phi_Beta_chapters#cite_note-291","[","]",""
"Omega Gamma Zeta","July 30, 2011","Virginia","https://en.wikipedia.org/wiki/Virginia","","","Active","","","","",""
"Alpha Delta Zeta","October 14, 1938","Jackson","https://en.wikipedia.org/wiki/Jackson,_Mississippi","Mississippi","https://en.wikipedia.org/wiki/Mississippi","Active","240","https://en.wikipedia.org/wiki/List_of_Zeta_Phi_Beta_chapters#cite_note-292","[","]",""
"Beta Delta Zeta","","Philadelphia","https://en.wikipedia.org/wiki/Philadelphia","Pennsylvania","https://en.wikipedia.org/wiki/Pennsylvania","Active","","","","",""
"Gamma Delta Zeta","","Cleveland","https://en.wikipedia.org/wiki/Cleveland","Ohio","https://en.wikipedia.org/wiki/Ohio","Active","32","https://en.wikipedia.org/wiki/List_of_Zeta_Phi_Beta_chapters#cite_note-:10-47","[","]",""
"Delta Delta Zeta","May 14, 1949","San Francisco","https://en.wikipedia.org/wiki/San_Francisco","California","https://en.wikipedia.org/wiki/California","Active","241","https://en.wikipedia.org/wiki/List_of_Zeta_Phi_Beta_chapters#cite_note-293","[","]",""
"","","","","","","Inactive","","","","","Epsilon Delta Zeta"
"Zeta Delta Zeta","","Burlington County","https://en.wikipedia.org/wiki/Burlington_County,_New_Jersey","New Jersey","https://en.wikipedia.org/wiki/New_Jersey","Active","242","https://en.wikipedia.org/wiki/List_of_Zeta_Phi_Beta_chapters#cite_note-:15-294","[","]",""
"Eta Delta Zeta","October 6, 1959","Shelby","https://en.wikipedia.org/wiki/Shelby,_North_Carolina","North Carolina","https://en.wikipedia.org/wiki/North_Carolina","Active","244","https://en.wikipedia.org/wiki/List_of_Zeta_Phi_Beta_chapters#cite_note-296","[","]",""
"","","","","","","Inactive","","","","","Theta Delta Zeta"
"Iota Delta Zeta","","Hayward","https://en.wikipedia.org/wiki/Hayward,_California","California","https://en.wikipedia.org/wiki/California","Active","","","","",""
"Kappa Delta Zeta","","Alexander City","https://en.wikipedia.org/wiki/Alexander_City,_Alabama","Alabama","https://en.wikipedia.org/wiki/Alabama","Active","40","https://en.wikipedia.org/wiki/List_of_Zeta_Phi_Beta_chapters#cite_note-:11-66","[","]",""
"Lambda Delta Zeta","October 14, 1981","Greenville","https://en.wikipedia.org/wiki/Greenville,_Alabama","Alabama","https://en.wikipedia.org/wiki/Alabama","Active","245","https://en.wikipedia.org/wiki/List_of_Zeta_Phi_Beta_chapters#cite_note-297","[","]",""
"Mu Delta Zeta","May 23, 1983","Killeen","https://en.wikipedia.org/wiki/Killeen,_Texas","Texas","https://en.wikipedia.org/wiki/Texas","Active","246","https://en.wikipedia.org/wiki/List_of_Zeta_Phi_Beta_chapters#cite_note-298","[","]",""
"Nu Delta Zeta","May 18, 1985","Greer","https://en.wikipedia.org/wiki/Greer,_South_Carolina","Travelers Rest","https://en.wikipedia.org/wiki/Travelers_Rest,_South_Carolina","Active","247","https://en.wikipedia.org/wiki/List_of_Zeta_Phi_Beta_chapters#cite_note-299","[","]","Taylors"
"Xi Delta Zeta","","Jackson","https://en.wikipedia.org/wiki/Jackson,_Alabama","McIntosh","https://en.wikipedia.org/wiki/McIntosh,_Alabama","Active","248","https://en.wikipedia.org/wiki/List_of_Zeta_Phi_Beta_chapters#cite_note-300","[","]","Alabama"
"Omicron Delta Zeta","","Boca Raton","https://en.wikipedia.org/wiki/Boca_Raton,_Florida","Delray Beach","https://en.wikipedia.org/wiki/Delray_Beach,_Florida","Active","249","https://en.wikipedia.org/wiki/List_of_Zeta_Phi_Beta_chapters#cite_note-301","[","]","Boynton Beach"
"Pi Delta Zeta","April 10, 1995","Cedar Rapids","https://en.wikipedia.org/wiki/Cedar_Rapids,_Iowa","Iowa","https://en.wikipedia.org/wiki/Iowa","Active","","","","",""
"Rho Delta Zeta","","Washtenaw County","https://en.wikipedia.org/wiki/Washtenaw_County,_Michigan","Michigan","https://en.wikipedia.org/wiki/Michigan","Active","225","https://en.wikipedia.org/wiki/List_of_Zeta_Phi_Beta_chapters#cite_note-:28-277","[","]",""
"Sigma Delta Zeta","March 18, 2001","Henrico","https://en.wikipedia.org/wiki/Henrico,_Virginia","Virginia","https://en.wikipedia.org/wiki/Virginia","Active","250","https://en.wikipedia.org/wiki/List_of_Zeta_Phi_Beta_chapters#cite_note-302","[","]",""
"Tau Delta Zeta","April 10, 2003","Laurel","https://en.wikipedia.org/wiki/Laurel,_Maryland","Princes George's County","https://en.wikipedia.org/wiki/Prince_George%27s_County,_Maryland","Active","220","https://en.wikipedia.org/wiki/List_of_Zeta_Phi_Beta_chapters#cite_note-:13-272","[","]","Maryland"
"Upsilon Delta Zeta","","Martinsville","https://en.wikipedia.org/wiki/Martinsville,_Virginia","Virginia","https://en.wikipedia.org/wiki/Virginia","Active","","","","",""
"Phi Delta Zeta","","Manchester","https://en.wikipedia.org/wiki/Manchester,_Connecticut","Connecticut","https://en.wikipedia.org/wiki/Connecticut","Active","","","","",""
"Chi Delta Zeta","August 2, 2008","Lenexa","https://en.wikipedia.org/wiki/Lenexa,_Kansas","Kansas","https://en.wikipedia.org/wiki/Kansas","Active","252","https://en.wikipedia.org/wiki/List_of_Zeta_Phi_Beta_chapters#cite_note-304","[","]",""
"","","","","","","Inactive","","","","","Psi Delta Zeta"
"Omega Delta Zeta","September 1, 2011","Friendswood","https://en.wikipedia.org/wiki/Friendswood,_Texas","Texas","https://en.wikipedia.org/wiki/Texas","Active","253","https://en.wikipedia.org/wiki/List_of_Zeta_Phi_Beta_chapters#cite_note-305","[","]",""
"Alpha Epsilon Zeta","February 4, 1939","Kansas City","https://en.wikipedia.org/wiki/Kansas_City,_Missouri","Kansas","https://en.wikipedia.org/wiki/Kansas","Active","19","https://en.wikipedia.org/wiki/List_of_Zeta_Phi_Beta_chapters#cite_note-:3-24","[","]",""
"Beta Epsilon Zeta","","Shreveport","https://en.wikipedia.org/wiki/Shreveport,_Louisiana","Louisiana","https://en.wikipedia.org/wiki/Louisiana","Active","","","","",""
"Gamma Epsilon Zeta","May 1957","Concord","https://en.wikipedia.org/wiki/Concord,_North_Carolina","North Carolina","https://en.wikipedia.org/wiki/North_Carolina","Active","254","https://en.wikipedia.org/wiki/List_of_Zeta_Phi_Beta_chapters#cite_note-306","[","]",""
"Delta Epsilon Zeta","June 1, 1949","West Palm Beach","https://en.wikipedia.org/wiki/West_Palm_Beach,_Florida","Florida","https://en.wikipedia.org/wiki/Florida","Active","255","https://en.wikipedia.org/wiki/List_of_Zeta_Phi_Beta_chapters#cite_note-307","[","]",""
"Epsilon Epsilon Zeta","October 27, 1954","Orange County","https://en.wikipedia.org/wiki/Orange_County,_Florida","Orlando","https://en.wikipedia.org/wiki/Orlando,_Florida","Active","171","https://en.wikipedia.org/wiki/List_of_Zeta_Phi_Beta_chapters#cite_note-:22-222","[","]","Florida"
"Zeta Epsilon Zeta","November 11, 1960","Lawton","https://en.wikipedia.org/wiki/Lawton,_Oklahoma","Oklahoma","https://en.wikipedia.org/wiki/Oklahoma","Active","107","https://en.wikipedia.org/wiki/List_of_Zeta_Phi_Beta_chapters#cite_note-:4-143","[","]",""
"","","Odessa","https://en.wikipedia.org/wiki/Odessa,_Texas","Texas","https://en.wikipedia.org/wiki/Texas","Inactive","196","https://en.wikipedia.org/wiki/List_of_Zeta_Phi_Beta_chapters#cite_note-:23-247","[","]","Eta Epsilon Zeta"
"Theta Epsilon Zeta","January 23, 1976","Nassau","https://en.wikipedia.org/wiki/Nassau,_Bahamas","New Providence","https://en.wikipedia.org/wiki/New_Providence","Active","","","","","The Bahamas"
"","","","","","","Inactive","","","","","Iota Epsilon Zeta"
"Kappa Epsilon Zeta","February 27, 1980","Bronx","https://en.wikipedia.org/wiki/The_Bronx","New York","https://en.wikipedia.org/wiki/New_York_(state)","Active","257","https://en.wikipedia.org/wiki/List_of_Zeta_Phi_Beta_chapters#cite_note-309","[","]",""
"Lambda Epsilon Zeta","","Lancaster","https://en.wikipedia.org/wiki/Lancaster,_South_Carolina","South Carolina","https://en.wikipedia.org/wiki/South_Carolina","Active","","","","",""
"","","","","","","Inactive","","","","","Mu Epsilon Zeta"
"Nu Epsilon Zeta","June 6, 1985","Lafayette","https://en.wikipedia.org/wiki/Lafayette,_Louisiana","Louisiana","https://en.wikipedia.org/wiki/Louisiana","Active","","","","",""
"Xi Epsilon Zeta","","Natchez","https://en.wikipedia.org/wiki/Natchez,_Mississippi","Mississippi","https://en.wikipedia.org/wiki/Mississippi","Active","223","https://en.wikipedia.org/wiki/List_of_Zeta_Phi_Beta_chapters#cite_note-:31-275","[","]",""
"Omicron Epsilon Zeta","","Albany","https://en.wikipedia.org/wiki/Albany,_New_York","New York","https://en.wikipedia.org/wiki/New_York_(state)","Active","","","","",""
"","","","","","","Inactive","","","","","Pi Epsilon Zeta"
"Rho Epsilon Zeta","December 18, 1998","Cobb County","https://en.wikipedia.org/wiki/Cobb_County,_Georgia","Georgia","https://en.wikipedia.org/wiki/Georgia_(U.S._state)","Active","","","","",""
"Sigma Epsilon Zeta","April 5, 1978","Ames","https://en.wikipedia.org/wiki/Ames,_Iowa","Iowa","https://en.wikipedia.org/wiki/Iowa","Active","","","","",""
"Tau Epsilon Zeta","May 31, 2003","Hope Mills","https://en.wikipedia.org/wiki/Hope_Mills,_North_Carolina","North Carolina","https://en.wikipedia.org/wiki/North_Carolina","Active","258","https://en.wikipedia.org/wiki/List_of_Zeta_Phi_Beta_chapters#cite_note-310","[","]",""
"Upsilon Epsilon Zeta","February 24, 2005","Lawrenceville","https://en.wikipedia.org/wiki/Lawrenceville,_Virginia","Virginia","https://en.wikipedia.org/wiki/Virginia","Active","","","","",""
"","","","","","","Inactive","","","","","Phi Epsilon Zeta"
"","","","","","","Inactive","","","","","Chi Epsilon Zeta"
"Psi Epsilon Zeta","March 10, 2010","Cullen","https://en.wikipedia.org/wiki/Cullen,_Louisiana","Louisiana","https://en.wikipedia.org/wiki/Louisiana","Active","","","","",""
"","","","","","","Inactive","","","","","Omega Epsilon Zeta"
"","","Beckley","https://en.wikipedia.org/wiki/Beckley,_West_Virginia","West Virginia","https://en.wikipedia.org/wiki/West_Virginia","Inactive","196","https://en.wikipedia.org/wiki/List_of_Zeta_Phi_Beta_chapters#cite_note-:23-247","[","]","Alpha Zeta Zeta"
"Beta Zeta Zeta","September 1943","Cincinnati","https://en.wikipedia.org/wiki/Cincinnati","Ohio","https://en.wikipedia.org/wiki/Ohio","Active","12","https://en.wikipedia.org/wiki/List_of_Zeta_Phi_Beta_chapters#cite_note-:32-15","[","]",""
"Gamma Zeta Zeta","September 4, 1943","Columbus","https://en.wikipedia.org/wiki/Columbus,_Ohio","Ohio","https://en.wikipedia.org/wiki/Ohio","Active","259","https://en.wikipedia.org/wiki/List_of_Zeta_Phi_Beta_chapters#cite_note-:35-312","[","]",""
"Delta Zeta Zeta","December 3, 1949","Prince George's County","https://en.wikipedia.org/wiki/Prince_George%27s_County,_Maryland","Maryland","https://en.wikipedia.org/wiki/Maryland","Active","220","https://en.wikipedia.org/wiki/List_of_Zeta_Phi_Beta_chapters#cite_note-:13-272","[","]",""
"Epsilon Zeta Zeta","March 7, 1954","Pine Bluff","https://en.wikipedia.org/wiki/Pine_Bluff,_Arkansas","Arkansas","https://en.wikipedia.org/wiki/Arkansas","Active","261","https://en.wikipedia.org/wiki/List_of_Zeta_Phi_Beta_chapters#cite_note-314","[","]",""
"Zeta Zeta Zeta","July 2, 1960","Denver","https://en.wikipedia.org/wiki/Denver","Colorado","https://en.wikipedia.org/wiki/Colorado","Active","262","https://en.wikipedia.org/wiki/List_of_Zeta_Phi_Beta_chapters#cite_note-315","[","]",""
"Eta Zeta Zeta","October 1969","Kansas City","https://en.wikipedia.org/wiki/Kansas_City,_Missouri","Missiouri","https://en.wikipedia.org/wiki/Missouri","Active","19","https://en.wikipedia.org/wiki/List_of_Zeta_Phi_Beta_chapters#cite_note-:3-24","[","]",""
"Theta Zeta Zeta","December 5, 1975","Dover","https://en.wikipedia.org/wiki/Dover,_Delaware","Delaware","https://en.wikipedia.org/wiki/Delaware","Active","263","https://en.wikipedia.org/wiki/List_of_Zeta_Phi_Beta_chapters#cite_note-316","[","]",""
"Iota Zeta Zeta","November 17, 1979","Minneapolis","https://en.wikipedia.org/wiki/Minneapolis","Minnesota","https://en.wikipedia.org/wiki/Minnesota","Active","141","https://en.wikipedia.org/wiki/List_of_Zeta_Phi_Beta_chapters#cite_note-:30-184","[","]",""
"","","","","","","Inactive","","","","","Kappa Zeta Zeta"
"Lambda Zeta Zeta","","Bessemer","https://en.wikipedia.org/wiki/Bessemer,_Alabama","Alabama","https://en.wikipedia.org/wiki/Alabama","Active","","","","",""
"Mu Zeta Zeta","","Somerville","https://en.wikipedia.org/wiki/Somerville,_Tennessee","Tennessee","https://en.wikipedia.org/wiki/Tennessee","Active","","","","",""
"Nu Zeta Zeta","","Pritchard","https://en.wikipedia.org/wiki/Prichard,_Alabama","Alabama","https://en.wikipedia.org/wiki/Alabama","Active","40","https://en.wikipedia.org/wiki/List_of_Zeta_Phi_Beta_chapters#cite_note-:11-66","[","]",""
"Xi Zeta Zeta","","San Jose","https://en.wikipedia.org/wiki/San_Jose,_California","California","https://en.wikipedia.org/wiki/California","Active","264","https://en.wikipedia.org/wiki/List_of_Zeta_Phi_Beta_chapters#cite_note-317","[","]",""
"Omicron Zeta Zeta","","Tucson","https://en.wikipedia.org/wiki/Tucson,_Arizona","Arizona","https://en.wikipedia.org/wiki/Arizona","Active","","","","",""
"Pi Zeta Zeta","August 21, 1995","Inland Empire","https://en.wikipedia.org/wiki/Inland_Empire","San Bernardino","https://en.wikipedia.org/wiki/San_Bernardino,_California","Active","265","https://en.wikipedia.org/wiki/List_of_Zeta_Phi_Beta_chapters#cite_note-:12-318","[","]","California"
"Rho Zeta Zeta","March 4, 1999","Greenville","https://en.wikipedia.org/wiki/Greenville,_North_Carolina","North Carolina","https://en.wikipedia.org/wiki/North_Carolina","Active","266","https://en.wikipedia.org/wiki/List_of_Zeta_Phi_Beta_chapters#cite_note-319","[","]",""
"Sigma Zeta Zeta","","Hudson County","https://en.wikipedia.org/wiki/Hudson_County,_New_Jersey","New Jersey","https://en.wikipedia.org/wiki/New_Jersey","Active","242","https://en.wikipedia.org/wiki/List_of_Zeta_Phi_Beta_chapters#cite_note-:15-294","[","]",""
"","","","","","","Inactive","","","","","Tau Zeta Zeta"
"Upsilon Zeta Zeta","February 25, 2005","Grandview","https://en.wikipedia.org/wiki/Grandview,_Missouri","Missiouri","https://en.wikipedia.org/wiki/Missouri","Active","267","https://en.wikipedia.org/wiki/List_of_Zeta_Phi_Beta_chapters#cite_note-320","[","]",""
"Phi Zeta Zeta","April 14, 2007","Queens","https://en.wikipedia.org/wiki/Queens","New York","https://en.wikipedia.org/wiki/New_York_(state)","Active","268","https://en.wikipedia.org/wiki/List_of_Zeta_Phi_Beta_chapters#cite_note-321","[","]",""
"Chi Zeta Zeta","","Wellington","https://en.wikipedia.org/wiki/Wellington,_Florida","Royal Palm Beach","https://en.wikipedia.org/wiki/Royal_Palm_Beach,_Florida","Active","","","","","Loxahatchee"
"Psi Zeta Zeta","March 24, 2010","Lake County","https://en.wikipedia.org/wiki/Lake_County,_Florida","Florida","https://en.wikipedia.org/wiki/Florida","Active","269","https://en.wikipedia.org/wiki/List_of_Zeta_Phi_Beta_chapters#cite_note-322","[","]",""
"Omega Zeta Zeta","November 7, 2011","Jacksonville","https://en.wikipedia.org/wiki/Jacksonville,_Florida","Jacksonville Beaches","https://en.wikipedia.org/wiki/Jacksonville_Beaches","Active","270","https://en.wikipedia.org/wiki/List_of_Zeta_Phi_Beta_chapters#cite_note-323","[","]","Florida"
"Alpha Eta Zeta","May 27, 1939","Memphis","https://en.wikipedia.org/wiki/Memphis,_Tennessee","Tennessee","https://en.wikipedia.org/wiki/Tennessee","Active","30","https://en.wikipedia.org/wiki/List_of_Zeta_Phi_Beta_chapters#cite_note-:18-45","[","]",""
"","","Los Angeles","https://en.wikipedia.org/wiki/Los_Angeles","California","https://en.wikipedia.org/wiki/California","Merged","28","https://en.wikipedia.org/wiki/List_of_Zeta_Phi_Beta_chapters#cite_note-:9-41","[","]","Beta Eta Zeta (see Alpha Psi Zeta)"
"Beta Eta Zeta","","Tuscaloosa","https://en.wikipedia.org/wiki/Tuscaloosa,_Alabama","Alabama","https://en.wikipedia.org/wiki/Alabama","Active","","","","",""
"Gamma Eta Zeta","","Selma","https://en.wikipedia.org/wiki/Selma,_Alabama","Alabama","https://en.wikipedia.org/wiki/Alabama","Active","","","","",""
"Delta Eta Zeta","February 1950","Fort Lauderdale","https://en.wikipedia.org/wiki/Fort_Lauderdale,_Florida","Broward County","https://en.wikipedia.org/wiki/Broward_County_Public_Schools","Active","","","","","Florida"
"Epsilon Eta Zeta","","Columbus","https://en.wikipedia.org/wiki/Columbus,_Georgia","Georgia","https://en.wikipedia.org/wiki/Georgia_(U.S._state)","Active","","","","",""
"Zeta Eta Zeta","","St. Lucie County","https://en.wikipedia.org/wiki/St._Lucie_County,_Florida","Fort Pierce","https://en.wikipedia.org/wiki/Fort_Pierce,_Florida","Active","","","","","Florida"
"Eta Eta Zeta","","Yanceyville","https://en.wikipedia.org/wiki/Yanceyville,_North_Carolina","North Carolina","https://en.wikipedia.org/wiki/North_Carolina","Active","","","","",""
"Theta Eta Zeta","","Thomasville","https://en.wikipedia.org/wiki/Thomasville,_Georgia","North Carolina","https://en.wikipedia.org/wiki/North_Carolina","Active","","","","",""
"Iota Eta Zeta","","Decatur","https://en.wikipedia.org/wiki/Decatur,_Georgia","Georgia","https://en.wikipedia.org/wiki/Georgia_(U.S._state)","Active","","","","",""
"Kappa Eta Zeta","","Camden","https://en.wikipedia.org/wiki/Camden,_South_Carolina","South Carolina","https://en.wikipedia.org/wiki/South_Carolina","Active","","","","",""
"Lambda Eta Zeta","December 4, 1981","Lumberton","https://en.wikipedia.org/wiki/Lumberton,_North_Carolina","North Carolina","https://en.wikipedia.org/wiki/North_Carolina","Active","","","","",""
"Mu Eta Zeta","","Carbondale","https://en.wikipedia.org/wiki/Carbondale,_Illinois","Illinois","https://en.wikipedia.org/wiki/Illinois","Active","","","","",""
"Nu Eta Zeta","","Florence","https://en.wikipedia.org/wiki/Florence,_Alabama","Alabama","https://en.wikipedia.org/wiki/Alabama","Active","","","","",""
"Xi Eta Zeta","","Novato","https://en.wikipedia.org/wiki/Novato,_California","California","https://en.wikipedia.org/wiki/California","Active","","","","",""
"Pi Eta Zeta","September 30, 1995","Seoul","https://en.wikipedia.org/wiki/Seoul","South Korea","https://en.wikipedia.org/wiki/South_Korea","Active","","","","",""
"","","Albany","https://en.wikipedia.org/wiki/Albany,_New_York","New York","https://en.wikipedia.org/wiki/New_York_(state)","Inactive","","","","","Omicron Eta Zeta"
"Rho Eta Zeta","April 10, 1999","Glen Burnie","https://en.wikipedia.org/wiki/Glen_Burnie,_Maryland","Anne Arundel County","https://en.wikipedia.org/wiki/Anne_Arundel_County,_Maryland","Active","220","https://en.wikipedia.org/wiki/List_of_Zeta_Phi_Beta_chapters#cite_note-:13-272","[","]","Maryland"
"Sigma Eta Zeta","April 12, 2001","Long Beach","https://en.wikipedia.org/wiki/Long_Beach,_California","California","https://en.wikipedia.org/wiki/California","Active","272","https://en.wikipedia.org/wiki/List_of_Zeta_Phi_Beta_chapters#cite_note-326","[","]",""
"Tau Eta Zeta","August 5, 2003","Baltimore","https://en.wikipedia.org/wiki/Baltimore","Maryland","https://en.wikipedia.org/wiki/Maryland","Active","273","https://en.wikipedia.org/wiki/List_of_Zeta_Phi_Beta_chapters#cite_note-328","[","]",""
"Upsilon Eta Zeta","March 11, 2005","Pennsylvania","https://en.wikipedia.org/wiki/Pennsylvania","","","Active","274","https://en.wikipedia.org/wiki/List_of_Zeta_Phi_Beta_chapters#cite_note-329","[","]",""
"Phi Eta Zeta","","Tokyo","https://en.wikipedia.org/wiki/Tokyo","Japan","https://en.wikipedia.org/wiki/Japan","Active","","","","",""
"Chi Eta Zeta","June 23, 2008","Cambridge","https://en.wikipedia.org/wiki/Cambridge,_Massachusetts","Massachusetts","https://en.wikipedia.org/wiki/Massachusetts","Active","275","https://en.wikipedia.org/wiki/List_of_Zeta_Phi_Beta_chapters#cite_note-330","[","]",""
"Psi Eta Zeta","March 31, 2010","Cape Girardeau","https://en.wikipedia.org/wiki/Cape_Girardeau,_Missouri","Missiouri","https://en.wikipedia.org/wiki/Missouri","Active","","","","",""
"Omega Eta Zeta","March 16, 2012","Quincy","https://en.wikipedia.org/wiki/Quincy,_Massachusetts","Massachusetts","https://en.wikipedia.org/wiki/Massachusetts","Active","276","https://en.wikipedia.org/wiki/List_of_Zeta_Phi_Beta_chapters#cite_note-331","[","]",""
"Alpha Theta Zeta","July 1, 1939","Savannah","https://en.wikipedia.org/wiki/Savannah,_Georgia","Georgia","https://en.wikipedia.org/wiki/Georgia_(U.S._state)","Active","277","https://en.wikipedia.org/wiki/List_of_Zeta_Phi_Beta_chapters#cite_note-332","[","]",""
"Beta Theta Zeta","November 30, 1944","Norfolk","https://en.wikipedia.org/wiki/Norfolk,_Virginia","Virginia","https://en.wikipedia.org/wiki/Virginia","Active","20","https://en.wikipedia.org/wiki/List_of_Zeta_Phi_Beta_chapters#cite_note-:33-27","[","]","Rho first"
"","","","","","","Inactive","","","","","Gamma Theta Zeta"
"Delta Theta Zeta","","Mobile","https://en.wikipedia.org/wiki/Mobile,_Alabama","Alabama","https://en.wikipedia.org/wiki/Alabama","Active","","","","",""
"Epsilon Theta Zeta","February 26, 1967","Suffolk","https://en.wikipedia.org/wiki/Suffolk,_Virginia","Virginia","https://en.wikipedia.org/wiki/Virginia","Active","278","https://en.wikipedia.org/wiki/List_of_Zeta_Phi_Beta_chapters#cite_note-334","[","]",""
"Zeta Theta Zeta","","Gary","https://en.wikipedia.org/wiki/Gary,_Indiana","Indiana","https://en.wikipedia.org/wiki/Indiana","Active","","","","",""
"Eta Theta Zeta","","Augusta","https://en.wikipedia.org/wiki/Augusta,_Georgia","Georgia","https://en.wikipedia.org/wiki/Georgia_(U.S._state)","Active","","","","",""
"Theta Theta Zeta","","Hammond","https://en.wikipedia.org/wiki/Hammond,_Louisiana","Louisiana","https://en.wikipedia.org/wiki/Louisiana","Active","","","","",""
"Iota Theta Zeta","January 26, 1979","Nassau County","https://en.wikipedia.org/wiki/Nassau_County,_New_York","New York","https://en.wikipedia.org/wiki/New_York_(state)","Active","103","https://en.wikipedia.org/wiki/List_of_Zeta_Phi_Beta_chapters#cite_note-:17-139","[","]",""
"Kappa Theta Zeta","","Sanford","https://en.wikipedia.org/wiki/Sanford,_North_Carolina","North Carolina","https://en.wikipedia.org/wiki/North_Carolina","Active","","","","",""
"Lambda Theta Zeta","","Aliceville","https://en.wikipedia.org/wiki/Aliceville,_Alabama","Alabama","https://en.wikipedia.org/wiki/Alabama","Active","","","","",""
"Mu Theta Zeta","July 1, 1983","Darmstadt","https://en.wikipedia.org/wiki/Darmstadt","Germany","https://en.wikipedia.org/wiki/Germany","Active","279","https://en.wikipedia.org/wiki/List_of_Zeta_Phi_Beta_chapters#cite_note-335","[","]",""
"Nu Theta Zeta","May 31, 1986","Warrensville Heights","https://en.wikipedia.org/wiki/Warrensville_Heights,_Ohio","Ohio","https://en.wikipedia.org/wiki/Ohio","Active","280","https://en.wikipedia.org/wiki/List_of_Zeta_Phi_Beta_chapters#cite_note-336","[","]",""
"","","","","","","Inactive","","","","","Xi Theta Zeta"
"Pi Theta Zeta","","Smoaks","https://en.wikipedia.org/wiki/Smoaks,_South_Carolina","South Carolina","https://en.wikipedia.org/wiki/South_Carolina","Active","","","","",""
"Rho Theta Zeta","April 19, 1999","Portage","https://en.wikipedia.org/wiki/Portage,_Michigan","Michigan","https://en.wikipedia.org/wiki/Michigan","Active","225","https://en.wikipedia.org/wiki/List_of_Zeta_Phi_Beta_chapters#cite_note-:28-277","[","]",""
"Sigma Theta Zeta","","East Chicago","https://en.wikipedia.org/wiki/East_Chicago,_Indiana","Indiana","https://en.wikipedia.org/wiki/Indiana","Active","","","","",""
"Tau Theta Zeta","","Pineville","https://en.wikipedia.org/wiki/Pineville,_North_Carolina","Mathews","https://en.wikipedia.org/wiki/Matthews,_North_Carolina","Active","","","","","North Carolina"
"Upsilon Theta Zeta","","Redford","https://en.wikipedia.org/wiki/Redford,_Michigan","Michigan","https://en.wikipedia.org/wiki/Michigan","Active","225","https://en.wikipedia.org/wiki/List_of_Zeta_Phi_Beta_chapters#cite_note-:28-277","[","]",""
"Phi Theta Zeta","October 25, 2007","Gardena","https://en.wikipedia.org/wiki/Gardena,_California","California","https://en.wikipedia.org/wiki/California","Active","","","","",""
"Chi Theta Zeta","June 16, 2008","Tallahassee","https://en.wikipedia.org/wiki/Tallahassee,_Florida","Florida","https://en.wikipedia.org/wiki/Florida","Active","282","https://en.wikipedia.org/wiki/List_of_Zeta_Phi_Beta_chapters#cite_note-:26-338","[","]",""
"Psi Theta Zeta","September 2015","North Los Vegas","https://en.wikipedia.org/wiki/North_Las_Vegas,_Nevada","Nevada","https://en.wikipedia.org/wiki/Nevada","Active","","","","",""
"Omega Theta Zeta","March 16, 2012","Okinawa","https://en.wikipedia.org/wiki/Okinawa_(city)","Japan","https://en.wikipedia.org/wiki/Japan","Active","","","","",""
"","November 19, 1945","Tulsa","https://en.wikipedia.org/wiki/Tulsa,_Oklahoma","Oklahoma","https://en.wikipedia.org/wiki/Oklahoma","Inactive","19","https://en.wikipedia.org/wiki/List_of_Zeta_Phi_Beta_chapters#cite_note-:3-24","[","]","Alpha Iota Zeta (see Pi first)"
"Zeta Tau Zeta","","","","","","Inactive","201","https://en.wikipedia.org/wiki/List_of_Zeta_Phi_Beta_chapters#cite_note-:41-252","[","]","Beta Iota Zeta first"
"Beta Iota Zeta","April 23, 1994","Bloomington","https://en.wikipedia.org/wiki/Bloomington,_Illinois","Normal","https://en.wikipedia.org/wiki/Normal,_Illinois","Active","283","https://en.wikipedia.org/wiki/List_of_Zeta_Phi_Beta_chapters#cite_note-340","[","]","Illinois"
"Gamma Iota Zeta","","Chattanooga","https://en.wikipedia.org/wiki/Chattanooga,_Tennessee","Tennessee","https://en.wikipedia.org/wiki/Tennessee","Active","","","","",""
"Delta Iota Zeta","","Monrovia","https://en.wikipedia.org/wiki/Monrovia","Liberia","https://en.wikipedia.org/wiki/Liberia","Active","284","https://en.wikipedia.org/wiki/List_of_Zeta_Phi_Beta_chapters#cite_note-:36-341","[","]",""
"Epsilon Iota Zeta","May 1954","Greenville","https://en.wikipedia.org/wiki/Greenville,_South_Carolina","South Carolina","https://en.wikipedia.org/wiki/South_Carolina","Active","285","https://en.wikipedia.org/wiki/List_of_Zeta_Phi_Beta_chapters#cite_note-342","[","]",""
"Zeta Iota Zeta","","Shreveport","https://en.wikipedia.org/wiki/Shreveport,_Louisiana","Louisiana","https://en.wikipedia.org/wiki/Louisiana","Active","","","","",""
"Eta Iota Zeta","","El Paso","https://en.wikipedia.org/wiki/El_Paso,_Texas","Texas","https://en.wikipedia.org/wiki/Texas","Active","","","","",""
"Theta Iota Zeta","January 1976","Pasadena","https://en.wikipedia.org/wiki/Pasadena,_California","Altadena","https://en.wikipedia.org/wiki/Altadena,_California","Active","286","https://en.wikipedia.org/wiki/List_of_Zeta_Phi_Beta_chapters#cite_note-343","[","]","California"
"","","","","","","Inactive","","","","","Iota Iota Zeta"
"Kappa Iota Zeta","September 15, 1980","Atlanta","https://en.wikipedia.org/wiki/Atlanta","Georgia","https://en.wikipedia.org/wiki/Georgia_(U.S._state)","Active","287","https://en.wikipedia.org/wiki/List_of_Zeta_Phi_Beta_chapters#cite_note-344","[","]",""
"Lambda Iota Zeta","","Jeanerette","https://en.wikipedia.org/wiki/Jeanerette,_Louisiana","Louisiana","https://en.wikipedia.org/wiki/Louisiana","Active","","","","",""
"","","","","","","Inactive","","","","","Mu Iota Zeta"
"Nu Iota Zeta","","Madison","https://en.wikipedia.org/wiki/Madison,_Wisconsin","Wisconsin","https://en.wikipedia.org/wiki/Wisconsin","Active","","","","",""
"Xi Iota Zeta","","Bennettsville","https://en.wikipedia.org/wiki/Bennettsville,_South_Carolina","South Carolina","https://en.wikipedia.org/wiki/South_Carolina","Active","","","","",""
"Omicron Iota Zeta","September 12, 1991","Wilson","https://en.wikipedia.org/wiki/Wilson,_North_Carolina","North Carolina","https://en.wikipedia.org/wiki/North_Carolina","Active","","","","",""
"Pi Iota Zeta","","Starkville","https://en.wikipedia.org/wiki/Starkville,_Mississippi","Mississippi","https://en.wikipedia.org/wiki/Mississippi","Active","223","https://en.wikipedia.org/wiki/List_of_Zeta_Phi_Beta_chapters#cite_note-:31-275","[","]",""
"Rho Iota Zeta","","Mendenhall","https://en.wikipedia.org/wiki/Mendenhall,_Mississippi","Mississippi","https://en.wikipedia.org/wiki/Mississippi","Active","223","https://en.wikipedia.org/wiki/List_of_Zeta_Phi_Beta_chapters#cite_note-:31-275","[","]",""
"Sigma Iota Zeta","","Brice","https://en.wikipedia.org/wiki/Brice,_Ohio","Ohio","https://en.wikipedia.org/wiki/Ohio","Active","259","https://en.wikipedia.org/wiki/List_of_Zeta_Phi_Beta_chapters#cite_note-:35-312","[","]",""
"Tau Iota Zeta","September 10, 2003","Morgantown","https://en.wikipedia.org/wiki/Morgantown,_West_Virginia","West Virginia","https://en.wikipedia.org/wiki/West_Virginia","Active","","","","",""
"Upsilon Iota Zeta","March 11, 2005","Columbia","https://en.wikipedia.org/wiki/Columbia,_Missouri","Missiouri","https://en.wikipedia.org/wiki/Missouri","Active","","","","",""
"Phi Iota Zeta","","Montgomery County","https://en.wikipedia.org/wiki/Montgomery_County,_Texas","Texas","https://en.wikipedia.org/wiki/Texas","Active","","","","",""
"Chi Iota Zeta","","East Lansing","https://en.wikipedia.org/wiki/East_Lansing,_Michigan","Michigan","https://en.wikipedia.org/wiki/Michigan","Active","225","https://en.wikipedia.org/wiki/List_of_Zeta_Phi_Beta_chapters#cite_note-:28-277","[","]",""
"Psi Iota Zeta","","Camden","https://en.wikipedia.org/wiki/Camden,_Arkansas","Arkansas","https://en.wikipedia.org/wiki/Arkansas","Active","","","","",""
"Omega Iota Zeta","","Kansas City","https://en.wikipedia.org/wiki/Kansas_City,_Missouri","Missiouri","https://en.wikipedia.org/wiki/Missouri","Active","","","","",""
"Alpha Kappa Zeta","February 18, 1940","Austin","https://en.wikipedia.org/wiki/Austin,_Texas","Texas","https://en.wikipedia.org/wiki/Texas","Active","288","https://en.wikipedia.org/wiki/List_of_Zeta_Phi_Beta_chapters#cite_note-345","[","]",""
"Beta Kappa Zeta","","Lake Charles","https://en.wikipedia.org/wiki/Lake_Charles,_Louisiana","Louisiana","https://en.wikipedia.org/wiki/Louisiana","Active","","","","",""
"Gamma Kappa Zeta","","Tyler","https://en.wikipedia.org/wiki/Tyler,_Texas","Texas","https://en.wikipedia.org/wiki/Texas","Active","","","","",""
"Delta Kappa Zeta","","Highpoint","https://en.wikipedia.org/wiki/High_Point,_North_Carolina","North Carolina","https://en.wikipedia.org/wiki/North_Carolina","Active","","","","",""
"Epsilon Kappa Zeta","","Lynchburg","https://en.wikipedia.org/wiki/Lynchburg,_Virginia","Virginia","https://en.wikipedia.org/wiki/Virginia","Active","","","","",""
"Zeta Kappa Zeta","","Texarkana","https://en.wikipedia.org/wiki/Texarkana,_Texas","Texas","https://en.wikipedia.org/wiki/Texas","Active","","","","",""
"Eta Kappa Zeta","","East St. Louis","https://en.wikipedia.org/wiki/East_St._Louis,_Illinois","Illinois","https://en.wikipedia.org/wiki/Illinois","Active","","","","",""
"Theta Kappa Zeta","","Anniston","https://en.wikipedia.org/wiki/Anniston,_Alabama","Alabama","https://en.wikipedia.org/wiki/Alabama","Active","40","https://en.wikipedia.org/wiki/List_of_Zeta_Phi_Beta_chapters#cite_note-:11-66","[","]",""
"Iota Kappa Zeta","","Tennessee","https://en.wikipedia.org/wiki/Tennessee","","","Active","","","","",""
"","","","","","","Inactive","","","","","Kappa Kappa Zeta"
"Lambda Kappa Zeta","","Hattiesburg","https://en.wikipedia.org/wiki/Hattiesburg,_Mississippi","Mississippi","https://en.wikipedia.org/wiki/Mississippi","Active","223","https://en.wikipedia.org/wiki/List_of_Zeta_Phi_Beta_chapters#cite_note-:31-275","[","]",""
"Mu Kappa Zeta","September 24, 1983","Marion","https://en.wikipedia.org/wiki/Marion,_South_Carolina","South Carolina","https://en.wikipedia.org/wiki/South_Carolina","Active","","","","",""
"Nu Kappa Zeta","","Vicksburg","https://en.wikipedia.org/wiki/Vicksburg,_Mississippi","Mississippi","https://en.wikipedia.org/wiki/Mississippi","Active","223","https://en.wikipedia.org/wiki/List_of_Zeta_Phi_Beta_chapters#cite_note-:31-275","[","]",""
"Xi Kappa Zeta","November 17, 1988","Colorado Springs","https://en.wikipedia.org/wiki/Colorado_Springs,_Colorado","Colorado","https://en.wikipedia.org/wiki/Colorado","Active","289","https://en.wikipedia.org/wiki/List_of_Zeta_Phi_Beta_chapters#cite_note-346","[","]",""
"Omicron Kappa Zeta","October 5, 1991","College Park","https://en.wikipedia.org/wiki/College_Park,_Georgia","Georgia","https://en.wikipedia.org/wiki/Georgia_(U.S._state)","Active","290","https://en.wikipedia.org/wiki/List_of_Zeta_Phi_Beta_chapters#cite_note-347","[","]",""
"Pi Kappa Zeta","","Burlington","https://en.wikipedia.org/wiki/Burlington,_North_Carolina","North Carolina","https://en.wikipedia.org/wiki/North_Carolina","Active","","","","",""
"Rho Kappa Zeta","September 25, 1999","St. Andrews","https://en.wikipedia.org/wiki/St._Andrews,_South_Carolina","Columbia","https://en.wikipedia.org/wiki/Columbia,_South_Carolina","Active","291","https://en.wikipedia.org/wiki/List_of_Zeta_Phi_Beta_chapters#cite_note-348","[","]","West Columbia"
"Sigma Kappa Zeta","September 7, 2001","Brooklyn","https://en.wikipedia.org/wiki/Brooklyn","New York","https://en.wikipedia.org/wiki/New_York_(state)","Active","292","https://en.wikipedia.org/wiki/List_of_Zeta_Phi_Beta_chapters#cite_note-349","[","]",""
"Tau Kappa Zeta","October 18, 2003","Slidell","https://en.wikipedia.org/wiki/Slidell,_Louisiana","Louisiana","https://en.wikipedia.org/wiki/Louisiana","Active","293","https://en.wikipedia.org/wiki/List_of_Zeta_Phi_Beta_chapters#cite_note-350","[","]",""
"Upsilon Kappa Zeta","April 6, 2005","Bloomington","https://en.wikipedia.org/wiki/Bloomington,_Indiana","Indiana","https://en.wikipedia.org/wiki/Indiana","Active","294","https://en.wikipedia.org/wiki/List_of_Zeta_Phi_Beta_chapters#cite_note-351","[","]",""
"Phi Kappa Zeta","December 5, 2007","Woodbridge","https://en.wikipedia.org/wiki/Woodbridge,_Virginia","Virginia","https://en.wikipedia.org/wiki/Virginia","Active","295","https://en.wikipedia.org/wiki/List_of_Zeta_Phi_Beta_chapters#cite_note-352","[","]",""
"Chi Kappa Zeta","","Benton Harbor","https://en.wikipedia.org/wiki/Benton_Harbor,_Michigan","Michigan","https://en.wikipedia.org/wiki/Michigan","Active","225","https://en.wikipedia.org/wiki/List_of_Zeta_Phi_Beta_chapters#cite_note-:28-277","[","]",""
"Psi Kappa Zeta","","Warrensburg","https://en.wikipedia.org/wiki/Warrensburg,_Missouri","Missiouri","https://en.wikipedia.org/wiki/Missouri","Active","","","","",""
"Omega Kappa Zeta","April 12, 2012","Stockton","https://en.wikipedia.org/wiki/Stockton,_California","San Joaquin County","https://en.wikipedia.org/wiki/San_Joaquin_County,_California","Active","265","https://en.wikipedia.org/wiki/List_of_Zeta_Phi_Beta_chapters#cite_note-:12-318","[","]","Contra Costa County"
"","February 24, 1940","Muskogee","https://en.wikipedia.org/wiki/Muskogee,_Oklahoma","Oklahoma","https://en.wikipedia.org/wiki/Oklahoma","Inactive","19","https://en.wikipedia.org/wiki/List_of_Zeta_Phi_Beta_chapters#cite_note-:3-24","[","]","Alpha Lambda Zeta"
"Beta Lambda Zeta","December 22, 1945","Asheville","https://en.wikipedia.org/wiki/Asheville,_North_Carolina","Hendersonville","https://en.wikipedia.org/wiki/Hendersonville,_North_Carolina","Active","297","https://en.wikipedia.org/wiki/List_of_Zeta_Phi_Beta_chapters#cite_note-354","[","]","North Carolina"
"Gamma Lambda Zeta","","Volusia County","https://en.wikipedia.org/wiki/Volusia_County,_Florida","Daytona Beach","https://en.wikipedia.org/wiki/Daytona_Beach,_Florida","Active","171","https://en.wikipedia.org/wiki/List_of_Zeta_Phi_Beta_chapters#cite_note-:22-222","[","]","Florida"
"Delta Lambda Zeta","","Tifton","https://en.wikipedia.org/wiki/Tifton,_Georgia","Georgia","https://en.wikipedia.org/wiki/Georgia_(U.S._state)","Active","","","","",""
"Epsilon Lambda Zeta","","Prairie View","https://en.wikipedia.org/wiki/Prairie_View,_Texas","Texas","https://en.wikipedia.org/wiki/Texas","Active","","","","",""
"Zeta Lambda Zeta","","Laurens","https://en.wikipedia.org/wiki/Laurens,_South_Carolina","South Carolina","https://en.wikipedia.org/wiki/South_Carolina","Active","","","","",""
"Eta Lambda Zeta","","Mount Clemens","https://en.wikipedia.org/wiki/Mount_Clemens,_Michigan","Michigan","https://en.wikipedia.org/wiki/Michigan","Active","225","https://en.wikipedia.org/wiki/List_of_Zeta_Phi_Beta_chapters#cite_note-:28-277","[","]",""
"","","Illinois","https://en.wikipedia.org/wiki/Illinois","","","Inactive","298","https://en.wikipedia.org/wiki/List_of_Zeta_Phi_Beta_chapters#cite_note-355","[","]","Theta Lambda Zeta"
"Iota Lambda Zeta","April 7, 1979","Aiken","https://en.wikipedia.org/wiki/Aiken,_South_Carolina","South Carolina","https://en.wikipedia.org/wiki/South_Carolina","Active","299","https://en.wikipedia.org/wiki/List_of_Zeta_Phi_Beta_chapters#cite_note-356","[","]",""
"Kappa Lambda Zeta","","Lexington","https://en.wikipedia.org/wiki/Lexington,_Kentucky","Kentucky","https://en.wikipedia.org/wiki/Kentucky","Active","","","","",""
"Lambda Lambda Zeta","February 1, 1982","Pittsburgh","https://en.wikipedia.org/wiki/Pittsburgh","Pennsylvania","https://en.wikipedia.org/wiki/Pennsylvania","Active","","","","",""
"Mu Lambda Zeta","September 12, 1983","Jacksonville","https://en.wikipedia.org/wiki/Jacksonville,_North_Carolina","North Carolina","https://en.wikipedia.org/wiki/North_Carolina","Active","","","","",""
"","","","","","","Inactive","","","","","Nu Lambda Zeta"
"","","Richmond","https://en.wikipedia.org/wiki/Richmond,_California","California","https://en.wikipedia.org/wiki/California","Inactive","265","https://en.wikipedia.org/wiki/List_of_Zeta_Phi_Beta_chapters#cite_note-:12-318","[","]","Xi Lambda Zeta"
"","","","","","","Inactive","","","","","Omicron Lambda Zeta"
"Pi Lambda Zeta","May 17, 1996","New Haven County","https://en.wikipedia.org/wiki/New_Haven_County,_Connecticut","Bridgeport","https://en.wikipedia.org/wiki/Bridgeport,_Connecticut","Active","","","","","Connecticut"
"Rho Lambda Zeta","","SeaTac","https://en.wikipedia.org/wiki/SeaTac,_Washington","Washington","https://en.wikipedia.org/wiki/Washington_(state)","Active","","","","",""
"Sigma Lambda Zeta","","Columbus","https://en.wikipedia.org/wiki/Columbus,_Georgia","Georgia","https://en.wikipedia.org/wiki/Georgia_(U.S._state)","Active","","","","",""
"","","","","","","Inactive","","","","","Tau Lambda Zeta"
"Upsilon Lambda Zeta","","Bowling Green","https://en.wikipedia.org/wiki/Bowling_Green,_Kentucky","Kentucky","https://en.wikipedia.org/wiki/Kentucky","Active","","","","",""
"Phi Lambda Zeta","","West Point","https://en.wikipedia.org/wiki/West_Point,_Mississippi","Mississippi","https://en.wikipedia.org/wiki/Mississippi","Active","223","https://en.wikipedia.org/wiki/List_of_Zeta_Phi_Beta_chapters#cite_note-:31-275","[","]",""
"Chi Lambda Zeta","February 6, 2009","Bartlett","https://en.wikipedia.org/wiki/Bartlett,_Tennessee","Tennessee","https://en.wikipedia.org/wiki/Tennessee","Active","300","https://en.wikipedia.org/wiki/List_of_Zeta_Phi_Beta_chapters#cite_note-357","[","]",""
"Psi Lambda Zeta","","Prattville","https://en.wikipedia.org/wiki/Prattville,_Alabama","Alabama","https://en.wikipedia.org/wiki/Alabama","Active","","","","",""
"Omega Lambda Zeta","","Rancho Cordova","https://en.wikipedia.org/wiki/Rancho_Cordova,_California","California","https://en.wikipedia.org/wiki/California","Active","","","","",""
"Alpha Mu Zeta","May 18, 1940","Little Rock","https://en.wikipedia.org/wiki/Little_Rock,_Arkansas","Arkansas","https://en.wikipedia.org/wiki/Arkansas","Active","301","https://en.wikipedia.org/wiki/List_of_Zeta_Phi_Beta_chapters#cite_note-358","[","]",""
"Beta Mu Zeta","April 7, 1956","Gastonia","https://en.wikipedia.org/wiki/Gastonia,_North_Carolina","North Carolina","https://en.wikipedia.org/wiki/North_Carolina","Active","302","https://en.wikipedia.org/wiki/List_of_Zeta_Phi_Beta_chapters#cite_note-359","[","]",""
"Gamma Mu Zeta","May 1, 1948","Spartanburg","https://en.wikipedia.org/wiki/Spartanburg,_South_Carolina","South Carolina","https://en.wikipedia.org/wiki/South_Carolina","Active","303","https://en.wikipedia.org/wiki/List_of_Zeta_Phi_Beta_chapters#cite_note-360","[","]",""
"Delta Mu Zeta","June 30, 1950","Manhattan","https://en.wikipedia.org/wiki/Manhattan","New York","https://en.wikipedia.org/wiki/New_York_(state)","Active","103","https://en.wikipedia.org/wiki/List_of_Zeta_Phi_Beta_chapters#cite_note-:17-139","[","]",""
"","","Moultrie","https://en.wikipedia.org/wiki/Moultrie,_Georgia","Georgia","https://en.wikipedia.org/wiki/Georgia_(U.S._state)","Inactive","196","https://en.wikipedia.org/wiki/List_of_Zeta_Phi_Beta_chapters#cite_note-:23-247","[","]","Epsilon Mu Zeta"
"Zeta Mu Zeta","","Putnam County","https://en.wikipedia.org/wiki/Putnam_County,_Florida","Hastings","https://en.wikipedia.org/wiki/Hastings,_Florida","Active","","","","","Florida"
"Eta Mu Zeta","March 4, 1972","Tacoma","https://en.wikipedia.org/wiki/Tacoma,_Washington","Washington","https://en.wikipedia.org/wiki/Washington_(state)","Active","305","https://en.wikipedia.org/wiki/List_of_Zeta_Phi_Beta_chapters#cite_note-362","[","]",""
"Theta Mu Zeta","May 22, 1976","Longview","https://en.wikipedia.org/wiki/Longview,_Texas","Texas","https://en.wikipedia.org/wiki/Texas","Active","306","https://en.wikipedia.org/wiki/List_of_Zeta_Phi_Beta_chapters#cite_note-363","[","]",""
"Iota Mu Zeta","","Hartsville","https://en.wikipedia.org/wiki/Hartsville,_South_Carolina","South Carolina","https://en.wikipedia.org/wiki/South_Carolina","Active","","","","",""
"","","","","","","Inactive","","","","","Lambda Mu Zeta"
"Mu Mu Zeta","","Tupelo","https://en.wikipedia.org/wiki/Tupelo,_Mississippi","Mississippi","https://en.wikipedia.org/wiki/Mississippi","Active","223","https://en.wikipedia.org/wiki/List_of_Zeta_Phi_Beta_chapters#cite_note-:31-275","[","]",""
"Nu Mu Zeta","December 31, 1986","Des Moines","https://en.wikipedia.org/wiki/Des_Moines,_Iowa","Iowa","https://en.wikipedia.org/wiki/Iowa","Active","19","https://en.wikipedia.org/wiki/List_of_Zeta_Phi_Beta_chapters#cite_note-:3-24","[","]",""
"Xi Mu Zeta","","Markham","https://en.wikipedia.org/wiki/Markham,_Illinois","Illinois","https://en.wikipedia.org/wiki/Illinois","Active","307","https://en.wikipedia.org/wiki/List_of_Zeta_Phi_Beta_chapters#cite_note-364","[","]",""
"","","","","","","Inactive","","","","","Omicron Mu Zeta"
"","","","","","","Inactive","","","","","Pi Mu Zeta"
"Rho Mu Zeta","October 15, 1999","Clarksville","https://en.wikipedia.org/wiki/Clarksville,_Tennessee","Tennessee","https://en.wikipedia.org/wiki/Tennessee","Active","308","https://en.wikipedia.org/wiki/List_of_Zeta_Phi_Beta_chapters#cite_note-365","[","]",""
"Sigma Mu Zeta","December 20, 2001","Stone Mountain","https://en.wikipedia.org/wiki/Stone_Mountain","Georgia","https://en.wikipedia.org/wiki/Georgia_(U.S._state)","Active","309","https://en.wikipedia.org/wiki/List_of_Zeta_Phi_Beta_chapters#cite_note-366","[","]",""
"","","Suisun City","https://en.wikipedia.org/wiki/Suisun_City,_California","California","https://en.wikipedia.org/wiki/California","Inactive","","","","","Tau Mu Zeta"
"Upsilon Mu Zeta","October 22, 2005","LaPlace","https://en.wikipedia.org/wiki/LaPlace,_Louisiana","Louisiana","https://en.wikipedia.org/wiki/Louisiana","Active","310","https://en.wikipedia.org/wiki/List_of_Zeta_Phi_Beta_chapters#cite_note-367","[","]",""
"Phi Mu Zeta","","Pomona Valley","https://en.wikipedia.org/wiki/Pomona_Valley","Rancho Cucamonga","https://en.wikipedia.org/wiki/Rancho_Cucamonga,_California","Active","265","https://en.wikipedia.org/wiki/List_of_Zeta_Phi_Beta_chapters#cite_note-:12-318","[","]","California"
"Chi Mu Zeta","","West Park","https://en.wikipedia.org/wiki/West_Park,_Florida","Florida","https://en.wikipedia.org/wiki/Florida","Active","","","","",""
"Psi Mu Zeta","September 12, 2010","Charlotte","https://en.wikipedia.org/wiki/Charlotte,_North_Carolina","North Carolina","https://en.wikipedia.org/wiki/North_Carolina","Active","311","https://en.wikipedia.org/wiki/List_of_Zeta_Phi_Beta_chapters#cite_note-368","[","]",""
"Omega Mu Zeta","","Middlesex County","https://en.wikipedia.org/wiki/Middlesex_County,_New_Jersey","New Jersey","https://en.wikipedia.org/wiki/New_Jersey","Active","242","https://en.wikipedia.org/wiki/List_of_Zeta_Phi_Beta_chapters#cite_note-:15-294","[","]",""
"","","","","","","Inactive","","","","","Alpha Nu Zeta"
"Beta Nu Zeta","November 24, 1945","Greensboro","https://en.wikipedia.org/wiki/Greensboro,_North_Carolina","North Carolina","https://en.wikipedia.org/wiki/North_Carolina","Active","","","","",""
"Gamma Nu Zeta","March 25, 1948","Camden","https://en.wikipedia.org/wiki/Camden,_New_Jersey","Camden County","https://en.wikipedia.org/wiki/Camden_County,_New_Jersey","Active","33","https://en.wikipedia.org/wiki/List_of_Zeta_Phi_Beta_chapters#cite_note-:19-48","[","]","New Jersey"
"Delta Nu Zeta","","Meridian","https://en.wikipedia.org/wiki/Meridian,_Mississippi","Mississippi","https://en.wikipedia.org/wiki/Mississippi","Active","223","https://en.wikipedia.org/wiki/List_of_Zeta_Phi_Beta_chapters#cite_note-:31-275","[","]",""
"Epsilon Nu Zeta","","Leesburg","https://en.wikipedia.org/wiki/Leesburg,_Florida","Tavares","https://en.wikipedia.org/wiki/Tavares,_Florida","Active","","","","","Eustis"
"Zeta Nu Zeta","","Inkster","https://en.wikipedia.org/wiki/Inkster,_Michigan","Michigan","https://en.wikipedia.org/wiki/Michigan","Active","225","https://en.wikipedia.org/wiki/List_of_Zeta_Phi_Beta_chapters#cite_note-:28-277","[","]",""
"Eta Nu Zeta","October 23, 1972","Broward County","https://en.wikipedia.org/wiki/Broward_County,_Florida","Florida","https://en.wikipedia.org/wiki/Florida","Active","313","https://en.wikipedia.org/wiki/List_of_Zeta_Phi_Beta_chapters#cite_note-370","[","]",""
"Theta Nu Zeta","","Jefferson City","https://en.wikipedia.org/wiki/Jefferson_City,_Missouri","Missiouri","https://en.wikipedia.org/wiki/Missouri","Active","","","","",""
"Iota Nu Zeta","","Elizabeth City","https://en.wikipedia.org/wiki/Elizabeth_City,_North_Carolina","North Carolina","https://en.wikipedia.org/wiki/North_Carolina","Active","","","","",""
"","","Warren","https://en.wikipedia.org/wiki/Warren,_Ohio","Ohio","https://en.wikipedia.org/wiki/Ohio","Inactive","","","","","Kappa Nu Zeta"
"Lambda Nu Zeta","August 15, 1982","Summerville","https://en.wikipedia.org/wiki/Summerville,_South_Carolina","Ridgeville","https://en.wikipedia.org/wiki/Ridgeville,_South_Carolina","Active","314","https://en.wikipedia.org/wiki/List_of_Zeta_Phi_Beta_chapters#cite_note-371","[","]","South Carolina"
"","","","","","","Inactive","","","","","Mu Nu Zeta"
"","","","","","","Inactive","","","","","Nu Nu Zeta"
"Xi Nu Zeta","March 10, 1989","Midwest City","https://en.wikipedia.org/wiki/Midwest_City,_Oklahoma","Oklahoma","https://en.wikipedia.org/wiki/Oklahoma","Active","107","https://en.wikipedia.org/wiki/List_of_Zeta_Phi_Beta_chapters#cite_note-:4-143","[","]",""
"Omicron Nu Zeta","March 23, 1992","New Orleans","https://en.wikipedia.org/wiki/New_Orleans","Louisiana","https://en.wikipedia.org/wiki/Louisiana","Active","315","https://en.wikipedia.org/wiki/List_of_Zeta_Phi_Beta_chapters#cite_note-372","[","]",""
"","","","","","","Inactive","","","","","Pi Nu Zeta"
"Rho Nu Zeta","","Kosciusko","https://en.wikipedia.org/wiki/Kosciusko,_Mississippi","Mississippi","https://en.wikipedia.org/wiki/Mississippi","Active","223","https://en.wikipedia.org/wiki/List_of_Zeta_Phi_Beta_chapters#cite_note-:31-275","[","]",""
"Sigma Nu Zeta","","Harlem","https://en.wikipedia.org/wiki/Harlem","New York","https://en.wikipedia.org/wiki/New_York_(state)","Active","103","https://en.wikipedia.org/wiki/List_of_Zeta_Phi_Beta_chapters#cite_note-:17-139","[","]",""
"Tau Nu Zeta","","Monroe","https://en.wikipedia.org/wiki/Monroe,_North_Carolina","North Carolina","https://en.wikipedia.org/wiki/North_Carolina","Active","","","","",""
"Upsilon Nu Zeta","October 29, 2005","Lancaster","https://en.wikipedia.org/wiki/Lancaster,_Texas","Texas","https://en.wikipedia.org/wiki/Texas","Active","316","https://en.wikipedia.org/wiki/List_of_Zeta_Phi_Beta_chapters#cite_note-373","[","]",""
"Phi Nu Zeta","February 11, 2008","Florissant","https://en.wikipedia.org/wiki/Florissant,_Missouri","Missiouri","https://en.wikipedia.org/wiki/Missouri","Active","317","https://en.wikipedia.org/wiki/List_of_Zeta_Phi_Beta_chapters#cite_note-374","[","]",""
"Chi Nu Zeta","April 19, 2009","Vidalia","https://en.wikipedia.org/wiki/Vidalia,_Georgia","Louisiana","https://en.wikipedia.org/wiki/Louisiana","Active","","","","",""
"","","","","","","Inactive","","","","","Psi Nu Zeta"
"Omega Nu Zeta","","Marion","https://en.wikipedia.org/wiki/Marion,_Arkansas","Arkansas","https://en.wikipedia.org/wiki/Arkansas","Active","","","","",""
"Alpha Xi Zeta","","Tuskegee","https://en.wikipedia.org/wiki/Tuskegee,_Alabama","Alabama","https://en.wikipedia.org/wiki/Alabama","Active","","","","",""
"Beta Xi Zeta","","Moss Point","https://en.wikipedia.org/wiki/Moss_Point,_Mississippi","Mississippi","https://en.wikipedia.org/wiki/Mississippi","Active","223","https://en.wikipedia.org/wiki/List_of_Zeta_Phi_Beta_chapters#cite_note-:31-275","[","]",""
"Gamma Xi Zeta","","Elmsford","https://en.wikipedia.org/wiki/Elmsford,_New_York","Westchester County","https://en.wikipedia.org/wiki/Westchester_County,_New_York","Active","103","https://en.wikipedia.org/wiki/List_of_Zeta_Phi_Beta_chapters#cite_note-:17-139","[","]","New York"
"Delta Xi Zeta","","Rock Hill","https://en.wikipedia.org/wiki/Rock_Hill,_South_Carolina","South Carolina","https://en.wikipedia.org/wiki/South_Carolina","Active","","","","",""
"Epsilon Xi Zeta","May 27, 1954","Mercer County","https://en.wikipedia.org/wiki/Mercer_County,_New_Jersey","New Jersey","https://en.wikipedia.org/wiki/New_Jersey","Active","242","https://en.wikipedia.org/wiki/List_of_Zeta_Phi_Beta_chapters#cite_note-:15-294","[","]",""
"Zeta Xi Zeta","May 1965","Toledo","https://en.wikipedia.org/wiki/Toledo,_Ohio","Ohio","https://en.wikipedia.org/wiki/Ohio","Active","","","","",""
"Eta Xi Zeta","June 2016","Ardmore","https://en.wikipedia.org/wiki/Ardmore,_Oklahoma","Oklahoma","https://en.wikipedia.org/wiki/Oklahoma","Active","107","https://en.wikipedia.org/wiki/List_of_Zeta_Phi_Beta_chapters#cite_note-:4-143","[","]",""
"Theta Xi Zeta","June 1976","LaGrange","https://en.wikipedia.org/wiki/LaGrange,_Georgia","Georgia","https://en.wikipedia.org/wiki/Georgia_(U.S._state)","Active","","","","",""
"Iota Xi Zeta","","Lake City","https://en.wikipedia.org/wiki/Lake_City,_South_Carolina","South Carolina","https://en.wikipedia.org/wiki/South_Carolina","Active","","","","",""
"Kappa Xi Zeta","","Syracuse","https://en.wikipedia.org/wiki/Syracuse,_New_York","New York","https://en.wikipedia.org/wiki/New_York_(state)","Active","","","","",""
"Lambda Xi Zeta","","Gulfport","https://en.wikipedia.org/wiki/Gulfport,_Mississippi","Mississippi","https://en.wikipedia.org/wiki/Mississippi","Active","223","https://en.wikipedia.org/wiki/List_of_Zeta_Phi_Beta_chapters#cite_note-:31-275","[","]",""
"Mu Xi Zeta","October 1, 1983","Baltimore County","https://en.wikipedia.org/wiki/Baltimore_County,_Maryland","Maryland","https://en.wikipedia.org/wiki/Maryland","Active","220","https://en.wikipedia.org/wiki/List_of_Zeta_Phi_Beta_chapters#cite_note-:13-272","[","]",""
"Nu Xi Zeta","November 29, 1986","Alexandria","https://en.wikipedia.org/wiki/Alexandria,_Virginia","Virginia","https://en.wikipedia.org/wiki/Virginia","Active","","","","",""
"Xi Xi Zeta","March 15, 1989","Lithonia","https://en.wikipedia.org/wiki/Lithonia,_Georgia","Georgia","https://en.wikipedia.org/wiki/Georgia_(U.S._state)","Active","320","https://en.wikipedia.org/wiki/List_of_Zeta_Phi_Beta_chapters#cite_note-377","[","]",""
"Omicron Xi Zeta","","Williamsburg","https://en.wikipedia.org/wiki/Williamsburg,_Virginia","Virginia","https://en.wikipedia.org/wiki/Virginia","Active","","","","",""
"Pi Xi Zeta","","Spokane","https://en.wikipedia.org/wiki/Spokane,_Washington","Washington","https://en.wikipedia.org/wiki/Washington_(state)","Active","","","","",""
"Rho Xi Zeta","November 6, 1999","Kennesaw","https://en.wikipedia.org/wiki/Kennesaw,_Georgia","Georgia","https://en.wikipedia.org/wiki/Georgia_(U.S._state)","Active","321","https://en.wikipedia.org/wiki/List_of_Zeta_Phi_Beta_chapters#cite_note-378","[","]",""
"Sigma Xi Zeta","","Morrisville","https://en.wikipedia.org/wiki/Morrisville,_North_Carolina","North Carolina","https://en.wikipedia.org/wiki/North_Carolina","Active","","","","",""
"Tau Xi Zeta","April 4, 2004","Forest Park","https://en.wikipedia.org/wiki/Forest_Park,_Illinois","Illinois","https://en.wikipedia.org/wiki/Illinois","Active","322","https://en.wikipedia.org/wiki/List_of_Zeta_Phi_Beta_chapters#cite_note-379","[","]",""
"Upsilon Xi Zeta","","Plymouth","https://en.wikipedia.org/wiki/Plymouth,_North_Carolina","North Carolina","https://en.wikipedia.org/wiki/North_Carolina","Active","","","","",""
"Phi Xi Zeta","","Coral Springs","https://en.wikipedia.org/wiki/Coral_Springs,_Florida","Florida","https://en.wikipedia.org/wiki/Florida","Active","","","","",""
"Chi Xi Zeta","June 7, 2009","Clayton","https://en.wikipedia.org/wiki/Clayton,_North_Carolina","North Carolina","https://en.wikipedia.org/wiki/North_Carolina","Active","323","https://en.wikipedia.org/wiki/List_of_Zeta_Phi_Beta_chapters#cite_note-380","[","]",""
"Psi Xi Zeta","","Camden","https://en.wikipedia.org/wiki/Camden,_North_Carolina","North Carolina","https://en.wikipedia.org/wiki/North_Carolina","Active","","","","",""
"Omega Xi Zeta","","Wetumpka","https://en.wikipedia.org/wiki/Wetumpka,_Alabama","Alabama","https://en.wikipedia.org/wiki/Alabama","Active","","","","",""
"Alpha Omicron Zeta","February 8, 1941","Orangeburg","https://en.wikipedia.org/wiki/Orangeburg,_South_Carolina","South Carolina","https://en.wikipedia.org/wiki/South_Carolina","Active","34","https://en.wikipedia.org/wiki/List_of_Zeta_Phi_Beta_chapters#cite_note-:27-50","[","]",""
"Beta Omicron Zeta","","Detroit","https://en.wikipedia.org/wiki/Detroit","Michigan","https://en.wikipedia.org/wiki/Michigan","Active","225","https://en.wikipedia.org/wiki/List_of_Zeta_Phi_Beta_chapters#cite_note-:28-277","[","]",""
"Gamma Omicron Zeta","March 2, 1953","Essex County","https://en.wikipedia.org/wiki/Essex_County,_New_Jersey","New Jersey","https://en.wikipedia.org/wiki/New_Jersey","Active","242","https://en.wikipedia.org/wiki/List_of_Zeta_Phi_Beta_chapters#cite_note-:15-294","[","]",""
"Delta Omicron Zeta","May 1942","Boston","https://en.wikipedia.org/wiki/Boston","Massachusetts","https://en.wikipedia.org/wiki/Massachusetts","Active","325","https://en.wikipedia.org/wiki/List_of_Zeta_Phi_Beta_chapters#cite_note-382","[","]",""
"Epsilon Omicron Zeta","","Monroe","https://en.wikipedia.org/wiki/Monroe,_Louisiana","Louisiana","https://en.wikipedia.org/wiki/Louisiana","Active","","","","",""
"","","San Bernardino","https://en.wikipedia.org/wiki/San_Bernardino,_California","California","https://en.wikipedia.org/wiki/California","Inactive","196","https://en.wikipedia.org/wiki/List_of_Zeta_Phi_Beta_chapters#cite_note-:23-247","[","]","Zeta Omicron Zeta"
"Eta Omicron Zeta","March 17, 1972","Union County","https://en.wikipedia.org/wiki/Union_County,_New_Jersey","Middlesex County","https://en.wikipedia.org/wiki/Middlesex_County,_Massachusetts","Active","242","https://en.wikipedia.org/wiki/List_of_Zeta_Phi_Beta_chapters#cite_note-:15-294","[","]","New Jersey"
"Theta Omicron Zeta","","Los Vegas","https://en.wikipedia.org/wiki/Las_Vegas","Nevada","https://en.wikipedia.org/wiki/Nevada","Active","","","","",""
"Iota Omicron Zeta","","Belle Glade","https://en.wikipedia.org/wiki/Belle_Glade,_Florida","Pahokee","https://en.wikipedia.org/wiki/Pahokee,_Florida","Active","","","","","South Bay"
"","","","","","","Inactive","","","","","Kappa Omicron Zeta"
"Lambda Omicron Zeta","","Georgetown","https://en.wikipedia.org/wiki/Georgetown,_South_Carolina","South Carolina","https://en.wikipedia.org/wiki/South_Carolina","Active","","","","",""
"Mu Omicron Zeta","","Jackson County","https://en.wikipedia.org/wiki/Jackson_County,_Florida","Marianna","https://en.wikipedia.org/wiki/Marianna,_Florida","Active","171","https://en.wikipedia.org/wiki/List_of_Zeta_Phi_Beta_chapters#cite_note-:22-222","[","]","Florida"
"Nu Omicron Zeta","January 30, 1987","San Fernando Valley","https://en.wikipedia.org/wiki/San_Fernando_Valley","California","https://en.wikipedia.org/wiki/California","Active","326","https://en.wikipedia.org/wiki/List_of_Zeta_Phi_Beta_chapters#cite_note-383","[","]",""
"Omicron Omicron Zeta","May 1993","Gloucester County","https://en.wikipedia.org/wiki/Gloucester_County,_New_Jersey","New Jersey","https://en.wikipedia.org/wiki/New_Jersey","Active","242","https://en.wikipedia.org/wiki/List_of_Zeta_Phi_Beta_chapters#cite_note-:15-294","[","]",""
"Pi Omicron Zeta","January 16, 1997","Sykesville","https://en.wikipedia.org/wiki/Sykesville,_Maryland","Carroll County","https://en.wikipedia.org/wiki/Carroll_County,_Maryland","Active","220","https://en.wikipedia.org/wiki/List_of_Zeta_Phi_Beta_chapters#cite_note-:13-272","[","]","Maryland"
"Rho Omicron Zeta","January 1, 2000","Staten Island","https://en.wikipedia.org/wiki/Staten_Island","New York","https://en.wikipedia.org/wiki/New_York_(state)","Active","329","https://en.wikipedia.org/wiki/List_of_Zeta_Phi_Beta_chapters#cite_note-386","[","]",""
"Sigma Omicron Zeta","March 24, 2002","Lawrenceville","https://en.wikipedia.org/wiki/Lawrenceville,_Georgia","Georgia","https://en.wikipedia.org/wiki/Georgia_(U.S._state)","Active","330","https://en.wikipedia.org/wiki/List_of_Zeta_Phi_Beta_chapters#cite_note-387","[","]",""
"Tau Omicron Zeta","April 12, 2004","Hephzibah","https://en.wikipedia.org/wiki/Hephzibah,_Georgia","Georgia","https://en.wikipedia.org/wiki/Georgia_(U.S._state)","Active","","","","",""
"Upsilon Omicron Zeta","December 12, 2005","South Bend","https://en.wikipedia.org/wiki/South_Bend,_Indiana","Indiana","https://en.wikipedia.org/wiki/Indiana","Active","331","https://en.wikipedia.org/wiki/List_of_Zeta_Phi_Beta_chapters#cite_note-388","[","]",""
"Phi Omicron Zeta","March 7, 2008","Covington","https://en.wikipedia.org/wiki/Covington,_Georgia","Conyers","https://en.wikipedia.org/wiki/Conyers,_Georgia","Active","332","https://en.wikipedia.org/wiki/List_of_Zeta_Phi_Beta_chapters#cite_note-389","[","]","Georgia"
"Chi Omicron Zeta","","Virginia Beach","https://en.wikipedia.org/wiki/Virginia_Beach,_Virginia","Virginia","https://en.wikipedia.org/wiki/Virginia","Active","","","","",""
"Psi Omicron Zeta","November 6, 2010","Manassas","https://en.wikipedia.org/wiki/Manassas,_Virginia","Virginia","https://en.wikipedia.org/wiki/Virginia","Active","333","https://en.wikipedia.org/wiki/List_of_Zeta_Phi_Beta_chapters#cite_note-390","[","]",""
"Omega Omicron Zeta","December 2, 1912","Brevard County","https://en.wikipedia.org/wiki/Brevard_County,_Florida","Florida","https://en.wikipedia.org/wiki/Florida","Active","334","https://en.wikipedia.org/wiki/List_of_Zeta_Phi_Beta_chapters#cite_note-391","[","]",""
"Alpha Pi Zeta","February 27, 1939","San Antonio","https://en.wikipedia.org/wiki/San_Antonio","Texas","https://en.wikipedia.org/wiki/Texas","Active","335","https://en.wikipedia.org/wiki/List_of_Zeta_Phi_Beta_chapters#cite_note-392","[","]",""
"Beta Pi Zeta","October 15, 1946","Sumter","https://en.wikipedia.org/wiki/Sumter,_South_Carolina","South Carolina","https://en.wikipedia.org/wiki/South_Carolina","Active","","","","",""
"","","Martin","https://en.wikipedia.org/wiki/Marlin,_Texas","Texas","https://en.wikipedia.org/wiki/Texas","Inactive","196","https://en.wikipedia.org/wiki/List_of_Zeta_Phi_Beta_chapters#cite_note-:23-247","[","]","Gamma Pi Zeta"
"Delta Pi Zeta","","Ahoskie","https://en.wikipedia.org/wiki/Ahoskie,_North_Carolina","North Carolina","https://en.wikipedia.org/wiki/North_Carolina","Active","","","","",""
"","","Anniston","https://en.wikipedia.org/wiki/Anniston,_Alabama","Alabama","https://en.wikipedia.org/wiki/Alabama","Inactive","196","https://en.wikipedia.org/wiki/List_of_Zeta_Phi_Beta_chapters#cite_note-:23-247","[","]","Epsilon Pi Zeta"
"Zeta Pi Zeta","January 1965","Portsmouth","https://en.wikipedia.org/wiki/Portsmouth,_Virginia","Virginia","https://en.wikipedia.org/wiki/Virginia","Active","336","https://en.wikipedia.org/wiki/List_of_Zeta_Phi_Beta_chapters#cite_note-393","[","]",""
"Eta Pi Zeta","November 11, 1973","Silver Spring","https://en.wikipedia.org/wiki/Silver_Spring,_Maryland","Montgomery County","https://en.wikipedia.org/wiki/Montgomery_County,_Maryland","Active","220","https://en.wikipedia.org/wiki/List_of_Zeta_Phi_Beta_chapters#cite_note-:13-272","[","]","Maryland"
"Theta Pi Zeta","","Itta Bena","https://en.wikipedia.org/wiki/Itta_Bena,_Mississippi","Mississippi","https://en.wikipedia.org/wiki/Mississippi","Active","223","https://en.wikipedia.org/wiki/List_of_Zeta_Phi_Beta_chapters#cite_note-:31-275","[","]",""
"Iota Pi Zeta","June 23, 1979","Poughkeepsie","https://en.wikipedia.org/wiki/Poughkeepsie,_New_York","New York","https://en.wikipedia.org/wiki/New_York_(state)","Active","338","https://en.wikipedia.org/wiki/List_of_Zeta_Phi_Beta_chapters#cite_note-395","[","]",""
"","","","","","","Inactive","","","","","Kappa Pi Zeta"
"Lambda Pi Zeta","","Carson","https://en.wikipedia.org/wiki/Carson,_California","California","https://en.wikipedia.org/wiki/California","Active","","","","",""
"Mu Pi Zeta","November 19, 1983","Beaufort","https://en.wikipedia.org/wiki/Beaufort,_South_Carolina","South Carolina","https://en.wikipedia.org/wiki/South_Carolina","Active","339","https://en.wikipedia.org/wiki/List_of_Zeta_Phi_Beta_chapters#cite_note-396","[","]",""
"Nu Pi Zeta","","Forest","https://en.wikipedia.org/wiki/Forest,_Mississippi","Mississippi","https://en.wikipedia.org/wiki/Mississippi","Active","223","https://en.wikipedia.org/wiki/List_of_Zeta_Phi_Beta_chapters#cite_note-:31-275","[","]",""
"Xi Pi Zeta","","Davenport","https://en.wikipedia.org/wiki/Davenport,_Iowa","Iowa","https://en.wikipedia.org/wiki/Iowa","Active","","","","",""
"Omicron Pi Zeta","June 26, 1993","Okaloosa County","https://en.wikipedia.org/wiki/Okaloosa_County,_Florida","Santa Rosa County","https://en.wikipedia.org/wiki/Santa_Rosa_County,_Florida","Active","","","","","Florida"
"Pi Pi Zeta","January 30, 1997","Henderson","https://en.wikipedia.org/wiki/Henderson,_Nevada","Nevada","https://en.wikipedia.org/wiki/Nevada","Active","","","","",""
"Rho Pi Zeta","","Liberty","https://en.wikipedia.org/wiki/Liberty,_Mississippi","Mississippi","https://en.wikipedia.org/wiki/Mississippi","Active","","","","",""
"Sigma Pi Zeta","","Detroit","https://en.wikipedia.org/wiki/Detroit","Michigan","https://en.wikipedia.org/wiki/Michigan","Active","225","https://en.wikipedia.org/wiki/List_of_Zeta_Phi_Beta_chapters#cite_note-:28-277","[","]",""
"Tau Pi Zeta","","Riverview","https://en.wikipedia.org/wiki/Riverview,_Florida","Florida","https://en.wikipedia.org/wiki/Florida","Active","","","","",""
"Upsilon Pi Zeta","","West Memphis","https://en.wikipedia.org/wiki/West_Memphis,_Arkansas","Arkansas","https://en.wikipedia.org/wiki/Arkansas","Active","","","","",""
"Phi Pi Zeta","","Douglasville","https://en.wikipedia.org/wiki/Douglasville,_Georgia","Georgia","https://en.wikipedia.org/wiki/Georgia_(U.S._state)","Active","340","https://en.wikipedia.org/wiki/List_of_Zeta_Phi_Beta_chapters#cite_note-397","[","]",""
"Chi Pi Zeta","May 19, 2009","Hinesville","https://en.wikipedia.org/wiki/Hinesville,_Georgia","Georgia","https://en.wikipedia.org/wiki/Georgia_(U.S._state)","Active","","","","",""
"Psi Pi Zeta","","Huntington","https://en.wikipedia.org/wiki/Huntington,_West_Virginia","West Virginia","https://en.wikipedia.org/wiki/West_Virginia","Active","","","","",""
"Omega Pi Zeta","November 9, 2012","Evanston","https://en.wikipedia.org/wiki/Evanston,_Illinois","Illinois","https://en.wikipedia.org/wiki/Illinois","Active","341","https://en.wikipedia.org/wiki/List_of_Zeta_Phi_Beta_chapters#cite_note-398","[","]",""
"Alpha Rho Zeta","","Montgomery","https://en.wikipedia.org/wiki/Montgomery,_Alabama","Alabama","https://en.wikipedia.org/wiki/Alabama","Active","","","","",""
"Beta Rho Zeta","","Fort Valley","https://en.wikipedia.org/wiki/Fort_Valley,_Georgia","Georgia","https://en.wikipedia.org/wiki/Georgia_(U.S._state)","Active","","","","",""
"Gamma Rho Zeta","","Manatee County","https://en.wikipedia.org/wiki/Manatee_County,_Florida","Sarasota County","https://en.wikipedia.org/wiki/Sarasota_County,_Florida","Active","","","","","Florida"
"Delta Rho Zeta","","Kinston","https://en.wikipedia.org/wiki/Kinston,_North_Carolina","North Carolina","https://en.wikipedia.org/wiki/North_Carolina","Active","","","","",""
"Epsilon Rho Zeta","","Bear","https://en.wikipedia.org/wiki/Bear,_Delaware","Delaware","https://en.wikipedia.org/wiki/Delaware","Active","","","","",""
"Zeta Rho Zeta","","Wilmington","https://en.wikipedia.org/wiki/Wilmington,_North_Carolina","North Carolina","https://en.wikipedia.org/wiki/North_Carolina","Active","","","","",""
"Eta Rho Zeta","","Lumpkin","https://en.wikipedia.org/wiki/Lumpkin,_Georgia","Georgia","https://en.wikipedia.org/wiki/Georgia_(U.S._state)","Active","","","","",""
"Theta Rho Zeta","","Lansing","https://en.wikipedia.org/wiki/Lansing,_Michigan","Michigan","https://en.wikipedia.org/wiki/Michigan","Active","225","https://en.wikipedia.org/wiki/List_of_Zeta_Phi_Beta_chapters#cite_note-:28-277","[","]",""
"","","","","","","Inactive","","","","","Iota Rho Zeta"
"Kappa Rho Zeta","","Highland Park","https://en.wikipedia.org/wiki/Highland_Park,_Michigan","Michigan","https://en.wikipedia.org/wiki/Michigan","Active","225","https://en.wikipedia.org/wiki/List_of_Zeta_Phi_Beta_chapters#cite_note-:28-277","[","]",""
"Lambda Rho Zeta","","Pontiac","https://en.wikipedia.org/wiki/Pontiac,_Michigan","Michigan","https://en.wikipedia.org/wiki/Michigan","Active","225","https://en.wikipedia.org/wiki/List_of_Zeta_Phi_Beta_chapters#cite_note-:28-277","[","]",""
"Mu Rho Zeta","February 6, 1984","Akron","https://en.wikipedia.org/wiki/Akron,_Ohio","Ohio","https://en.wikipedia.org/wiki/Ohio","Active","342","https://en.wikipedia.org/wiki/List_of_Zeta_Phi_Beta_chapters#cite_note-:39-399","[","]","Epsilon Upsilon Zeta first"
"","","","","","","Inactive","","","","","Nu Rho Zeta"
"Xi Rho Zeta","","Mountain Home","https://en.wikipedia.org/wiki/Mountain_Home,_Tennessee","Tennessee","https://en.wikipedia.org/wiki/Tennessee","Active","","","","",""
"Omicron Rho Zeta","","Inglewood","https://en.wikipedia.org/wiki/Inglewood,_California","California","https://en.wikipedia.org/wiki/California","Active","343","https://en.wikipedia.org/wiki/List_of_Zeta_Phi_Beta_chapters#cite_note-401","[","]",""
"Pi Rho Zeta","","Grand Rapids","https://en.wikipedia.org/wiki/Grand_Rapids,_Michigan","Michigan","https://en.wikipedia.org/wiki/Michigan","Active","225","https://en.wikipedia.org/wiki/List_of_Zeta_Phi_Beta_chapters#cite_note-:28-277","[","]",""
"Rho Rho Zeta","","Cumberland County","https://en.wikipedia.org/wiki/Cumberland_County,_New_Jersey","Salem County","https://en.wikipedia.org/wiki/Salem_County,_New_Jersey","Active","242","https://en.wikipedia.org/wiki/List_of_Zeta_Phi_Beta_chapters#cite_note-:15-294","[","]","New Jersey"
"Sigma Rho Zeta","June 1, 2002","Cary","https://en.wikipedia.org/wiki/Cary,_North_Carolina","North Carolina","https://en.wikipedia.org/wiki/North_Carolina","Active","344","https://en.wikipedia.org/wiki/List_of_Zeta_Phi_Beta_chapters#cite_note-402","[","]",""
"Tau Rho Zeta","","Conway","https://en.wikipedia.org/wiki/Conway,_Arkansas","Arkansas","https://en.wikipedia.org/wiki/Arkansas","Active","","","","",""
"Upsilon Rho Zeta","","Bamberg","https://en.wikipedia.org/wiki/Bamberg,_South_Carolina","South Carolina","https://en.wikipedia.org/wiki/South_Carolina","Active","","","","",""
"Phi Rho Zeta","","Roanoke Rapids","https://en.wikipedia.org/wiki/Roanoke_Rapids,_North_Carolina","North Carolina","https://en.wikipedia.org/wiki/North_Carolina","Active","","","","",""
"Chi Rho Zeta","","Sicklerville","https://en.wikipedia.org/wiki/Sicklerville,_New_Jersey","New Jersey","https://en.wikipedia.org/wiki/New_Jersey","Active","242","https://en.wikipedia.org/wiki/List_of_Zeta_Phi_Beta_chapters#cite_note-:15-294","[","]",""
"Psi Rho Zeta","","Forsyth","https://en.wikipedia.org/wiki/Forsyth,_Georgia","Georgia","https://en.wikipedia.org/wiki/Georgia_(U.S._state)","Active","","","","",""
"Omega Rho Zeta","December 1, 2012","Marana","https://en.wikipedia.org/wiki/Marana,_Arizona","Arizona","https://en.wikipedia.org/wiki/Arizona","Active","345","https://en.wikipedia.org/wiki/List_of_Zeta_Phi_Beta_chapters#cite_note-403","[","]",""
"Alpha Sigma Zeta","","Birmingham","https://en.wikipedia.org/wiki/Birmingham,_Alabama","Alabama","https://en.wikipedia.org/wiki/Alabama","Active","","","","",""
"Beta Sigma Zeta","","Tampa","https://en.wikipedia.org/wiki/Tampa,_Florida","Florida","https://en.wikipedia.org/wiki/Florida","Active","","","","",""
"Alpha Psi Zeta","","Los Angeles","https://en.wikipedia.org/wiki/Los_Angeles","California","https://en.wikipedia.org/wiki/California","Merged","28","https://en.wikipedia.org/wiki/List_of_Zeta_Phi_Beta_chapters#cite_note-:9-41","[","]","Gamma Sigma Zeta"
"","","Amarillo","https://en.wikipedia.org/wiki/Amarillo,_Texas","Texas","https://en.wikipedia.org/wiki/Texas","Inactive","196","https://en.wikipedia.org/wiki/List_of_Zeta_Phi_Beta_chapters#cite_note-:23-247","[","]","Gamma Sigma Zeta"
"Delta Sigma Zeta","September 21, 1974","Alachua County","https://en.wikipedia.org/wiki/Alachua_County,_Florida","Florida","https://en.wikipedia.org/wiki/Florida","Active","346","https://en.wikipedia.org/wiki/List_of_Zeta_Phi_Beta_chapters#cite_note-405","[","]",""
"","","","","","","Inactive","","","","","Epsilon Sigma Zeta"
"Zeta Sigma Zeta","April 17, 1966","Valdosta","https://en.wikipedia.org/wiki/Valdosta,_Georgia","Georgia","https://en.wikipedia.org/wiki/Georgia_(U.S._state)","Active","347","https://en.wikipedia.org/wiki/List_of_Zeta_Phi_Beta_chapters#cite_note-406","[","]",""
"Eta Sigma Zeta","March 23, 1974","Little Rock","https://en.wikipedia.org/wiki/Little_Rock,_Arkansas","Arkansas","https://en.wikipedia.org/wiki/Arkansas","Active","","","","",""
"Theta Sigma Zeta","","Cuthbert","https://en.wikipedia.org/wiki/Cuthbert,_Georgia","Georgia","https://en.wikipedia.org/wiki/Georgia_(U.S._state)","Active","","","","",""
"Iota Sigma Zeta","","New Bern","https://en.wikipedia.org/wiki/New_Bern,_North_Carolina","North Carolina","https://en.wikipedia.org/wiki/North_Carolina","Active","","","","",""
"Kappa Sigma Zeta","February 18, 1981","Springfield","https://en.wikipedia.org/wiki/Springfield,_Illinois","Illinois","https://en.wikipedia.org/wiki/Illinois","Active","348","https://en.wikipedia.org/wiki/List_of_Zeta_Phi_Beta_chapters#cite_note-407","[","]",""
"","","","","","","Inactive","","","","","Lambda Sigma Zeta"
"Mu Sigma Zeta","","San Diego","https://en.wikipedia.org/wiki/San_Diego","California","https://en.wikipedia.org/wiki/California","Active","","","","",""
"Nu Sigma Zeta","May 8, 1987","Harrisburg","https://en.wikipedia.org/wiki/Harrisburg,_Pennsylvania","Pennsylvania","https://en.wikipedia.org/wiki/Pennsylvania","Active","349","https://en.wikipedia.org/wiki/List_of_Zeta_Phi_Beta_chapters#cite_note-408","[","]",""
"Xi Sigma Zeta","","Forrest City","https://en.wikipedia.org/wiki/Forrest_City,_Arkansas","Arkansas","https://en.wikipedia.org/wiki/Arkansas","Active","","","","",""
"Omicron Sigma Zeta","September 5, 1993","Baton Rouge","https://en.wikipedia.org/wiki/Baton_Rouge,_Louisiana","Louisiana","https://en.wikipedia.org/wiki/Louisiana","Active","350","https://en.wikipedia.org/wiki/List_of_Zeta_Phi_Beta_chapters#cite_note-409","[","]",""
"Pi Sigma Zeta","August 6, 1997","Cincinnati","https://en.wikipedia.org/wiki/Cincinnati","Ohio","https://en.wikipedia.org/wiki/Ohio","Active","351","https://en.wikipedia.org/wiki/List_of_Zeta_Phi_Beta_chapters#cite_note-410","[","]",""
"Rho Sigma Zeta","","Erie","https://en.wikipedia.org/wiki/Erie,_Pennsylvania","Pennsylvania","https://en.wikipedia.org/wiki/Pennsylvania","Active","352","https://en.wikipedia.org/wiki/List_of_Zeta_Phi_Beta_chapters#cite_note-411","[","]",""
"","","Hudson County","https://en.wikipedia.org/wiki/Hudson_County,_New_Jersey","New Jersey","https://en.wikipedia.org/wiki/New_Jersey","Inactive","242","https://en.wikipedia.org/wiki/List_of_Zeta_Phi_Beta_chapters#cite_note-:15-294","[","]","Sigma Sigma Zeta"
"Tau Sigma Zeta","","Fresno","https://en.wikipedia.org/wiki/Fresno,_California","California","https://en.wikipedia.org/wiki/California","Active","","","","",""
"Upsilon Sigma Zeta","","Leesville","https://en.wikipedia.org/wiki/Leesville,_Louisiana","Louisiana","https://en.wikipedia.org/wiki/Louisiana","Active","","","","",""
"Phi Sigma Zeta","","Camilla","https://en.wikipedia.org/wiki/Camilla,_Georgia","Georgia","https://en.wikipedia.org/wiki/Georgia_(U.S._state)","Active","","","","",""
"Chi Sigma Zeta","","Johnson City","https://en.wikipedia.org/wiki/Johnson_City,_Tennessee","Tennessee","https://en.wikipedia.org/wiki/Tennessee","Active","","","","",""
"Psi Sigma Zeta","","Germantown","https://en.wikipedia.org/wiki/Germantown,_Tennessee","Tennessee","https://en.wikipedia.org/wiki/Tennessee","Active","","","","",""
"Omega Sigma Zeta","","Carthage","https://en.wikipedia.org/wiki/Carthage,_Mississippi","Mississippi","https://en.wikipedia.org/wiki/Mississippi","Active","223","https://en.wikipedia.org/wiki/List_of_Zeta_Phi_Beta_chapters#cite_note-:31-275","[","]",""
"Alpha Tau Zeta","","Galveston","https://en.wikipedia.org/wiki/Galveston,_Texas","Texas","https://en.wikipedia.org/wiki/Texas","Active","","","","",""
"Beta Tau Zeta","February 24, 1946","Miami","https://en.wikipedia.org/wiki/Miami","Miami-Dade County","https://en.wikipedia.org/wiki/Miami-Dade_County,_Florida","Active","353","https://en.wikipedia.org/wiki/List_of_Zeta_Phi_Beta_chapters#cite_note-412","[","]","Florida"
"Gamma Tau Zeta","November 20, 1948","Pensacola","https://en.wikipedia.org/wiki/Pensacola,_Florida","Florida","https://en.wikipedia.org/wiki/Florida","Active","","","","",""
"Delta Tau Zeta","","Kingstree","https://en.wikipedia.org/wiki/Kingstree,_South_Carolina","South Carolina","https://en.wikipedia.org/wiki/South_Carolina","Active","","","","",""
"Epsilon Tau Zeta","","Macon","https://en.wikipedia.org/wiki/Macon,_Georgia","Georgia","https://en.wikipedia.org/wiki/Georgia_(U.S._state)","Active","","","","",""
"Zeta Tau Zeta","June 20, 1966","Chicago","https://en.wikipedia.org/wiki/Chicago","Illinois","https://en.wikipedia.org/wiki/Illinois","Active","201","https://en.wikipedia.org/wiki/List_of_Zeta_Phi_Beta_chapters#cite_note-:41-252","[","]","Beta Iota Zeta first"
"","","","","","","Inactive","","","","","Eta Tau Zeta"
"","","","","","","Inactive","","","","","Theta Tau Zeta"
"Iota Tau Zeta","","Elloree","https://en.wikipedia.org/wiki/Elloree,_South_Carolina","South Carolina","https://en.wikipedia.org/wiki/South_Carolina","Active","","","","",""
"Kappa Tau Zeta","","Greenville","https://en.wikipedia.org/wiki/Greenville,_Mississippi","Mississippi","https://en.wikipedia.org/wiki/Mississippi","Active","223","https://en.wikipedia.org/wiki/List_of_Zeta_Phi_Beta_chapters#cite_note-:31-275","[","]",""
"","","","","","","Inactive","","","","","Lambda Tau Zeta"
"Mu Tau Zeta","April 26, 1984","Speedway","https://en.wikipedia.org/wiki/Speedway,_Indiana","Indiana","https://en.wikipedia.org/wiki/Indiana","Active","","","","",""
"Nu Tau Zeta","","Kernersville","https://en.wikipedia.org/wiki/Kernersville,_North_Carolina","North Carolina","https://en.wikipedia.org/wiki/North_Carolina","Active","","","","",""
"Xi Tau Zeta","","Atlantic County","https://en.wikipedia.org/wiki/Atlantic_County,_New_Jersey","New Jersey","https://en.wikipedia.org/wiki/New_Jersey","Active","242","https://en.wikipedia.org/wiki/List_of_Zeta_Phi_Beta_chapters#cite_note-:15-294","[","]",""
"","","","","","","Inactive","","","","","Omicron Tau Zeta"
"Pi Tau Zeta","","Tuscaloosa","https://en.wikipedia.org/wiki/Tuscaloosa,_Alabama","Alabama","https://en.wikipedia.org/wiki/Alabama","Active","","","","",""
"Rho Tau Zeta","April 14, 2000","Passaic County","https://en.wikipedia.org/wiki/Passaic_County,_New_Jersey","Morris County","https://en.wikipedia.org/wiki/Morris_County,_New_Jersey","Active","242","https://en.wikipedia.org/wiki/List_of_Zeta_Phi_Beta_chapters#cite_note-:15-294","[","]","New Jersey"
"Sigma Tau Zeta","","Lufkin","https://en.wikipedia.org/wiki/Lufkin,_Texas","Nacogdoches","https://en.wikipedia.org/wiki/Nacogdoches,_Texas","Active","","","","","Texas"
"Tau Tau Zeta","","Wake County","https://en.wikipedia.org/wiki/Wake_County,_North_Carolina","North Carolina","https://en.wikipedia.org/wiki/North_Carolina","Active","","","","",""
"Upsilon Tau Zeta","","Batesville","https://en.wikipedia.org/wiki/Batesville,_Mississippi","Mississippi","https://en.wikipedia.org/wiki/Mississippi","Active","223","https://en.wikipedia.org/wiki/List_of_Zeta_Phi_Beta_chapters#cite_note-:31-275","[","]",""
"Phi Tau Zeta","","Cheyenne","https://en.wikipedia.org/wiki/Cheyenne","Wyoming","https://en.wikipedia.org/wiki/Wyoming","Active","136","https://en.wikipedia.org/wiki/List_of_Zeta_Phi_Beta_chapters#cite_note-:21-176","[","]",""
"Chi Tau Zeta","","Leesburg","https://en.wikipedia.org/wiki/Leesburg,_Virginia","Virginia","https://en.wikipedia.org/wiki/Virginia","Active","","","","",""
"Psi Tau Zeta","","Carlsbad","https://en.wikipedia.org/wiki/Carlsbad,_California","California","https://en.wikipedia.org/wiki/California","Active","","","","",""
"Omega Tau Zeta","","Brandon","https://en.wikipedia.org/wiki/Brandon,_Mississippi","Mississippi","https://en.wikipedia.org/wiki/Mississippi","Active","223","https://en.wikipedia.org/wiki/List_of_Zeta_Phi_Beta_chapters#cite_note-:31-275","[","]",""
"Alpha Upsilon Zeta","February 16, 1942","Tallahassee","https://en.wikipedia.org/wiki/Tallahassee,_Florida","Leon County","https://en.wikipedia.org/wiki/Leon_County,_Florida","Active","282","https://en.wikipedia.org/wiki/List_of_Zeta_Phi_Beta_chapters#cite_note-:26-338","[","]","Florida"
"Beta Upsilon Zeta","","Dothan","https://en.wikipedia.org/wiki/Dothan,_Alabama","Alabama","https://en.wikipedia.org/wiki/Alabama","Active","","","","",""
"Gamma Upsilon Zeta","","Fayetteville","https://en.wikipedia.org/wiki/Fayetteville,_North_Carolina","North Carolina","https://en.wikipedia.org/wiki/North_Carolina","Active","","","","",""
"Delta Upsilon Zeta","","Waco","https://en.wikipedia.org/wiki/Waco,_Texas","Texas","https://en.wikipedia.org/wiki/Texas","Active","","","","",""
"Mu Rho Zeta","","Akron","https://en.wikipedia.org/wiki/Akron,_Ohio","Ohio","https://en.wikipedia.org/wiki/Ohio","Reassigned","342","https://en.wikipedia.org/wiki/List_of_Zeta_Phi_Beta_chapters#cite_note-:39-399","[","]","Epsilon Upsilon Zeta first"
"Epsilon Upsilon Zeta","","Talladega","https://en.wikipedia.org/wiki/Talladega,_Alabama","Alabama","https://en.wikipedia.org/wiki/Alabama","Active","","","","",""
"Zeta Upsilon Zeta","","Holly Springs","https://en.wikipedia.org/wiki/Holly_Springs,_Mississippi","Mississippi","https://en.wikipedia.org/wiki/Mississippi","Active","223","https://en.wikipedia.org/wiki/List_of_Zeta_Phi_Beta_chapters#cite_note-:31-275","[","]",""
"Eta Upsilon Zeta","October 11, 1974","Fort Wayne","https://en.wikipedia.org/wiki/Fort_Wayne,_Indiana","Indiana","https://en.wikipedia.org/wiki/Indiana","Active","","","","",""
"Theta Upsilon Zeta","","Tennessee","https://en.wikipedia.org/wiki/Tennessee","","","Active","","","","",""
"","","","","","","Inactive","","","","","Iota Upsilon Zeta"
"Kappa Upsilon Zeta","","Buffalo","https://en.wikipedia.org/wiki/Buffalo,_New_York","New York","https://en.wikipedia.org/wiki/New_York_(state)","Active","","","","",""
"","","","","","","Inactive","","","","","Lambda Upsilon Zeta"
"Mu Upsilon Zeta","October 22, 2005","St. Charles Parish","https://en.wikipedia.org/wiki/St._Charles_Parish,_Louisiana","St. John the Baptist Parish","https://en.wikipedia.org/wiki/St._John_the_Baptist_Parish,_Louisiana","Active","354","https://en.wikipedia.org/wiki/List_of_Zeta_Phi_Beta_chapters#cite_note-414","[","]","St. James Parish"
"Nu Upsilon Zeta","October 10, 1987","Temple Terrace","https://en.wikipedia.org/wiki/Temple_Terrace,_Florida","Florida","https://en.wikipedia.org/wiki/Florida","Active","","","","",""
"","","","","","","Inactive","","","","","Xi Upsilon Zeta"
"","","","","","","Inactive","","","","","Omicron Upsilon Zeta"
"Pi Upsilon Zeta","April 8, 2008","Loudoun County","https://en.wikipedia.org/wiki/Loudoun_County,_Virginia","Virginia","https://en.wikipedia.org/wiki/Virginia","Active","355","https://en.wikipedia.org/wiki/List_of_Zeta_Phi_Beta_chapters#cite_note-415","[","]",""
"Rho Upsilon Zeta","December 18, 1998","Cobb County","https://en.wikipedia.org/wiki/Cobb_County,_Georgia","Fulton County","https://en.wikipedia.org/wiki/Fulton_County,_Georgia","Active","356","https://en.wikipedia.org/wiki/List_of_Zeta_Phi_Beta_chapters#cite_note-416","[","]","Georgia"
"Sigma Upsilon Zeta","April 18, 2015","Opelousas","https://en.wikipedia.org/wiki/Opelousas,_Louisiana","Louisiana","https://en.wikipedia.org/wiki/Louisiana","Active","","","","",""
"Tau Upsilon Zeta","","Clinton","https://en.wikipedia.org/wiki/Clinton,_Mississippi","Mississippi","https://en.wikipedia.org/wiki/Mississippi","Active","223","https://en.wikipedia.org/wiki/List_of_Zeta_Phi_Beta_chapters#cite_note-:31-275","[","]",""
"Upsilon Upsilon Zeta","","New Iberia","https://en.wikipedia.org/wiki/New_Iberia,_Louisiana","Louisiana","https://en.wikipedia.org/wiki/Louisiana","Active","","","","",""
"Phi Upsilon Zeta","","Sterling","https://en.wikipedia.org/wiki/Sterling,_Virginia","Virginia","https://en.wikipedia.org/wiki/Virginia","Active","","","","",""
"Chi Upsilon Zeta","","Enterprise","https://en.wikipedia.org/wiki/Enterprise,_Alabama","Alabama","https://en.wikipedia.org/wiki/Alabama","Active","","","","",""
"Psi Upsilon Zeta","","Hoover","https://en.wikipedia.org/wiki/Hoover,_Alabama","Alabama","https://en.wikipedia.org/wiki/Alabama","Active","","","","",""
"Omega Upsilon Zeta","","Saint Thomas","https://en.wikipedia.org/wiki/Saint_Thomas,_U.S._Virgin_Islands","United States Virgin Islands","https://en.wikipedia.org/wiki/United_States_Virgin_Islands","Active","","","","",""
"Alpha Phi Zeta","February 27, 1942","Richmond","https://en.wikipedia.org/wiki/Richmond,_Virginia","Virginia","https://en.wikipedia.org/wiki/Virginia","Active","357","https://en.wikipedia.org/wiki/List_of_Zeta_Phi_Beta_chapters#cite_note-417","[","]",""
"Beta Phi Zeta","April 13, 1946","Guthrie","https://en.wikipedia.org/wiki/Guthrie,_Oklahoma","Oklahoma","https://en.wikipedia.org/wiki/Oklahoma","Active","107","https://en.wikipedia.org/wiki/List_of_Zeta_Phi_Beta_chapters#cite_note-:4-143","[","]",""
"Gamma Phi Zeta","November 20, 1948","Polk County","https://en.wikipedia.org/wiki/Polk_County,_Florida","Florida","https://en.wikipedia.org/wiki/Florida","Active","","","","",""
"Delta Phi Zeta","","Trotwood","https://en.wikipedia.org/wiki/Trotwood,_Ohio","Ohio","https://en.wikipedia.org/wiki/Ohio","Active","","","","",""
"Epsilon Phi Zeta","","Oakland","https://en.wikipedia.org/wiki/Oakland,_California","Berkeley","https://en.wikipedia.org/wiki/Berkeley,_California","Active","358","https://en.wikipedia.org/wiki/List_of_Zeta_Phi_Beta_chapters#cite_note-418","[","]","California"
"Zeta Phi Zeta","","Alexandria","https://en.wikipedia.org/wiki/Alexandria,_Louisiana","Louisiana","https://en.wikipedia.org/wiki/Louisiana","Active","","","","",""
"Eta Phi Zeta","July 19, 1974","Chapel Hill","https://en.wikipedia.org/wiki/Chapel_Hill,_North_Carolina","North Carolina","https://en.wikipedia.org/wiki/North_Carolina","Active","359","https://en.wikipedia.org/wiki/List_of_Zeta_Phi_Beta_chapters#cite_note-419","[","]",""
"Theta Phi Zeta","","Mound Bayou","https://en.wikipedia.org/wiki/Mound_Bayou,_Mississippi","Mississippi","https://en.wikipedia.org/wiki/Mississippi","Active","223","https://en.wikipedia.org/wiki/List_of_Zeta_Phi_Beta_chapters#cite_note-:31-275","[","]",""
"","","","","","","Inactive","","","","","Iota Phi Zeta"
"Kappa Phi Zeta","May 15, 1981","Providence","https://en.wikipedia.org/wiki/Providence,_Rhode_Island","Rhode Island","https://en.wikipedia.org/wiki/Rhode_Island","Active","","","","",""
"","","","","","","Inactive","","","","","Lambda Phi Zeta"
"","","","","","","Inactive","","","","","Mu Phi Zeta"
"Nu Phi Zeta","","Smithtown","https://en.wikipedia.org/wiki/Smithtown,_New_York","Suffolk County","https://en.wikipedia.org/wiki/Suffolk_County,_New_York","Active","103","https://en.wikipedia.org/wiki/List_of_Zeta_Phi_Beta_chapters#cite_note-:17-139","[","]","New York"
"Xi Phi Zeta","","Pompano Beach","https://en.wikipedia.org/wiki/Pompano_Beach,_Florida","Florida","https://en.wikipedia.org/wiki/Florida","Active","","","","",""
"Omicron Phi Zeta","March 26, 1994","Washington","https://en.wikipedia.org/wiki/Washington,_D.C.","","","Active","","","","",""
"","","","","","","Inactive","","","","","Pi Phi Zeta"
"Rho Phi Zeta","","Liberty","https://en.wikipedia.org/wiki/Liberty,_Mississippi","Mississippi","https://en.wikipedia.org/wiki/Mississippi","Active","223","https://en.wikipedia.org/wiki/List_of_Zeta_Phi_Beta_chapters#cite_note-:31-275","[","]",""
"Sigma Phi Zeta","November 2, 2002","Waukegan","https://en.wikipedia.org/wiki/Waukegan,_Illinois","Lake County","https://en.wikipedia.org/wiki/Lake_County,_Illinois","Active","360","https://en.wikipedia.org/wiki/List_of_Zeta_Phi_Beta_chapters#cite_note-420","[","]","Illinois"
"Tau Phi Zeta","","Canton","https://en.wikipedia.org/wiki/Canton,_Mississippi","Mississippi","https://en.wikipedia.org/wiki/Mississippi","Active","223","https://en.wikipedia.org/wiki/List_of_Zeta_Phi_Beta_chapters#cite_note-:31-275","[","]",""
"Phi Phi Zeta","May 26, 2007","Jasper County","https://en.wikipedia.org/wiki/Jasper_County,_South_Carolina","South Carolina","https://en.wikipedia.org/wiki/South_Carolina","Active","361","https://en.wikipedia.org/wiki/List_of_Zeta_Phi_Beta_chapters#cite_note-421","[","]",""
"Chi Phi Zeta","October 31, 2009","Seminole County","https://en.wikipedia.org/wiki/Seminole_County,_Florida","Florida","https://en.wikipedia.org/wiki/Florida","Active","362","https://en.wikipedia.org/wiki/List_of_Zeta_Phi_Beta_chapters#cite_note-422","[","]",""
"Psi Phi Zeta","","Spring Hill","https://en.wikipedia.org/wiki/Spring_Hill,_Tennessee","Tennessee","https://en.wikipedia.org/wiki/Tennessee","Active","","","","",""
"Omega Phi Zeta","May 18, 2013","Charlottesville","https://en.wikipedia.org/wiki/Charlottesville,_Virginia","Virginia","https://en.wikipedia.org/wiki/Virginia","Active","","","","",""
"Alpha Chi Zeta","","Beaumont","https://en.wikipedia.org/wiki/Beaumont,_Texas","Texas","https://en.wikipedia.org/wiki/Texas","Active","","","","",""
"","","","","","","Inactive","","","","","Beta Chi Zeta"
"","","","","","","Inactive","","","","","Gamma Chi Zeta"
"Delta Chi Zeta","","Fayette","https://en.wikipedia.org/wiki/Fayette,_Mississippi","Mississippi","https://en.wikipedia.org/wiki/Mississippi","Active","223","https://en.wikipedia.org/wiki/List_of_Zeta_Phi_Beta_chapters#cite_note-:31-275","[","]",""
"Epsilon Chi Zeta","September 15, 1957","Florence","https://en.wikipedia.org/wiki/Florence,_South_Carolina","South Carolina","https://en.wikipedia.org/wiki/South_Carolina","Active","","","","",""
"Zeta Chi Zeta","April 15, 1967","Goldsboro","https://en.wikipedia.org/wiki/Goldsboro,_North_Carolina","North Carolina","https://en.wikipedia.org/wiki/North_Carolina","Active","363","https://en.wikipedia.org/wiki/List_of_Zeta_Phi_Beta_chapters#cite_note-423","[","]",""
"Eta Chi Zeta","","Joliet","https://en.wikipedia.org/wiki/Joliet,_Illinois","Illinois","https://en.wikipedia.org/wiki/Illinois","Active","364","https://en.wikipedia.org/wiki/List_of_Zeta_Phi_Beta_chapters#cite_note-424","[","]",""
"Theta Chi Zeta","","Thomasville","https://en.wikipedia.org/wiki/Thomasville,_Georgia","Georgia","https://en.wikipedia.org/wiki/Georgia_(U.S._state)","Active","","","","",""
"Iota Chi Zeta","October 17, 1979","Cambridge","https://en.wikipedia.org/wiki/Cambridge,_Maryland","Dorchester County","https://en.wikipedia.org/wiki/Dorchester_County,_Maryland","Active","220","https://en.wikipedia.org/wiki/List_of_Zeta_Phi_Beta_chapters#cite_note-:13-272","[","]","Maryland"
"Kappa Chi Zeta","","Walterboro","https://en.wikipedia.org/wiki/Walterboro,_South_Carolina","South Carolina","https://en.wikipedia.org/wiki/South_Carolina","Active","","","","",""
"","","","","","","Inactive","","","","","Lambda Chi Zeta"
"Mu Chi Zeta","","Oxford","https://en.wikipedia.org/wiki/Oxford,_Mississippi","Mississippi","https://en.wikipedia.org/wiki/Mississippi","Active","223","https://en.wikipedia.org/wiki/List_of_Zeta_Phi_Beta_chapters#cite_note-:31-275","[","]",""
"Nu Chi Zeta","December 12, 1987","Saint Croix","https://en.wikipedia.org/wiki/Saint_Croix","United States Virgin Islands","https://en.wikipedia.org/wiki/United_States_Virgin_Islands","Active","366","https://en.wikipedia.org/wiki/List_of_Zeta_Phi_Beta_chapters#cite_note-426","[","]",""
"Xi Chi Zeta","","Hollywood","https://en.wikipedia.org/wiki/Hollywood,_Florida","Florida","https://en.wikipedia.org/wiki/Florida","Active","","","","",""
"Omicron Chi Zeta","April 15, 1994","Abingdon","https://en.wikipedia.org/wiki/Abingdon,_Maryland","Hartford County","https://en.wikipedia.org/wiki/Harford_County,_Maryland","Active","220","https://en.wikipedia.org/wiki/List_of_Zeta_Phi_Beta_chapters#cite_note-:13-272","[","]","Maryland"
"Pi Chi Zeta","","Lowell","https://en.wikipedia.org/wiki/Lowell,_Arkansas","Arkansas","https://en.wikipedia.org/wiki/Arkansas","Active","","","","",""
"Rho Chi Zeta","May 26, 2000","Chester","https://en.wikipedia.org/wiki/Chester,_Pennsylvania","Pennsylvania","https://en.wikipedia.org/wiki/Pennsylvania","Active","368","https://en.wikipedia.org/wiki/List_of_Zeta_Phi_Beta_chapters#cite_note-:42-428","[","]",""
"Sigma Chi Zeta","","Murfreesboro","https://en.wikipedia.org/wiki/Murfreesboro,_Tennessee","Tennessee","https://en.wikipedia.org/wiki/Tennessee","Active","","","","",""
"","","","","","","Inactive","","","","","Tau Chi Zeta"
"Upsilon Chi Zeta","August 6, 2006","Rockford","https://en.wikipedia.org/wiki/Rockford,_Illinois","Illinois","https://en.wikipedia.org/wiki/Illinois","Active","369","https://en.wikipedia.org/wiki/List_of_Zeta_Phi_Beta_chapters#cite_note-429","[","]",""
"Phi Chi Zeta","","Wintervile","https://en.wikipedia.org/wiki/Winterville,_Georgia","Georgia","https://en.wikipedia.org/wiki/Georgia_(U.S._state)","Active","","","","",""
"","","","","","","Inactive","","","","","Chi Chi Zeta"
"","","","","","","Inactive","","","","","Psi Chi Zeta"
"Omega Chi Zeta","","Christiansburg","https://en.wikipedia.org/wiki/Christiansburg,_Virginia","Virginia","https://en.wikipedia.org/wiki/Virginia","Active","","","","",""
"Alpha Psi Zeta","","Los Angeles","https://en.wikipedia.org/wiki/Los_Angeles","California","https://en.wikipedia.org/wiki/California","Active","28","https://en.wikipedia.org/wiki/List_of_Zeta_Phi_Beta_chapters#cite_note-:9-41","[","]",""
"Beta Psi Zeta","February 20, 1947","Omaha","https://en.wikipedia.org/wiki/Omaha,_Nebraska","Nebraska","https://en.wikipedia.org/wiki/Nebraska","Active","370","https://en.wikipedia.org/wiki/List_of_Zeta_Phi_Beta_chapters#cite_note-431","[","]",""
"","","Temple","https://en.wikipedia.org/wiki/Temple,_Texas","Texas","https://en.wikipedia.org/wiki/Texas","Inactive","196","https://en.wikipedia.org/wiki/List_of_Zeta_Phi_Beta_chapters#cite_note-:23-247","[","]","Gamma Psi Zeta"
"","","Orange","https://en.wikipedia.org/wiki/Orange,_Texas","Texas","https://en.wikipedia.org/wiki/Texas","Inactive","196","https://en.wikipedia.org/wiki/List_of_Zeta_Phi_Beta_chapters#cite_note-:23-247","[","]","Delta Psi Zeta"
"Epsilon Psi Zeta","","Greenwood","https://en.wikipedia.org/wiki/Greenwood,_South_Carolina","South Carolina","https://en.wikipedia.org/wiki/South_Carolina","Active","","","","",""
"Zeta Psi Zeta","","Clarksdale","https://en.wikipedia.org/wiki/Clarksdale,_Mississippi","Mississippi","https://en.wikipedia.org/wiki/Mississippi","Active","223","https://en.wikipedia.org/wiki/List_of_Zeta_Phi_Beta_chapters#cite_note-:31-275","[","]",""
"","","","","","","Inactive","","","","","Eta Psi Zeta"
"Theta Psi Zeta","February 25, 1978","Panama City","https://en.wikipedia.org/wiki/Panama_City,_Florida","Florida","https://en.wikipedia.org/wiki/Florida","Active","","","","",""
"","","Tennessee","https://en.wikipedia.org/wiki/Tennessee","","","Inactive","","","","","Iota Psi Zeta"
"Kappa Psi Zeta","June 22, 1981","Sacramento","https://en.wikipedia.org/wiki/Sacramento,_California","California","https://en.wikipedia.org/wiki/California","Active","371","https://en.wikipedia.org/wiki/List_of_Zeta_Phi_Beta_chapters#cite_note-432","[","]",""
"","","Kalamazoo","https://en.wikipedia.org/wiki/Kalamazoo,_Michigan","Michigan","https://en.wikipedia.org/wiki/Michigan","Inactive","","","","","Lambda Psi Zeta"
"","","Maryland","https://en.wikipedia.org/wiki/Maryland","","","Inactive","","","","","Mu Psi Zeta"
"Nu Psi Zeta","March 8, 1987","Peekskill","https://en.wikipedia.org/wiki/Peekskill,_New_York","New York","https://en.wikipedia.org/wiki/New_York_(state)","Active","372","https://en.wikipedia.org/wiki/List_of_Zeta_Phi_Beta_chapters#cite_note-433","[","]",""
"Xi Psi Zeta","","Honolulu","https://en.wikipedia.org/wiki/Honolulu","Hawaii","https://en.wikipedia.org/wiki/Hawaii","Active","","","","",""
"","","","","","","Inactive","","","","","Omicron Psi Zeta"
"Pi Psi Zeta","","Magnolia","https://en.wikipedia.org/wiki/Magnolia,_Arkansas","Arkansas","https://en.wikipedia.org/wiki/Arkansas","Active","","","","",""
"","","Westbury","https://en.wikipedia.org/wiki/Westbury,_New_York","New York","https://en.wikipedia.org/wiki/New_York_(state)","Inactive","","","","","Rho Psi Zeta"
"Sigma Psi Zeta","December 4, 2002","Capitol Heights","https://en.wikipedia.org/wiki/Capitol_Heights,_Maryland","Prince George's County","https://en.wikipedia.org/wiki/Prince_George%27s_County,_Maryland","Active","220","https://en.wikipedia.org/wiki/List_of_Zeta_Phi_Beta_chapters#cite_note-:13-272","[","]","Maryland"
"Tau Psi Zeta","September 19, 2004","Alsip","https://en.wikipedia.org/wiki/Alsip,_Illinois","Illinois","https://en.wikipedia.org/wiki/Illinois","Active","374","https://en.wikipedia.org/wiki/List_of_Zeta_Phi_Beta_chapters#cite_note-435","[","]",""
"Upsilon Psi Zeta","","Oak Park","https://en.wikipedia.org/wiki/Oak_Park,_Michigan","Michigan","https://en.wikipedia.org/wiki/Michigan","Active","225","https://en.wikipedia.org/wiki/List_of_Zeta_Phi_Beta_chapters#cite_note-:28-277","[","]",""
"Phi Psi Zeta","May 4, 2008","Lewisville","https://en.wikipedia.org/wiki/Lewisville,_Texas","Texas","https://en.wikipedia.org/wiki/Texas","Active","375","https://en.wikipedia.org/wiki/List_of_Zeta_Phi_Beta_chapters#cite_note-436","[","]",""
"","","Culver City","https://en.wikipedia.org/wiki/Culver_City,_California","California","https://en.wikipedia.org/wiki/California","Inactive","265","https://en.wikipedia.org/wiki/List_of_Zeta_Phi_Beta_chapters#cite_note-:12-318","[","]","Chi Psi Zeta"
"Psi Psi Zeta","June 15, 2011","Chicago","https://en.wikipedia.org/wiki/Chicago","Illinois","https://en.wikipedia.org/wiki/Illinois","Active","376","https://en.wikipedia.org/wiki/List_of_Zeta_Phi_Beta_chapters#cite_note-437","[","]",""
"Omega Psi Zeta","","Ruleville","https://en.wikipedia.org/wiki/Ruleville,_Mississippi","Mississippi","https://en.wikipedia.org/wiki/Mississippi","Active","223","https://en.wikipedia.org/wiki/List_of_Zeta_Phi_Beta_chapters#cite_note-:31-275","[","]",""
"Alpha Omega Zeta","May 1, 1942","Petersburg","https://en.wikipedia.org/wiki/Petersburg,_Virginia","Virginia","https://en.wikipedia.org/wiki/Virginia","Active","377","https://en.wikipedia.org/wiki/List_of_Zeta_Phi_Beta_chapters#cite_note-438","[","]",""
"Beta Omega Zeta","","Albany","https://en.wikipedia.org/wiki/Albany,_Georgia","Georgia","https://en.wikipedia.org/wiki/Georgia_(U.S._state)","Active","","","","",""
"Gamma Omega Zeta","April 1948","Houston","https://en.wikipedia.org/wiki/Houston","Texas","https://en.wikipedia.org/wiki/Texas","Active","96","https://en.wikipedia.org/wiki/List_of_Zeta_Phi_Beta_chapters#cite_note-:43-130","[","]",""
"Delta Omega Zeta","","Huntsville","https://en.wikipedia.org/wiki/Huntsville,_Alabama","Alabama","https://en.wikipedia.org/wiki/Alabama","Active","","","","",""
"Epsilon Omega Zeta","May 4, 1958","West Chester","https://en.wikipedia.org/wiki/West_Chester,_Pennsylvania","Pennsylvania","https://en.wikipedia.org/wiki/Pennsylvania","Active","378","https://en.wikipedia.org/wiki/List_of_Zeta_Phi_Beta_chapters#cite_note-439","[","]",""
"Zeta Omega Zeta","","Saginaw","https://en.wikipedia.org/wiki/Saginaw,_Michigan","Michigan","https://en.wikipedia.org/wiki/Michigan","Active","225","https://en.wikipedia.org/wiki/List_of_Zeta_Phi_Beta_chapters#cite_note-:28-277","[","]",""
"Eta Omega Zeta","March 1975","Athens","https://en.wikipedia.org/wiki/Athens,_Georgia","Georgia","https://en.wikipedia.org/wiki/Georgia_(U.S._state)","Active","","","","",""
"Theta Omega Zeta","","Livingston","https://en.wikipedia.org/wiki/Livingston,_Alabama","Alabama","https://en.wikipedia.org/wiki/Alabama","Active","","","","",""
"","","","","","","Inactive","","","","","Iota Omega Zeta"
"Kappa Omega Zeta","July 31, 1981","Bala Cynwyd","https://en.wikipedia.org/wiki/Bala_Cynwyd,_Pennsylvania","Pennsylvania","https://en.wikipedia.org/wiki/Pennsylvania","Active","379","https://en.wikipedia.org/wiki/List_of_Zeta_Phi_Beta_chapters#cite_note-440","[","]",""
"","","Rockledge","https://en.wikipedia.org/wiki/Rockledge,_Florida","Florida","https://en.wikipedia.org/wiki/Florida","Inactive","","","","",""
"Mu Omega Zeta","","Natchitoches","https://en.wikipedia.org/wiki/Natchitoches,_Louisiana","Louisiana","https://en.wikipedia.org/wiki/Louisiana","Active","","","","",""
"Nu Omega Zeta","","Arkadelphia","https://en.wikipedia.org/wiki/Arkadelphia,_Arkansas","Arkansas","https://en.wikipedia.org/wiki/Arkansas","Active","","","","",""
"Xi Omega Zeta","","Warner Robins","https://en.wikipedia.org/wiki/Warner_Robins,_Georgia","Georgia","https://en.wikipedia.org/wiki/Georgia_(U.S._state)","Active","","","","",""
"Omicron Omega Zeta","","Lubbock","https://en.wikipedia.org/wiki/Lubbock,_Texas","Texas","https://en.wikipedia.org/wiki/Texas","Active","","","","",""
"Pi Omega Zeta","March 18, 1998","Round Rock","https://en.wikipedia.org/wiki/Round_Rock,_Texas","Texas","https://en.wikipedia.org/wiki/Texas","Active","380","https://en.wikipedia.org/wiki/List_of_Zeta_Phi_Beta_chapters#cite_note-441","[","]",""
"Rho Omega Zeta","July 2, 2000","North Shore","https://en.wikipedia.org/wiki/North_Shore_(Long_Island)","Long Island","https://en.wikipedia.org/wiki/Long_Island","Active","381","https://en.wikipedia.org/wiki/List_of_Zeta_Phi_Beta_chapters#cite_note-442","[","]","Manhasset"
"Sigma Omega Zeta","March 14, 2003","Clayton County","https://en.wikipedia.org/wiki/Clayton_County,_Georgia","Georgia","https://en.wikipedia.org/wiki/Georgia_(U.S._state)","Active","382","https://en.wikipedia.org/wiki/List_of_Zeta_Phi_Beta_chapters#cite_note-443","[","]",""
"Tau Omega Zeta","September 23, 2004","Towson","https://en.wikipedia.org/wiki/Towson,_Maryland","Baltimore County","https://en.wikipedia.org/wiki/Baltimore_County,_Maryland","Active","220","https://en.wikipedia.org/wiki/List_of_Zeta_Phi_Beta_chapters#cite_note-:13-272","[","]","Maryland"
"Upsilon Omega Zeta","December 21, 2006","Fishers","https://en.wikipedia.org/wiki/Fishers,_Indiana","Indiana","https://en.wikipedia.org/wiki/Indiana","Active","383","https://en.wikipedia.org/wiki/List_of_Zeta_Phi_Beta_chapters#cite_note-444","[","]",""
"Phi Omega Zeta","May 9, 2008","Coram","https://en.wikipedia.org/wiki/Coram,_New_York","Suffolk County","https://en.wikipedia.org/wiki/Suffolk_County,_New_York","Active","103","https://en.wikipedia.org/wiki/List_of_Zeta_Phi_Beta_chapters#cite_note-:17-139","[","]","New York"
"Chi Omega Zeta","","Chico","https://en.wikipedia.org/wiki/Chico,_California","California","https://en.wikipedia.org/wiki/California","Active","265","https://en.wikipedia.org/wiki/List_of_Zeta_Phi_Beta_chapters#cite_note-:12-318","[","]",""
"Psi Omega Zeta","June 24, 2011","Rochester","https://en.wikipedia.org/wiki/Rochester,_New_York","New York","https://en.wikipedia.org/wiki/New_York_(state)","Active","384","https://en.wikipedia.org/wiki/List_of_Zeta_Phi_Beta_chapters#cite_note-445","[","]",""
"Omega Omega Zeta","","Camden","https://en.wikipedia.org/wiki/Camden,_Alabama","Alabama","https://en.wikipedia.org/wiki/Alabama","Active","","","","",""
"Alpha Alpha Alpha Zeta","September 21, 2013","Fredericksburg","https://en.wikipedia.org/wiki/Fredericksburg,_Virginia","Virginia","https://en.wikipedia.org/wiki/Virginia","Active","385","https://en.wikipedia.org/wiki/List_of_Zeta_Phi_Beta_chapters#cite_note-446","[","]",""
"Alpha Alpha Beta Zeta","August 26, 2013","DeRidder","https://en.wikipedia.org/wiki/DeRidder,_Louisiana","Louisiana","https://en.wikipedia.org/wiki/Louisiana","Active","386","https://en.wikipedia.org/wiki/List_of_Zeta_Phi_Beta_chapters#cite_note-447","[","]",""
"Alpha Alpha Gamma Zeta","October 22, 2013","Phenix City","https://en.wikipedia.org/wiki/Phenix_City,_Alabama","Alabama","https://en.wikipedia.org/wiki/Alabama","Active","387","https://en.wikipedia.org/wiki/List_of_Zeta_Phi_Beta_chapters#cite_note-448","[","]",""
"Alpha Alpha Delta Zeta","","Beloit","https://en.wikipedia.org/wiki/Beloit,_Wisconsin","Wisconsin","https://en.wikipedia.org/wiki/Wisconsin","Active","","","","",""
"Alpha Alpha Epsilon Zeta","","Pittsboro","https://en.wikipedia.org/wiki/Pittsboro,_North_Carolina","North Carolina","https://en.wikipedia.org/wiki/North_Carolina","Active","","","","",""
"Alpha Alpha Zeta Zeta","","Vicksburg","https://en.wikipedia.org/wiki/Vicksburg,_Mississippi","Mississippi","https://en.wikipedia.org/wiki/Mississippi","Active","223","https://en.wikipedia.org/wiki/List_of_Zeta_Phi_Beta_chapters#cite_note-:31-275","[","]",""
"Alpha Alpha Eta Zeta","","London","https://en.wikipedia.org/wiki/London","England","https://en.wikipedia.org/wiki/England","Active","","","","",""
"Alpha Alpha Iota Zeta","March 14, 2014","Murray","https://en.wikipedia.org/wiki/Murray,_Kentucky","Kentucky","https://en.wikipedia.org/wiki/Kentucky","Active","","","","",""
"Alpha Alpha Kappa Zeta","April 1, 2014","Newnan","https://en.wikipedia.org/wiki/Newnan,_Georgia","Georgia","https://en.wikipedia.org/wiki/Georgia_(U.S._state)","Active","","","","",""
"Alpha Alpha Lambda Zeta","May 23, 2014","Abu Dhab","https://en.wikipedia.org/wiki/Abu_Dhabi","United Arab Emirates","https://en.wikipedia.org/wiki/United_Arab_Emirates","Active","388","https://en.wikipedia.org/wiki/List_of_Zeta_Phi_Beta_chapters#cite_note-449","[","]",""
"Alpha Alpha Mu Zeta","September 13, 2014","Kenton County","https://en.wikipedia.org/wiki/Kenton_County,_Kentucky","Kentucky","https://en.wikipedia.org/wiki/Kentucky","Active","","","","",""
"Alpha Alpha Nu Zeta","","Augusta","https://en.wikipedia.org/wiki/Augusta,_Arkansas","Arkansas","https://en.wikipedia.org/wiki/Arkansas","Active","","","","",""
"Alpha Alpha Xi Zeta","April 24, 1993","Charleston","https://en.wikipedia.org/wiki/Charleston,_West_Virginia","West Virginia","https://en.wikipedia.org/wiki/West_Virginia","Active","","","","",""
"Alpha Alpha Omicron Zeta","January 15, 2015","Philadelphia","https://en.wikipedia.org/wiki/Philadelphia","Pennsylvania","https://en.wikipedia.org/wiki/Pennsylvania","Active","389","https://en.wikipedia.org/wiki/List_of_Zeta_Phi_Beta_chapters#cite_note-450","[","]",""
"Alpha Alpha Pi Zeta","February 12, 2015","El Dorado","https://en.wikipedia.org/wiki/El_Dorado,_Arkansas","Arkansas","https://en.wikipedia.org/wiki/Arkansas","Active","","","","",""
"Alpha Alpha Rho Zeta","","Norwalk","https://en.wikipedia.org/wiki/Norwalk,_Connecticut","Connecticut","https://en.wikipedia.org/wiki/Connecticut","Active","","","","",""
"Alpha Alpha Sigma Zeta","","Aurora","https://en.wikipedia.org/wiki/Aurora,_Illinois","Illinois","https://en.wikipedia.org/wiki/Illinois","Active","","","","",""
"","","Tunica","https://en.wikipedia.org/wiki/Tunica,_Mississippi","Mississippi","https://en.wikipedia.org/wiki/Mississippi","Inactive","","","","","Alpha Alpha Tau Zeta"
"Alpha Alpha Upsilon Zeta","May 2, 2015","Manhattan","https://en.wikipedia.org/wiki/Manhattan","New York","https://en.wikipedia.org/wiki/New_York_(state)","Active","103","https://en.wikipedia.org/wiki/List_of_Zeta_Phi_Beta_chapters#cite_note-:17-139","[","]",""
"Alpha Alpha Phi Zeta","November 25, 2016","Laurinburg","https://en.wikipedia.org/wiki/Laurinburg,_North_Carolina","North Carolina","https://en.wikipedia.org/wiki/North_Carolina","Active","","","","",""
"Alpha Alpha Chi Zeta","July 21, 2015","Monmouth County","https://en.wikipedia.org/wiki/Monmouth_County,_New_Jersey","Ocean County","https://en.wikipedia.org/wiki/Ocean_County,_New_Jersey","Active","242","https://en.wikipedia.org/wiki/List_of_Zeta_Phi_Beta_chapters#cite_note-:15-294","[","]","New Jersey"
"Alpha Alpha Psi Zeta","","Hazlehurst","https://en.wikipedia.org/wiki/Hazlehurst,_Mississippi","Mississippi","https://en.wikipedia.org/wiki/Mississippi","Active","223","https://en.wikipedia.org/wiki/List_of_Zeta_Phi_Beta_chapters#cite_note-:31-275","[","]",""
"Alpha Alpha Omega Zeta","","Westchester County","https://en.wikipedia.org/wiki/Westchester_County,_New_York","West Bronx","https://en.wikipedia.org/wiki/West_Bronx","Active","103","https://en.wikipedia.org/wiki/List_of_Zeta_Phi_Beta_chapters#cite_note-:17-139","[","]","New York"
"Beta Alpha Alpha Zeta","","Meridian","https://en.wikipedia.org/wiki/Meridian,_Mississippi","Mississippi","https://en.wikipedia.org/wiki/Mississippi","Active","223","https://en.wikipedia.org/wiki/List_of_Zeta_Phi_Beta_chapters#cite_note-:31-275","[","]",""
"Beta Alpha Beta Zeta","October 28, 2015","Leonardtown","https://en.wikipedia.org/wiki/Leonardtown,_Maryland","Maryland","https://en.wikipedia.org/wiki/Maryland","Active","","","","",""
"Beta Alpha Gamma Zeta","","Palmdale","https://en.wikipedia.org/wiki/Palmdale,_California","California","https://en.wikipedia.org/wiki/California","Active","","","","",""
"Beta Alpha Delta Zeta","","Vaiden","https://en.wikipedia.org/wiki/Vaiden,_Mississippi","Mississippi","https://en.wikipedia.org/wiki/Mississippi","Active","223","https://en.wikipedia.org/wiki/List_of_Zeta_Phi_Beta_chapters#cite_note-:31-275","[","]",""
"Beta Alpha Epsilon Zeta","","Clewiston","https://en.wikipedia.org/wiki/Clewiston,_Florida","Moore Haven","https://en.wikipedia.org/wiki/Moore_Haven,_Florida","Active","","","","","Okeechobee"
"Beta Alpha Zeta Zeta","","Springfield","https://en.wikipedia.org/wiki/Springfield,_Massachusetts","Massachusetts","https://en.wikipedia.org/wiki/Massachusetts","Active","","","","",""
"","","","","","","Inactive","","","","","Beta Alpha Eta Zeta"
"Beta Alpha Theta Zeta","March 30, 2016","Menifee","https://en.wikipedia.org/wiki/Menifee,_California","California","https://en.wikipedia.org/wiki/California","Active","392","https://en.wikipedia.org/wiki/List_of_Zeta_Phi_Beta_chapters#cite_note-453","[","]",""
"Beta Alpha Iota Zeta","April 6, 2016","Crawfordville","https://en.wikipedia.org/wiki/Crawfordville,_Florida","Florida","https://en.wikipedia.org/wiki/Florida","Active","282","https://en.wikipedia.org/wiki/List_of_Zeta_Phi_Beta_chapters#cite_note-:26-338","[","]",""
"Beta Alpha Kappa Zeta","","Winona","https://en.wikipedia.org/wiki/Winona,_Mississippi","Mississippi","https://en.wikipedia.org/wiki/Mississippi","Active","223","https://en.wikipedia.org/wiki/List_of_Zeta_Phi_Beta_chapters#cite_note-:31-275","[","]",""
"Beta Alpha Lambda Zeta","","Dyersburg","https://en.wikipedia.org/wiki/Dyersburg,_Tennessee","Tennessee","https://en.wikipedia.org/wiki/Tennessee","Active","","","","",""
"Beta Alpha Mu Zeta","June 29, 2016","Freeport","https://en.wikipedia.org/wiki/Freeport,_Bahamas","Grand Bahama","https://en.wikipedia.org/wiki/Grand_Bahama","Active","","","","","The Bahamas"
"Beta Alpha Nu Zeta","","Barataria","https://en.wikipedia.org/wiki/Barataria,_Trinidad_and_Tobago","Trinidad and Tobago","https://en.wikipedia.org/wiki/Trinidad_and_Tobago","Active","","","","",""
"Beta Alpha Xi Zeta","","Louisville","https://en.wikipedia.org/wiki/Louisville,_Kentucky","Kentucky","https://en.wikipedia.org/wiki/Kentucky","Active","","","","",""
"Beta Alpha Omicron Zeta","","Chesapeake","https://en.wikipedia.org/wiki/Chesapeake,_Virginia","Virginia","https://en.wikipedia.org/wiki/Virginia","Active","","","","",""
"Beta Alpha Pi Zeta","October 16, 2016","Accomack County","https://en.wikipedia.org/wiki/Accomack_County,_Virginia","Northampton County","https://en.wikipedia.org/wiki/Northampton_County,_Virginia","Active","","","","","Virginia"
"Beta Alpha Rho Zeta","","Somerset County","https://en.wikipedia.org/wiki/Somerset_County,_New_Jersey","New Jersey","https://en.wikipedia.org/wiki/New_Jersey","Active","242","https://en.wikipedia.org/wiki/List_of_Zeta_Phi_Beta_chapters#cite_note-:15-294","[","]",""
"Beta Alpha Sigma Zeta","November 20, 2016","Frederick","https://en.wikipedia.org/wiki/Frederick,_Maryland","Maryland","https://en.wikipedia.org/wiki/Maryland","Active","","","","",""
"Beta Alpha Tau Zeta","November 20, 2016","White Marsh","https://en.wikipedia.org/wiki/White_Marsh,_Maryland","Baltimore County","https://en.wikipedia.org/wiki/Baltimore_County,_Maryland","Active","220","https://en.wikipedia.org/wiki/List_of_Zeta_Phi_Beta_chapters#cite_note-:13-272","[","]","Maryland"
"Beta Alpha Upsilon Zeta","","Sawyerville","https://en.wikipedia.org/wiki/Sawyerville,_Alabama","Alabama","https://en.wikipedia.org/wiki/Alabama","Active","","","","",""
"Beta Alpha Phi Zeta","","Arkansas City","https://en.wikipedia.org/wiki/Arkansas_City,_Arkansas","Arkansas","https://en.wikipedia.org/wiki/Arkansas","Active","","","","",""
"Beta Alpha Chi Zeta","","Dublin","https://en.wikipedia.org/wiki/Dublin,_Georgia","Georgia","https://en.wikipedia.org/wiki/Georgia_(U.S._state)","Active","","","","",""
"Beta Alpha Psi Zeta","March 28, 2017","St. Augustine","https://en.wikipedia.org/wiki/St._Augustine,_Florida","Palm Coast","https://en.wikipedia.org/wiki/Palm_Coast,_Florida","Active","","","","","Hasting"
"Beta Alpha Omega Zeta","April 18, 2017","Moody","https://en.wikipedia.org/wiki/Moody,_Alabama","Alabama","https://en.wikipedia.org/wiki/Alabama","Active","","","","",""
"Gamma Alpha Alpha Zeta","","Selma","https://en.wikipedia.org/wiki/Selma,_Alabama","Alabama","https://en.wikipedia.org/wiki/Alabama","Active","","","","",""
"Gamma Alpha Beta Zeta","July 29, 2017","Abington","https://en.wikipedia.org/wiki/Abington_Township,_Montgomery_County,_Pennsylvania","Pennsylvania","https://en.wikipedia.org/wiki/Pennsylvania","Active","","","","",""
"Gamma Alpha Gamma Zeta","","New Roads","https://en.wikipedia.org/wiki/New_Roads,_Louisiana","Louisiana","https://en.wikipedia.org/wiki/Louisiana","Active","","","","",""
"Gamma Alpha Delta Zeta","","Franklin","https://en.wikipedia.org/wiki/Franklin,_Virginia","Southampton County","https://en.wikipedia.org/wiki/Southampton_County,_Virginia","Active","","","","","Virginia"
"Gamma Alpha Epsilon Zeta","","Irvine","https://en.wikipedia.org/wiki/Irvine,_California","California","https://en.wikipedia.org/wiki/California","Active","","","","",""
"Gamma Alpha Zeta Zeta","February 28, 2018","Mount Pleasant","https://en.wikipedia.org/wiki/Mount_Pleasant,_Michigan","Michigan","https://en.wikipedia.org/wiki/Michigan","Active","394","https://en.wikipedia.org/wiki/List_of_Zeta_Phi_Beta_chapters#cite_note-455","[","]",""
"Gamma Alpha Eta Zeta","April 19, 2018","Montgomery County","https://en.wikipedia.org/wiki/Montgomery_County,_Maryland","Maryland","https://en.wikipedia.org/wiki/Maryland","Active","220","https://en.wikipedia.org/wiki/List_of_Zeta_Phi_Beta_chapters#cite_note-:13-272","[","]",""
"Gamma Alpha Theta Zeta","","Aurora","https://en.wikipedia.org/wiki/Aurora,_Colorado","Colorado","https://en.wikipedia.org/wiki/Colorado","Active","","","","",""
"Gamma Alpha Iota Zeta","","Northern Colorado","https://en.wikipedia.org/wiki/Northern_Colorado","Colorado","https://en.wikipedia.org/wiki/Colorado","Active","136","https://en.wikipedia.org/wiki/List_of_Zeta_Phi_Beta_chapters#cite_note-:21-176","[","]",""
"Gamma Alpha Kappa Zeta","July 1, 2019","Cleveland Heights","https://en.wikipedia.org/wiki/Cleveland_Heights,_Ohio","Ohio","https://en.wikipedia.org/wiki/Ohio","Active","396","https://en.wikipedia.org/wiki/List_of_Zeta_Phi_Beta_chapters#cite_note-457","[","]",""
"Gamma Alpha Lambda Zeta","","Junction City","https://en.wikipedia.org/wiki/Junction_City,_Kansas","Kansas","https://en.wikipedia.org/wiki/Kansas","Active","","","","",""
"Gamma Alpha Mu Zeta","","Tortola","https://en.wikipedia.org/wiki/Tortola","Virgin Islands","https://en.wikipedia.org/wiki/Virgin_Islands","Active","","","","",""
"Gamma Alpha Nu Zeta","August 14, 2019","Nashua","https://en.wikipedia.org/wiki/Nashua,_New_Hampshire","New Hampshire","https://en.wikipedia.org/wiki/New_Hampshire","Active","","","","",""
"Gamma Alpha Xi Zeta","October 24, 2019","Troy","https://en.wikipedia.org/wiki/Troy,_Alabama","Alabama","https://en.wikipedia.org/wiki/Alabama","Active","","","","",""
"Gamma Alpha Omicron Zeta","March 9, 2020","State College","https://en.wikipedia.org/wiki/State_College,_Pennsylvania","Pennsylvania","https://en.wikipedia.org/wiki/Pennsylvania","Active","397","https://en.wikipedia.org/wiki/List_of_Zeta_Phi_Beta_chapters#cite_note-:16-458","[","]",""
"Gamma Alpha Pi Zeta","June 12, 2020","Bergen County","https://en.wikipedia.org/wiki/Bergen_County,_New_Jersey","New Jersey","https://en.wikipedia.org/wiki/New_Jersey","Active","397","https://en.wikipedia.org/wiki/List_of_Zeta_Phi_Beta_chapters#cite_note-:16-458","[","]",""
"Gamma Alpha Rho Zeta","July 16, 2020","Odessa","https://en.wikipedia.org/wiki/Odessa,_Delaware","Delaware","https://en.wikipedia.org/wiki/Delaware","Active","398","https://en.wikipedia.org/wiki/List_of_Zeta_Phi_Beta_chapters#cite_note-459","[","]",""
"Gamma Alpha Sigma Zeta","August 29, 2020","Accra","https://en.wikipedia.org/wiki/Accra","Ghana","https://en.wikipedia.org/wiki/Ghana","Active","284","https://en.wikipedia.org/wiki/List_of_Zeta_Phi_Beta_chapters#cite_note-:36-341","[","]",""
"Gamma Alpha Tau Zeta","","Penn Hills","https://en.wikipedia.org/wiki/Penn_Hills,_Pennsylvania","Pennsylvania","https://en.wikipedia.org/wiki/Pennsylvania","Active","","","","",""
"Gamma Alpha Upsilon Zeta","","Crestview","https://en.wikipedia.org/wiki/Crestview,_Florida","Okaloosa County","https://en.wikipedia.org/wiki/Okaloosa_County,_Florida","Active","171","https://en.wikipedia.org/wiki/List_of_Zeta_Phi_Beta_chapters#cite_note-:22-222","[","]","Florida"
"Gamma Alpha Phi Zeta","","Duplin County","https://en.wikipedia.org/wiki/Duplin_County,_North_Carolina","North Carolina","https://en.wikipedia.org/wiki/North_Carolina","Active","","","","",""
"Gamma Alpha Chi Zeta","","Comal","https://en.wikipedia.org/wiki/Comal_County,_Texas","Guadalupe","https://en.wikipedia.org/wiki/Guadalupe_County,_Texas","Active","","","","","Hays"
"Gamma Alpha Psi Zeta","December 15, 2020","Kankakee","https://en.wikipedia.org/wiki/Kankakee,_Illinois","Illinois","https://en.wikipedia.org/wiki/Illinois","Active","399","https://en.wikipedia.org/wiki/List_of_Zeta_Phi_Beta_chapters#cite_note-460","[","]",""
"Gamma Alpha Omega Zeta","Sachse","Collin County","https://en.wikipedia.org/wiki/Collin_County,_Texas","Anna","https://en.wikipedia.org/wiki/Anna,_Texas","Active","","","","","Celina"
"Delta Alpha Alpha Zeta","","Collin County","https://en.wikipedia.org/wiki/Collin_County,_Texas","Allen","https://en.wikipedia.org/wiki/Allen,_Texas","Active","","","","","Fairview"
"Delta Alpha Beta Zeta","March 10, 2021","Milford","https://en.wikipedia.org/wiki/Milford,_Delaware","Sussex County","https://en.wikipedia.org/wiki/Sussex_County,_Delaware","Active","","","","","Delaware"
"Delta Alpha Gamma Zeta","","Liverpool","https://en.wikipedia.org/wiki/Liverpool,_New_York","New York","https://en.wikipedia.org/wiki/New_York_(state)","Active","","","","",""
"Delta Alpha Delta Zeta","August 20, 2021","Clay County","https://en.wikipedia.org/wiki/Clay_County,_Florida","Florida","https://en.wikipedia.org/wiki/Florida","Active","400","https://en.wikipedia.org/wiki/List_of_Zeta_Phi_Beta_chapters#cite_note-461","[","]",""
"Delta Alpha Epsilon Zeta","August 2021","Collier County","https://en.wikipedia.org/wiki/Collier_County,_Florida","Florida","https://en.wikipedia.org/wiki/Florida","Active","","","","",""
"Delta Alpha Zeta Zeta","October 16, 2021","Pasco County","https://en.wikipedia.org/wiki/Pasco_County,_Florida","Florida","https://en.wikipedia.org/wiki/Florida","Active","","","","",""
"Delta Alpha Eta Zeta","","McDuffie County","https://en.wikipedia.org/wiki/McDuffie_County,_Georgia","Georgia","https://en.wikipedia.org/wiki/Georgia_(U.S._state)","Active","","","","",""
"Delta Alpha Theta Zeta","","Tarrant County","https://en.wikipedia.org/wiki/Tarrant_County,_Texas","Haslet","https://en.wikipedia.org/wiki/Haslet,_Texas","Active","","","","","Grapevine"
"Delta Alpha Iota Zeta","May 2022","Reidsville","https://en.wikipedia.org/wiki/Reidsville,_North_Carolina","Rockingham County","https://en.wikipedia.org/wiki/Rockingham_County,_North_Carolina","Active","","","","","North Carolina"
"Delta Alpha Kappa Zeta","","Fort Bend County","https://en.wikipedia.org/wiki/Fort_Bend_County,_Texas","Houston","https://en.wikipedia.org/wiki/Houston","Active","","","","","Texas"
"Delta Alpha Lambda Zeta","Downtown Brooklyn","Brooklyn","https://en.wikipedia.org/wiki/Brooklyn","Park Slope","https://en.wikipedia.org/wiki/Park_Slope","Active","","","","","Bensonhurst"
"Delta Alpha Mu Zeta","","Orange County","https://en.wikipedia.org/wiki/Orange_County,_Florida","Florida","https://en.wikipedia.org/wiki/Florida","Active","","","","",""
"Delta Alpha Nu Zeta","August 14, 2019","Vermont","https://en.wikipedia.org/wiki/Vermont","Maine","https://en.wikipedia.org/wiki/Maine","Active","368","https://en.wikipedia.org/wiki/List_of_Zeta_Phi_Beta_chapters#cite_note-:42-428","[","]","New Hampshire"
"Delta Alpha Xi Zeta","October 24, 2019","Troy","https://en.wikipedia.org/wiki/Troy,_Alabama","Alabama","https://en.wikipedia.org/wiki/Alabama","Active","","","","",""
"Delta Alpha Omicron Zeta","","State College","https://en.wikipedia.org/wiki/State_College,_Pennsylvania","Pennsylvania","https://en.wikipedia.org/wiki/Pennsylvania","Active","","","","",""
"Delta Alpha Pi Zeta","June 12, 2020","Bergen County","https://en.wikipedia.org/wiki/Bergen_County,_New_Jersey","Essex County","https://en.wikipedia.org/wiki/Essex_County,_New_Jersey","Active","401","https://en.wikipedia.org/wiki/List_of_Zeta_Phi_Beta_chapters#cite_note-462","[","]","New Jersey"
"Delta Alpha Rho Zeta","July 16, 2020","New Castle County","https://en.wikipedia.org/wiki/New_Castle_County,_Delaware","Delaware","https://en.wikipedia.org/wiki/Delaware","Active","402","https://en.wikipedia.org/wiki/List_of_Zeta_Phi_Beta_chapters#cite_note-463","[","]",""