"tablescraper-selected-row 3","tablescraper-selected-row 5","tablescraper-selected-row 6","tablescraper-selected-row href","tablescraper-selected-row 7","tablescraper-selected-row 8","reference","reference href","cite-bracket","cite-bracket 2"
"Alpha Omega","December 1, 1917","Cleveland","https://en.wikipedia.org/wiki/Cleveland","Ohio","Reissued","28","https://en.wikipedia.org/wiki/List_of_Alpha_Kappa_Alpha_chapters#cite_note-:31-59","[","]"
"Alpha Omega","December 1, 1917","Cleveland","https://en.wikipedia.org/wiki/Cleveland","Ohio","Active","28","https://en.wikipedia.org/wiki/List_of_Alpha_Kappa_Alpha_chapters#cite_note-:31-59","[","]"
"Beta Omega","October 20, 1920","Kansas City","https://en.wikipedia.org/wiki/Kansas_City,_Missouri","Missouri","Reissued","48","https://en.wikipedia.org/wiki/List_of_Alpha_Kappa_Alpha_chapters#cite_note-:511-91","[","]"
"Beta Omega","October 20, 1920","Kansas City","https://en.wikipedia.org/wiki/Kansas_City,_Missouri","Missouri","Active","48","https://en.wikipedia.org/wiki/List_of_Alpha_Kappa_Alpha_chapters#cite_note-:511-91","[","]"
"Gamma Omega","December 2, 1920","St. Louis","https://en.wikipedia.org/wiki/St._Louis","Missouri","Reissued","49","https://en.wikipedia.org/wiki/List_of_Alpha_Kappa_Alpha_chapters#cite_note-:63-93","[","]"
"Gamma Omega","December 2, 1920","St. Louis","https://en.wikipedia.org/wiki/St._Louis","Missouri","Active","49","https://en.wikipedia.org/wiki/List_of_Alpha_Kappa_Alpha_chapters#cite_note-:63-93","[","]"
"Delta Omega","February 26, 1921","Petersburg","https://en.wikipedia.org/wiki/Petersburg,_Virginia","Virginia","Reissued","50","https://en.wikipedia.org/wiki/List_of_Alpha_Kappa_Alpha_chapters#cite_note-:73-95","[","]"
"Delta Omega","February 26, 1921","Petersburg","https://en.wikipedia.org/wiki/Petersburg,_Virginia","Virginia","Active","50","https://en.wikipedia.org/wiki/List_of_Alpha_Kappa_Alpha_chapters#cite_note-:73-95","[","]"
"Epsilon Omega","December 2, 1921","Baltimore","https://en.wikipedia.org/wiki/Baltimore","Maryland","Reissued","51","https://en.wikipedia.org/wiki/List_of_Alpha_Kappa_Alpha_chapters#cite_note-:83-97","[","]"
"Epsilon Omega","December 2, 1921","Baltimore","https://en.wikipedia.org/wiki/Baltimore","Maryland","Active","51","https://en.wikipedia.org/wiki/List_of_Alpha_Kappa_Alpha_chapters#cite_note-:83-97","[","]"
"Zeta Omega","","Wilmington","https://en.wikipedia.org/wiki/Wilmington,_Delaware","Delaware","Active","52","https://en.wikipedia.org/wiki/List_of_Alpha_Kappa_Alpha_chapters#cite_note-akazetaomega.org-99","[","]"
"Eta Omega","","Louisville","https://en.wikipedia.org/wiki/Louisville,_Kentucky","Kentucky","Active","53","https://en.wikipedia.org/wiki/List_of_Alpha_Kappa_Alpha_chapters#cite_note-Centennial-100","[","]"
"Theta Omega","November 5, 1922","South Side Chicago","https://en.wikipedia.org/wiki/South_Side,_Chicago","Illinois","Active","54","https://en.wikipedia.org/wiki/List_of_Alpha_Kappa_Alpha_chapters#cite_note-Home-101","[","]"
"Iota Omega","December 1, 1922","Norfolk","https://en.wikipedia.org/wiki/Norfolk,_Virginia","Virginia","Active","29","https://en.wikipedia.org/wiki/List_of_Alpha_Kappa_Alpha_chapters#cite_note-:4-61","[","]"
"Kappa Omega","March 1, 1923","Atlanta","https://en.wikipedia.org/wiki/Atlanta","Georgia","Active","55","https://en.wikipedia.org/wiki/List_of_Alpha_Kappa_Alpha_chapters#cite_note-:553-102","[","]"
"Lambda Omega","January 13, 1934","Newport News","https://en.wikipedia.org/wiki/Newport_News,_Virginia","Virginia","Active","29","https://en.wikipedia.org/wiki/List_of_Alpha_Kappa_Alpha_chapters#cite_note-:4-61","[","]"
"Mu Omega","May 10, 1924","Kansas City","https://en.wikipedia.org/wiki/Kansas_City,_Kansas","Kansas","Active","56","https://en.wikipedia.org/wiki/List_of_Alpha_Kappa_Alpha_chapters#cite_note-:563-103","[","]"
"Nu Omega","","Marshall","https://en.wikipedia.org/wiki/Marshall,_Texas","Texas","Active","57","https://en.wikipedia.org/wiki/List_of_Alpha_Kappa_Alpha_chapters#cite_note-marshallnewsmessenger.com-104","[","]"
"Xi Omega","December 23, 1923","","","DC","Active","58","https://en.wikipedia.org/wiki/List_of_Alpha_Kappa_Alpha_chapters#cite_note-Xi_Omega_Chapter-105","[","]"
"Omicron Omega","October 24, 1924","Birmingham","https://en.wikipedia.org/wiki/Birmingham,_Alabama","Alabama","Active","24","https://en.wikipedia.org/wiki/List_of_Alpha_Kappa_Alpha_chapters#cite_note-:9-49","[","]"
"Pi Omega","June 25, 1925","Chattanooga","https://en.wikipedia.org/wiki/Chattanooga,_Tennessee","Tennessee","Active","59","https://en.wikipedia.org/wiki/List_of_Alpha_Kappa_Alpha_chapters#cite_note-About_Us-106","[","]"
"Rho Omega","December 17, 1924","Wilberforce","https://en.wikipedia.org/wiki/Wilberforce,_Ohio","Ohio","Active","60","https://en.wikipedia.org/wiki/List_of_Alpha_Kappa_Alpha_chapters#cite_note-akarhoomega.com-107","[","]"
"Sigma Omega","December 18, 1924","Cincinnati","https://en.wikipedia.org/wiki/Cincinnati","Ohio","Active","61","https://en.wikipedia.org/wiki/List_of_Alpha_Kappa_Alpha_chapters#cite_note-History-108","[","]"
"Tau Omega","May 1925","Harlem","https://en.wikipedia.org/wiki/Harlem","New York","Active","62","https://en.wikipedia.org/wiki/List_of_Alpha_Kappa_Alpha_chapters#cite_note-Welcome-109","[","]"
"Upsilon Omega","October 24, 1925","Richmond","https://en.wikipedia.org/wiki/Richmond,_Virginia","Virginia","Active","63","https://en.wikipedia.org/wiki/List_of_Alpha_Kappa_Alpha_chapters#cite_note-akaupsilonomega.org-110","[","]"
"Phi Omega","February 14, 1924","Winston-Salem","https://en.wikipedia.org/wiki/Winston-Salem,_North_Carolina","North Carolina","Active","64","https://en.wikipedia.org/wiki/List_of_Alpha_Kappa_Alpha_chapters#cite_note-Phi_Omega_History-111","[","]"
"Chi Omega","December 19, 1925","Rocky Mount","https://en.wikipedia.org/wiki/Rocky_Mount,_North_Carolina","North Carolina","Active","65","https://en.wikipedia.org/wiki/List_of_Alpha_Kappa_Alpha_chapters#cite_note-Chapter_History-112","[","]"
"Psi Omega","","","","Massachusetts","Active","66","https://en.wikipedia.org/wiki/List_of_Alpha_Kappa_Alpha_chapters#cite_note-akaboston.org-113","[","]"
"Omega Omega","December 10, 1926","Philadelphia","https://en.wikipedia.org/wiki/Philadelphia","Pennsylvania","Active","67","https://en.wikipedia.org/wiki/List_of_Alpha_Kappa_Alpha_chapters#cite_note-akaomegaomegachapter.com-114","[","]"
"Alpha Alpha Omega","","Pittsburgh","https://en.wikipedia.org/wiki/Pittsburgh","Pennsylvania","Active","68","https://en.wikipedia.org/wiki/List_of_Alpha_Kappa_Alpha_chapters#cite_note-akapghaao.com-115","[","]"
"Alpha Beta Omega","July 23, 1927","New Orleans","https://en.wikipedia.org/wiki/New_Orleans","Louisiana","Active","69","https://en.wikipedia.org/wiki/List_of_Alpha_Kappa_Alpha_chapters#cite_note-alphabetaomega.org-116","[","]"
"Alpha Gamma Omega","October 1, 1927","Los Angeles","https://en.wikipedia.org/wiki/Los_Angeles","California","Active","","","",""
"Alpha Delta Omega","October 9, 1927","Nashville","https://en.wikipedia.org/wiki/Nashville,_Tennessee","Tennessee","Active","70","https://en.wikipedia.org/wiki/List_of_Alpha_Kappa_Alpha_chapters#cite_note-1908ado.org-117","[","]"
"Alpha Epsilon Omega","","Muskogee","https://en.wikipedia.org/wiki/Muskogee,_Oklahoma","Oklahoma","Active","","","",""
"Alpha Zeta Omega","April 14, 1928","Durham","https://en.wikipedia.org/wiki/Durham,_North_Carolina","North Carolina","Active","71","https://en.wikipedia.org/wiki/List_of_Alpha_Kappa_Alpha_chapters#cite_note-alphazetaomega.org-119","[","]"
"Alpha Eta Omega","","Terre Haute","https://en.wikipedia.org/wiki/Terre_Haute,_Indiana","Indiana","Active","","","",""
"Alpha Theta Omega","June 15, 1928","Raleigh","https://en.wikipedia.org/wiki/Raleigh,_North_Carolina","North Carolina","Active","72","https://en.wikipedia.org/wiki/List_of_Alpha_Kappa_Alpha_chapters#cite_note-alphathetaomega-aka.org-120","[","]"
"Alpha Iota Omega","September 1928","Topeka","https://en.wikipedia.org/wiki/Topeka,_Kansas","Kansas","Active","73","https://en.wikipedia.org/wiki/List_of_Alpha_Kappa_Alpha_chapters#cite_note-alphaiotaomega.org-121","[","]"
"Alpha Kappa Omega","","Houston","https://en.wikipedia.org/wiki/Houston","Texas","Active","74","https://en.wikipedia.org/wiki/List_of_Alpha_Kappa_Alpha_chapters#cite_note-President_Message-122","[","]"
"Alpha Lambda Omega","","Charlotte","https://en.wikipedia.org/wiki/Charlotte,_North_Carolina","North Carolina","Active","75","https://en.wikipedia.org/wiki/List_of_Alpha_Kappa_Alpha_chapters#cite_note-alphalambdaomega.org-123","[","]"
"Alpha Mu Omega","February 16, 1929","Indianapolis","https://en.wikipedia.org/wiki/Indianapolis","Indiana","Active","76","https://en.wikipedia.org/wiki/List_of_Alpha_Kappa_Alpha_chapters#cite_note-akaamo.org-124","[","]"
"Alpha Nu Omega","June 8, 1929","Oakland","https://en.wikipedia.org/wiki/Oakland,_California","California","Active","77","https://en.wikipedia.org/wiki/List_of_Alpha_Kappa_Alpha_chapters#cite_note-Our_History_and_Mission-125","[","]"
"Alpha Xi Omega","June 6, 1929","Dallas","https://en.wikipedia.org/wiki/Dallas","Texas","Active","78","https://en.wikipedia.org/wiki/List_of_Alpha_Kappa_Alpha_chapters#cite_note-Alpha_Xi_Omega-126","[","]"
"Alpha Omicron Omega","November 7, 1929","Institute","https://en.wikipedia.org/wiki/Institute,_West_Virginia","West Virginia","Active","79","https://en.wikipedia.org/wiki/List_of_Alpha_Kappa_Alpha_chapters#cite_note-akacharlestonwvaoo.com-127","[","]"
"Alpha Pi Omega","November 23, 1929","Knoxville","https://en.wikipedia.org/wiki/Knoxville,_Tennessee","Tennessee","Active","80","https://en.wikipedia.org/wiki/List_of_Alpha_Kappa_Alpha_chapters#cite_note-Alpha_Pi_Omega_Chapter_History-128","[","]"
"Alpha Rho Omega","","Detroit","https://en.wikipedia.org/wiki/Detroit","Michigan","Active","5","https://en.wikipedia.org/wiki/List_of_Alpha_Kappa_Alpha_chapters#cite_note-:10-9","[","]"
"Alpha Sigma Omega","October 6, 1930","Columbus","https://en.wikipedia.org/wiki/Columbus,_Ohio","Ohio","Active","81","https://en.wikipedia.org/wiki/List_of_Alpha_Kappa_Alpha_chapters#cite_note-Our_Legacy-130","[","]"
"Alpha Tau Omega","","San Antonio","https://en.wikipedia.org/wiki/San_Antonio","Texas","Active","82","https://en.wikipedia.org/wiki/List_of_Alpha_Kappa_Alpha_chapters#cite_note-atoaka.net-131","[","]"
"Alpha Upsilon Omega","","Oklahoma City","https://en.wikipedia.org/wiki/Oklahoma_City","Oklahoma","Active","","","",""
"Alpha Phi Omega","May 31, 1931","Danville","https://en.wikipedia.org/wiki/Danville,_Virginia","Virginia","Active","83","https://en.wikipedia.org/wiki/List_of_Alpha_Kappa_Alpha_chapters#cite_note-chathamstartribune.com-132","[","]"
"Alpha Chi Omega","December 12, 1931","Tulsa","https://en.wikipedia.org/wiki/Tulsa,_Oklahoma","Oklahoma","Active","84","https://en.wikipedia.org/wiki/List_of_Alpha_Kappa_Alpha_chapters#cite_note-akaaco.com-133","[","]"
"Alpha Psi Omega","June 2, 1932","Wilmington","https://en.wikipedia.org/wiki/Wilmington,_North_Carolina","North Carolina","Active","85","https://en.wikipedia.org/wiki/List_of_Alpha_Kappa_Alpha_chapters#cite_note-Alpha_Psi_Omega-134","[","]"
"Alpha Omega Omega","June 3, 1933","Beaumont","https://en.wikipedia.org/wiki/Beaumont,_Texas","Texas","Active","86","https://en.wikipedia.org/wiki/List_of_Alpha_Kappa_Alpha_chapters#cite_note-135","[","]"
"Beta Alpha Omega","","Newark","https://en.wikipedia.org/wiki/Newark,_New_Jersey","New Jersey","Active","87","https://en.wikipedia.org/wiki/List_of_Alpha_Kappa_Alpha_chapters#cite_note-136","[","]"
"Beta Beta Omega","April 21, 1934","Charleston","https://en.wikipedia.org/wiki/Charleston,_West_Virginia","West Virginia","Active","88","https://en.wikipedia.org/wiki/List_of_Alpha_Kappa_Alpha_chapters#cite_note-137","[","]"
"Beta Gamma Omega","","Lexington","https://en.wikipedia.org/wiki/Lexington,_Kentucky","Kentucky","Active","89","https://en.wikipedia.org/wiki/List_of_Alpha_Kappa_Alpha_chapters#cite_note-:53-138","[","]"
"Beta Delta Omega","May 28, 1934","Jackson","https://en.wikipedia.org/wiki/Jackson,_Mississippi","Mississippi","Active","90","https://en.wikipedia.org/wiki/List_of_Alpha_Kappa_Alpha_chapters#cite_note-:54-139","[","]"
"Beta Epsilon Omega","March 24, 1934","Memphis","https://en.wikipedia.org/wiki/Memphis,_Tennessee","Tennessee","Active","91","https://en.wikipedia.org/wiki/List_of_Alpha_Kappa_Alpha_chapters#cite_note-140","[","]"
"Beta Zeta Omega","","Orangeburg","https://en.wikipedia.org/wiki/Orangeburg,_South_Carolina","South Carolina","Active","92","https://en.wikipedia.org/wiki/List_of_Alpha_Kappa_Alpha_chapters#cite_note-141","[","]"
"Beta Eta Omega","June 8, 1934","Dayton","https://en.wikipedia.org/wiki/Dayton,_Ohio","Ohio","Active","93","https://en.wikipedia.org/wiki/List_of_Alpha_Kappa_Alpha_chapters#cite_note-142","[","]"
"Beta Iota Omega","February 12, 1934","Greensboro","https://en.wikipedia.org/wiki/Greensboro,_North_Carolina","North Carolina","Active","94","https://en.wikipedia.org/wiki/List_of_Alpha_Kappa_Alpha_chapters#cite_note-143","[","]"
"Beta Kappa Omega","April 1, 1935","Wichita","https://en.wikipedia.org/wiki/Wichita,_Kansas","Kansas","Active","","","",""
"Beta Lambda Omega","","Bluefield","https://en.wikipedia.org/wiki/Bluefield,_West_Virginia","West Virginia","Active","","","",""
"Beta Mu Omega","May 2, 1936","Fort Worth","https://en.wikipedia.org/wiki/Fort_Worth,_Texas","Texas","Active","95","https://en.wikipedia.org/wiki/List_of_Alpha_Kappa_Alpha_chapters#cite_note-144","[","]"
"Beta Nu Omega","June 13, 1936","Montgomery","https://en.wikipedia.org/wiki/Montgomery,_Alabama","Alabama","Active","96","https://en.wikipedia.org/wiki/List_of_Alpha_Kappa_Alpha_chapters#cite_note-145","[","]"
"Beta Xi Omega","June 13, 1936","","","Alabama","Active","97","https://en.wikipedia.org/wiki/List_of_Alpha_Kappa_Alpha_chapters#cite_note-146","[","]"
"Beta Omicron Omega","","Okmulgee","https://en.wikipedia.org/wiki/Okmulgee,_Oklahoma","Oklahoma","Active","","","",""
"Beta Pi Omega","March 13, 1937","Little Rock","https://en.wikipedia.org/wiki/Little_Rock,_Arkansas","Arkansas","Active","17","https://en.wikipedia.org/wiki/List_of_Alpha_Kappa_Alpha_chapters#cite_note-:12-33","[","]"
"Beta Rho Omega","","Hopkinsville","https://en.wikipedia.org/wiki/Hopkinsville,_Kentucky","Kentucky","Active","","","",""
"Beta Sigma Omega","December 19, 1937","Oklahoma City","https://en.wikipedia.org/wiki/Oklahoma_City","Oklahoma","Active","98","https://en.wikipedia.org/wiki/List_of_Alpha_Kappa_Alpha_chapters#cite_note-147","[","]"
"Beta Tau Omega","","Huntington","https://en.wikipedia.org/wiki/Huntington,_West_Virginia","West Virginia","Active","99","https://en.wikipedia.org/wiki/List_of_Alpha_Kappa_Alpha_chapters#cite_note-148","[","]"
"Beta Upsilon Omega","March 6, 1938","Frankfort","https://en.wikipedia.org/wiki/Frankfort,_Kentucky","Kentucky","Active","100","https://en.wikipedia.org/wiki/List_of_Alpha_Kappa_Alpha_chapters#cite_note-149","[","]"
"Beta Phi Omega","March 19, 1938","Galveston","https://en.wikipedia.org/wiki/Galveston,_Texas","Texas","Active","101","https://en.wikipedia.org/wiki/List_of_Alpha_Kappa_Alpha_chapters#cite_note-150","[","]"
"Beta Chi Omega","December 3, 1938","Roanoke","https://en.wikipedia.org/wiki/Roanoke,_Virginia","Virginia","Active","102","https://en.wikipedia.org/wiki/List_of_Alpha_Kappa_Alpha_chapters#cite_note-151","[","]"
"Beta Psi Omega","May 7, 1938","Austin","https://en.wikipedia.org/wiki/Austin,_Texas","Texas","Active","103","https://en.wikipedia.org/wiki/List_of_Alpha_Kappa_Alpha_chapters#cite_note-152","[","]"
"Beta Omega Omega","February 18, 1939","Paducah","https://en.wikipedia.org/wiki/Paducah,_Kentucky","Kentucky","Active","","","",""
"Gamma Alpha Omega","March 4, 1939","Jackson","https://en.wikipedia.org/wiki/Jackson,_Tennessee","Tennessee","Active","104","https://en.wikipedia.org/wiki/List_of_Alpha_Kappa_Alpha_chapters#cite_note-153","[","]"
"Gamma Beta Omega","February 18, 1940","Wislon","https://en.wikipedia.org/wiki/Wilson,_North_Carolina","North Carolina","Active","105","https://en.wikipedia.org/wiki/List_of_Alpha_Kappa_Alpha_chapters#cite_note-154","[","]"
"Gamma Gamma Omega","March 31, 1940","Asheville","https://en.wikipedia.org/wiki/Asheville,_North_Carolina","North Carolina","Active","","","",""
"Gamma Delta Omega","October 6, 1939","Portsmouth","https://en.wikipedia.org/wiki/Portsmouth,_Virginia","Virginia","Active","106","https://en.wikipedia.org/wiki/List_of_Alpha_Kappa_Alpha_chapters#cite_note-155","[","]"
"Gamma Epsilon Omega","","Jefferson City","https://en.wikipedia.org/wiki/Jefferson_City,_Missouri","Missouri","Active","","","",""
"Gamma Zeta Omega","April 27, 1940","Miami","https://en.wikipedia.org/wiki/Miami","Florida","Active","107","https://en.wikipedia.org/wiki/List_of_Alpha_Kappa_Alpha_chapters#cite_note-156","[","]"
"Gamma Eta Omega","May 28, 1940","Baton Rouge","https://en.wikipedia.org/wiki/Baton_Rouge,_Louisiana","Louisiana","Active","16","https://en.wikipedia.org/wiki/List_of_Alpha_Kappa_Alpha_chapters#cite_note-:11-32","[","]"
"Gamma Theta Omega","December 7, 1940","Tampa","https://en.wikipedia.org/wiki/Tampa,_Florida","Florida","Active","108","https://en.wikipedia.org/wiki/List_of_Alpha_Kappa_Alpha_chapters#cite_note-157","[","]"
"Gamma Iota Omega","February 1941","Lynchburg","https://en.wikipedia.org/wiki/Lynchburg,_Virginia","Virginia","Active","","","",""
"Gamma Kappa Omega","March 15, 1941","Carbondale","https://en.wikipedia.org/wiki/Carbondale,_Illinois","Illinois","Active","109","https://en.wikipedia.org/wiki/List_of_Alpha_Kappa_Alpha_chapters#cite_note-158","[","]"
"Gamma Lambda Omega","","Lawrenceville","https://en.wikipedia.org/wiki/Lawrenceville,_Virginia","Virginia","Active","","","",""
"Gamma Mu Omega","December 13, 1941","Daytona Beach","https://en.wikipedia.org/wiki/Daytona_Beach,_Florida","Florida","Active","19","https://en.wikipedia.org/wiki/List_of_Alpha_Kappa_Alpha_chapters#cite_note-:13-39","[","]"
"Gamma Nu Omega","February 7, 1942","Columbia","https://en.wikipedia.org/wiki/Columbia,_South_Carolina","South Carolina","Active","110","https://en.wikipedia.org/wiki/List_of_Alpha_Kappa_Alpha_chapters#cite_note-159","[","]"
"Gamma Xi Omega","February 14, 1942","Charleston","https://en.wikipedia.org/wiki/Charleston,_South_Carolina","South Carolina","Active","111","https://en.wikipedia.org/wiki/List_of_Alpha_Kappa_Alpha_chapters#cite_note-160","[","]"
"Gamma Omicron Omega","","Tyler","https://en.wikipedia.org/wiki/Tyler,_Texas","Texas","Active","112","https://en.wikipedia.org/wiki/List_of_Alpha_Kappa_Alpha_chapters#cite_note-161","[","]"
"Gamma Pi Omega","March 1942","Fort Valley","https://en.wikipedia.org/wiki/Fort_Valley,_Georgia","Georgia","Active","113","https://en.wikipedia.org/wiki/List_of_Alpha_Kappa_Alpha_chapters#cite_note-162","[","]"
"Gamma Rho Omega","June 23, 1942","Jacksonville","https://en.wikipedia.org/wiki/Jacksonville,_Florida","Florida","Active","114","https://en.wikipedia.org/wiki/List_of_Alpha_Kappa_Alpha_chapters#cite_note-163","[","]"
"Gamma Sigma Omega","May 29, 1943","Savannah","https://en.wikipedia.org/wiki/Savannah,_Georgia","Georgia","Active","115","https://en.wikipedia.org/wiki/List_of_Alpha_Kappa_Alpha_chapters#cite_note-164","[","]"
"Gamma Tau Omega","March 22, 1943","Columbus","https://en.wikipedia.org/wiki/Columbus,_Georgia","Georgia","Active","116","https://en.wikipedia.org/wiki/List_of_Alpha_Kappa_Alpha_chapters#cite_note-165","[","]"
"Gamma Upsilon Omega","March 25, 1944","Hampton","https://en.wikipedia.org/wiki/Hampton,_Virginia","Virginia","Active","117","https://en.wikipedia.org/wiki/List_of_Alpha_Kappa_Alpha_chapters#cite_note-166","[","]"
"Gamma Phi Omega","June 25, 1944","Buffalo","https://en.wikipedia.org/wiki/Buffalo,_New_York","New York","Active","118","https://en.wikipedia.org/wiki/List_of_Alpha_Kappa_Alpha_chapters#cite_note-167","[","]"
"Gamma Chi Omega","October 14, 1944","Morgantown","https://en.wikipedia.org/wiki/Morgantown,_West_Virginia","West Virginia","Active","119","https://en.wikipedia.org/wiki/List_of_Alpha_Kappa_Alpha_chapters#cite_note-168","[","]"
"Gamma Psi Omega","October 28, 1944","Gary","https://en.wikipedia.org/wiki/Gary,_Indiana","Indiana","Active","120","https://en.wikipedia.org/wiki/List_of_Alpha_Kappa_Alpha_chapters#cite_note-169","[","]"
"Gamma Omega Omega","November 1, 1970","La Marque","https://en.wikipedia.org/wiki/La_Marque,_Texas","Texas","Active","121","https://en.wikipedia.org/wiki/List_of_Alpha_Kappa_Alpha_chapters#cite_note-170","[","]"
"Delta Alpha Omega","April 15, 1946","Waco","https://en.wikipedia.org/wiki/Waco,_Texas","Texas","Active","","","",""
"Delta Beta Omega","","Phoenix","https://en.wikipedia.org/wiki/Phoenix,_Arizona","Arizona","Active","122","https://en.wikipedia.org/wiki/List_of_Alpha_Kappa_Alpha_chapters#cite_note-171","[","]"
"Delta Gamma Omega","May 7, 1946","Corpus Christi","https://en.wikipedia.org/wiki/Corpus_Christi,_Texas","Texas","Active","","","",""
"Delta Delta Omega","May 25, 1946","East St. Louis","https://en.wikipedia.org/wiki/East_St._Louis,_Illinois","Illinois","Active","23","https://en.wikipedia.org/wiki/List_of_Alpha_Kappa_Alpha_chapters#cite_note-:15-47","[","]"
"Delta Epsilon Omega","","Omaha","https://en.wikipedia.org/wiki/Omaha,_Nebraska","Nebraska","Active","123","https://en.wikipedia.org/wiki/List_of_Alpha_Kappa_Alpha_chapters#cite_note-172","[","]"
"Delta Zeta Omega","September 3, 1946","San Francisco","https://en.wikipedia.org/wiki/San_Francisco","California","Active","26","https://en.wikipedia.org/wiki/List_of_Alpha_Kappa_Alpha_chapters#cite_note-:16-54","[","]"
"Delta Eta Omega","November 2, 1946","Albany","https://en.wikipedia.org/wiki/Albany,_Georgia","Georgia","Active","124","https://en.wikipedia.org/wiki/List_of_Alpha_Kappa_Alpha_chapters#cite_note-173","[","]"
"Delta Theta Omega","November 22, 1946","Mobile","https://en.wikipedia.org/wiki/Mobile,_Alabama","Alabama","Active","125","https://en.wikipedia.org/wiki/List_of_Alpha_Kappa_Alpha_chapters#cite_note-174","[","]"
"Delta Iota Omega","November 23, 1946","Pensacola","https://en.wikipedia.org/wiki/Pensacola,_Florida","Florida","Active","27","https://en.wikipedia.org/wiki/List_of_Alpha_Kappa_Alpha_chapters#cite_note-:17-58","[","]"
"Delta Kappa Omega","January 24, 1947","Tallahassee","https://en.wikipedia.org/wiki/Tallahassee,_Florida","Florida","Active","","","",""
"Delta Lambda Omega","February 3, 1947","Shreveport","https://en.wikipedia.org/wiki/Shreveport,_Louisiana","Louisiana","Active","39","https://en.wikipedia.org/wiki/List_of_Alpha_Kappa_Alpha_chapters#cite_note-:18-80","[","]"
"Delta Mu Omega","February 17, 1947","Albany","https://en.wikipedia.org/wiki/Albany,_New_York","New York","Active","126","https://en.wikipedia.org/wiki/List_of_Alpha_Kappa_Alpha_chapters#cite_note-175","[","]"
"Delta Nu Omega","April 15, 1946","Rochester","https://en.wikipedia.org/wiki/Rochester,_New_York","New York","Active","127","https://en.wikipedia.org/wiki/List_of_Alpha_Kappa_Alpha_chapters#cite_note-176","[","]"
"Delta Xi Omega","April 19, 1947","Salisbury","https://en.wikipedia.org/wiki/Salisbury,_North_Carolina","North Carolina","Active","128","https://en.wikipedia.org/wiki/List_of_Alpha_Kappa_Alpha_chapters#cite_note-177","[","]"
"Delta Omicron Omega","October 24, 1947","Orlando","https://en.wikipedia.org/wiki/Orlando,_Florida","Florida","Active","129","https://en.wikipedia.org/wiki/List_of_Alpha_Kappa_Alpha_chapters#cite_note-178","[","]"
"Delta Pi Omega","October 25, 1947","Annapolis","https://en.wikipedia.org/wiki/Annapolis,_Maryland","Maryland","Active","130","https://en.wikipedia.org/wiki/List_of_Alpha_Kappa_Alpha_chapters#cite_note-179","[","]"
"Delta Rho Omega","November 15, 1947","Brooklyn","https://en.wikipedia.org/wiki/Brooklyn","New York","Active","131","https://en.wikipedia.org/wiki/List_of_Alpha_Kappa_Alpha_chapters#cite_note-180","[","]"
"Delta Sigma Omega","December 20, 1947","Salibury","https://en.wikipedia.org/wiki/Salisbury,_Maryland","Maryland","Active","132","https://en.wikipedia.org/wiki/List_of_Alpha_Kappa_Alpha_chapters#cite_note-181","[","]"
"Delta Tau Omega","December 17, 1947","Lansing","https://en.wikipedia.org/wiki/Lansing,_Michigan","Michigan","Active","133","https://en.wikipedia.org/wiki/List_of_Alpha_Kappa_Alpha_chapters#cite_note-182","[","]"
"Delta Upsilon Omega","","Seattle","https://en.wikipedia.org/wiki/Seattle","Washington","Active","13","https://en.wikipedia.org/wiki/List_of_Alpha_Kappa_Alpha_chapters#cite_note-:19-26","[","]"
"Delta Phi Omega","April 17, 1948","Minneapolis","https://en.wikipedia.org/wiki/Minneapolis","Minnesota","Active","134","https://en.wikipedia.org/wiki/List_of_Alpha_Kappa_Alpha_chapters#cite_note-183","[","]"
"Delta Chi Omega","June 25, 1948","Evanston","https://en.wikipedia.org/wiki/Evanston,_Illinois","Illinois","Active","135","https://en.wikipedia.org/wiki/List_of_Alpha_Kappa_Alpha_chapters#cite_note-184","[","]"
"Delta Psi Omega","December 4, 1948","Ann Arbor","https://en.wikipedia.org/wiki/Ann_Arbor,_Michigan","Michigan","Active","136","https://en.wikipedia.org/wiki/List_of_Alpha_Kappa_Alpha_chapters#cite_note-185","[","]"
"Delta Omega Omega","December 11, 1948","Pine Bluff","https://en.wikipedia.org/wiki/Pine_Bluff,_Arkansas","Arkansas","Active","137","https://en.wikipedia.org/wiki/List_of_Alpha_Kappa_Alpha_chapters#cite_note-186","[","]"
"","","Greenville","https://en.wikipedia.org/wiki/Greenville,_South_Carolina","South Carolina","Inactive ?","138","https://en.wikipedia.org/wiki/List_of_Alpha_Kappa_Alpha_chapters#cite_note-187","[","]"
"Epsilon Beta Omega","March 5, 1949","Spartanburg","https://en.wikipedia.org/wiki/Spartanburg,_South_Carolina","South Carolina","Active","139","https://en.wikipedia.org/wiki/List_of_Alpha_Kappa_Alpha_chapters#cite_note-188","[","]"
"Epsilon Gamma Omega","March 19, 1949","Huntsville","https://en.wikipedia.org/wiki/Huntsville,_Alabama","Alabama","Active","140","https://en.wikipedia.org/wiki/List_of_Alpha_Kappa_Alpha_chapters#cite_note-189","[","]"
"Epsilon Delta Omega","","Beckley","https://en.wikipedia.org/wiki/Beckley,_West_Virginia","West Virginia","Active","141","https://en.wikipedia.org/wiki/List_of_Alpha_Kappa_Alpha_chapters#cite_note-190","[","]"
"Epsilon Epsilon Omega","April 9, 1949","Champaign","https://en.wikipedia.org/wiki/Champaign,_Illinois","Illinois","Active","4","https://en.wikipedia.org/wiki/List_of_Alpha_Kappa_Alpha_chapters#cite_note-:14-5","[","]"
"Epsilon Zeta Omega","April 3, 1949","Longview","https://en.wikipedia.org/wiki/Longview,_Texas","Texas","Active","142","https://en.wikipedia.org/wiki/List_of_Alpha_Kappa_Alpha_chapters#cite_note-192","[","]"
"Epsilon Eta Omega","","Pomona","https://en.wikipedia.org/wiki/Pomona_College","California","Active","143","https://en.wikipedia.org/wiki/List_of_Alpha_Kappa_Alpha_chapters#cite_note-193","[","]"
"Epsilon Theta Omega","April 2, 1949","Port Arthur","https://en.wikipedia.org/wiki/Port_Arthur,_Texas","Texas","Active","144","https://en.wikipedia.org/wiki/List_of_Alpha_Kappa_Alpha_chapters#cite_note-194","[","]"
"Epsilon Iota Omega","May 6, 1940","Dover","https://en.wikipedia.org/wiki/Dover,_Delaware","Delaware","Active","40","https://en.wikipedia.org/wiki/List_of_Alpha_Kappa_Alpha_chapters#cite_note-:22-81","[","]"
"Epsilon Kappa Omega","May 11, 1949","Milwaukee","https://en.wikipedia.org/wiki/Milwaukee","Wisconsin","Active","145","https://en.wikipedia.org/wiki/List_of_Alpha_Kappa_Alpha_chapters#cite_note-195","[","]"
"Epsilon Lambda Omega","","Cairo","https://en.wikipedia.org/wiki/Cairo,_Illinois","Illinois","Active","","","",""
"Epsilon Mu Omega","May 21, 1949","Youngstown","https://en.wikipedia.org/wiki/Youngstown,_Ohio","Ohio","Active","146","https://en.wikipedia.org/wiki/List_of_Alpha_Kappa_Alpha_chapters#cite_note-196","[","]"
"Epsilon Nu Omega","October 22, 1949","Denver","https://en.wikipedia.org/wiki/Denver","Colorado","Active","147","https://en.wikipedia.org/wiki/List_of_Alpha_Kappa_Alpha_chapters#cite_note-197","[","]"
"Epsilon Xi Omega","October 29, 1949","San Diego","https://en.wikipedia.org/wiki/San_Diego","California","Active","15","https://en.wikipedia.org/wiki/List_of_Alpha_Kappa_Alpha_chapters#cite_note-:20-28","[","]"
"Epsilon Omicron Omega","May 6, 1950","Hartford","https://en.wikipedia.org/wiki/Hartford,_Connecticut","Connecticut","Active","32","https://en.wikipedia.org/wiki/List_of_Alpha_Kappa_Alpha_chapters#cite_note-:21-64","[","]"
"Epsilon Pi Omega","May 13, 1950","St. Albans, Queens","https://en.wikipedia.org/wiki/St._Albans,_Queens","New York","Active","148","https://en.wikipedia.org/wiki/List_of_Alpha_Kappa_Alpha_chapters#cite_note-199","[","]"
"","","","","","Inactive ?","","","",""
"Epsilon Sigma Omega","February 2, 1952","Harrisburg","https://en.wikipedia.org/wiki/Harrisburg,_Pennsylvania","Pennsylvania","Active","149","https://en.wikipedia.org/wiki/List_of_Alpha_Kappa_Alpha_chapters#cite_note-200","[","]"
"Epsilon Tau Omega","April 19, 1952","Greenville","https://en.wikipedia.org/wiki/Greenville,_South_Carolina","South Carolina","Active","150","https://en.wikipedia.org/wiki/List_of_Alpha_Kappa_Alpha_chapters#cite_note-201","[","]"
"Epsilon Upsilon Omega","March 8, 1952","Trenton","https://en.wikipedia.org/wiki/Trenton,_New_Jersey","New Jersey","Active","35","https://en.wikipedia.org/wiki/List_of_Alpha_Kappa_Alpha_chapters#cite_note-:24-72","[","]"
"Epsilon Phi Omega","March 15, 1952","Goldsboro","https://en.wikipedia.org/wiki/Goldsboro,_North_Carolina","North Carolina","Active","151","https://en.wikipedia.org/wiki/List_of_Alpha_Kappa_Alpha_chapters#cite_note-202","[","]"
"Epsilon Chi Omega","March 8, 1952","Florence","https://en.wikipedia.org/wiki/Florence,_South_Carolina","South Carolina","Active","152","https://en.wikipedia.org/wiki/List_of_Alpha_Kappa_Alpha_chapters#cite_note-203","[","]"
"Epsilon Psi Omega","March 15, 1952","Grambling","https://en.wikipedia.org/wiki/Grambling,_Louisiana","Louisiana","Active","153","https://en.wikipedia.org/wiki/List_of_Alpha_Kappa_Alpha_chapters#cite_note-204","[","]"
"Epsilon Omega Omega","May 3, 1952","Macon","https://en.wikipedia.org/wiki/Macon,_Georgia","Georgia","Active","154","https://en.wikipedia.org/wiki/List_of_Alpha_Kappa_Alpha_chapters#cite_note-205","[","]"
"Zeta Alpha Omega","April 25, 1952","Toledo","https://en.wikipedia.org/wiki/Toledo,_Ohio","Ohio","Active","155","https://en.wikipedia.org/wiki/List_of_Alpha_Kappa_Alpha_chapters#cite_note-206","[","]"
"Zeta Beta Omega","","Flint","https://en.wikipedia.org/wiki/Flint,_Michigan","Michigan","Active","","","",""
"Zeta Gamma Omega","March 28, 1953","Prairie View","https://en.wikipedia.org/wiki/Prairie_View,_Texas","Texas","Active","156","https://en.wikipedia.org/wiki/List_of_Alpha_Kappa_Alpha_chapters#cite_note-207","[","]"
"Zeta Delta Omega","April 25, 1953","Natchez","https://en.wikipedia.org/wiki/Natchez,_Mississippi","Mississippi","Active","","","",""
"Zeta Epsilon Omega","February 14, 1954","Suffolk","https://en.wikipedia.org/wiki/Suffolk,_Virginia","Virginia","Active","157","https://en.wikipedia.org/wiki/List_of_Alpha_Kappa_Alpha_chapters#cite_note-208","[","]"
"Zeta Zeta Omega","March 13, 1954","Evansville","https://en.wikipedia.org/wiki/Evansville,_Indiana","Indiana","Active","158","https://en.wikipedia.org/wiki/List_of_Alpha_Kappa_Alpha_chapters#cite_note-209","[","]"
"Zeta Eta Omega","March 27, 1954","Selma","https://en.wikipedia.org/wiki/Selma,_Alabama","Alabama","Active","","","",""
"Zeta Theta Omega","April 3, 1954","Akron","https://en.wikipedia.org/wiki/Akron,_Ohio","Ohio","Active","11","https://en.wikipedia.org/wiki/List_of_Alpha_Kappa_Alpha_chapters#cite_note-:23-21","[","]"
"Zeta Iota Omega","May 1, 1954","Brunswick","https://en.wikipedia.org/wiki/Brunswick,_Georgia","Georgia","Active","159","https://en.wikipedia.org/wiki/List_of_Alpha_Kappa_Alpha_chapters#cite_note-211","[","]"
"Zeta Kappa Omega","","Elizabeth City","https://en.wikipedia.org/wiki/Elizabeth_City,_North_Carolina","North Carolina","Active","","","",""
"Zeta Lambda Omega","","Alexandria","https://en.wikipedia.org/wiki/Alexandria,_Louisiana","Louisiana","Active","","","",""
"Zeta Mu Omega","February 26, 1955","Gastonia","https://en.wikipedia.org/wiki/Gastonia,_North_Carolina","North Carolina","Active","160","https://en.wikipedia.org/wiki/List_of_Alpha_Kappa_Alpha_chapters#cite_note-212","[","]"
"Zeta Nu Omega","March 12, 1955","New Rochelle","https://en.wikipedia.org/wiki/New_Rochelle,_New_York","New York","Active","161","https://en.wikipedia.org/wiki/List_of_Alpha_Kappa_Alpha_chapters#cite_note-213","[","]"
"Zeta Xi Omega","March 13, 1955","Augusta","https://en.wikipedia.org/wiki/Augusta,_Georgia","Georgia","Active","162","https://en.wikipedia.org/wiki/List_of_Alpha_Kappa_Alpha_chapters#cite_note-214","[","]"
"Zeta Omicron Omega","March 19, 1955","Kinston","https://en.wikipedia.org/wiki/Kinston,_North_Carolina","","Active","163","https://en.wikipedia.org/wiki/List_of_Alpha_Kappa_Alpha_chapters#cite_note-215","[","]"
"Zeta Pi Omega","April 2, 1955","Fayetteville","https://en.wikipedia.org/wiki/Fayetteville,_North_Carolina","","Active","164","https://en.wikipedia.org/wiki/List_of_Alpha_Kappa_Alpha_chapters#cite_note-216","[","]"
"Zeta Rho Omega","April 16, 1955","Fort Lauderdale","https://en.wikipedia.org/wiki/Fort_Lauderdale,_Florida","Florida","Active","165","https://en.wikipedia.org/wiki/List_of_Alpha_Kappa_Alpha_chapters#cite_note-217","[","]"
"Zeta Sigma Omega","November 25, 1955","Portland","https://en.wikipedia.org/wiki/Portland,_Oregon","Oregon","Active","166","https://en.wikipedia.org/wiki/List_of_Alpha_Kappa_Alpha_chapters#cite_note-218","[","]"
"Zeta Tau Omega","December 10, 1955","West Palm Beach","https://en.wikipedia.org/wiki/West_Palm_Beach,_Florida","Florida","Active","167","https://en.wikipedia.org/wiki/List_of_Alpha_Kappa_Alpha_chapters#cite_note-219","[","]"
"Zeta Upsilon Omega","December 15, 1955","St. Petersburg","https://en.wikipedia.org/wiki/St._Petersburg,_Florida","Florida","Active","168","https://en.wikipedia.org/wiki/List_of_Alpha_Kappa_Alpha_chapters#cite_note-220","[","]"
"Zeta Phi Omega","January 7, 1956","Monroe","https://en.wikipedia.org/wiki/Monroe,_Louisiana","Louisiana","Active","169","https://en.wikipedia.org/wiki/List_of_Alpha_Kappa_Alpha_chapters#cite_note-221","[","]"
"Zeta Chi Omega","May 25, 1956","Alexandria","https://en.wikipedia.org/wiki/Alexandria,_Virginia","Virginia","Active","37","https://en.wikipedia.org/wiki/List_of_Alpha_Kappa_Alpha_chapters#cite_note-:25-77","[","]"
"Zeta Psi Omega","February 9, 1957","Lake Charles","https://en.wikipedia.org/wiki/Lake_Charles,_Louisiana","Louisiana","Active","","","",""
"Zeta Omega Omega","February 23, 1957","Tacoma","https://en.wikipedia.org/wiki/Tacoma,_Washington","Washington","Active","170","https://en.wikipedia.org/wiki/List_of_Alpha_Kappa_Alpha_chapters#cite_note-222","[","]"
"Eta Alpha Omega","March 16, 1957","Rock Hill","https://en.wikipedia.org/wiki/Rock_Hill,_South_Carolina","South Carolina","Active","171","https://en.wikipedia.org/wiki/List_of_Alpha_Kappa_Alpha_chapters#cite_note-223","[","]"
"Eta Beta Omega","","Centreville","https://en.wikipedia.org/wiki/Centreville,_Virginia","Virginia","Active","","","",""
"Eta Gamma Omega","November 22, 1958","Sacramento","https://en.wikipedia.org/wiki/Sacramento,_California","California","Active","172","https://en.wikipedia.org/wiki/List_of_Alpha_Kappa_Alpha_chapters#cite_note-224","[","]"
"Eta Delta Omega","December 13, 1958","Lubbock","https://en.wikipedia.org/wiki/Lubbock,_Texas","Texas","Active","173","https://en.wikipedia.org/wiki/List_of_Alpha_Kappa_Alpha_chapters#cite_note-225","[","]"
"Eta Epsilon Omega","December 13, 1958","Tucson","https://en.wikipedia.org/wiki/Tucson,_Arizona","Arizona","Active","174","https://en.wikipedia.org/wiki/List_of_Alpha_Kappa_Alpha_chapters#cite_note-226","[","]"
"Eta Zeta Omega","February 14, 1959","Sumter","https://en.wikipedia.org/wiki/Sumter,_South_Carolina","South Carolina","Active","175","https://en.wikipedia.org/wiki/List_of_Alpha_Kappa_Alpha_chapters#cite_note-227","[","]"
"Eta Eta Omega","February 28, 1959","Fort Pierce","https://en.wikipedia.org/wiki/Fort_Pierce,_Florida","Florida","Active","176","https://en.wikipedia.org/wiki/List_of_Alpha_Kappa_Alpha_chapters#cite_note-228","[","]"
"Eta Theta Omega","","Greenville","https://en.wikipedia.org/wiki/Greenville,_Mississippi","Mississippi","Active","","","",""
"Eta Iota Omega","February 6, 1960","Inkster","https://en.wikipedia.org/wiki/Inkster,_Michigan","Michigan","Active","177","https://en.wikipedia.org/wiki/List_of_Alpha_Kappa_Alpha_chapters#cite_note-229","[","]"
"Eta Kappa Omega","","East Chicago","https://en.wikipedia.org/wiki/East_Chicago,_Indiana","Indiana","Active","","","",""
"Eta Lambda Omega","March 6, 1960","Pasadena","https://en.wikipedia.org/wiki/Pasadena,_California","California","Active","178","https://en.wikipedia.org/wiki/List_of_Alpha_Kappa_Alpha_chapters#cite_note-230","[","]"
"Eta Mu Omega","","South Bend","https://en.wikipedia.org/wiki/South_Bend,_Indiana","Indiana","Active","","","",""
"Eta Nu Omega","","Riverside","https://en.wikipedia.org/wiki/Riverside,_California","California","Active","","","",""
"Eta Xi Omega","November 11, 1961","Tuscaloosa","https://en.wikipedia.org/wiki/Tuscaloosa,_Alabama","Alabama","Active","22","https://en.wikipedia.org/wiki/List_of_Alpha_Kappa_Alpha_chapters#cite_note-:26-45","[","]"
"Eta Omicron Omega","November 18, 1961","High Point","https://en.wikipedia.org/wiki/High_Point,_North_Carolina","North Carolina","Active","38","https://en.wikipedia.org/wiki/List_of_Alpha_Kappa_Alpha_chapters#cite_note-:29-79","[","]"
"Eta Pi Omega","November 24, 1961","El Paso","https://en.wikipedia.org/wiki/El_Paso,_Texas","Texas","Active","179","https://en.wikipedia.org/wiki/List_of_Alpha_Kappa_Alpha_chapters#cite_note-231","[","]"
"Eta Rho Omega","December 2, 1961","San Jose","https://en.wikipedia.org/wiki/San_Jose,_California","California","Active","25","https://en.wikipedia.org/wiki/List_of_Alpha_Kappa_Alpha_chapters#cite_note-:27-51","[","]"
"Eta Sigma Omega","December 21, 1961","Marianna","https://en.wikipedia.org/wiki/Marianna,_Arkansas","Arkansas","Active","30","https://en.wikipedia.org/wiki/List_of_Alpha_Kappa_Alpha_chapters#cite_note-:28-62","[","]"
"Eta Tau Omega","February 10, 1962","Ocala","https://en.wikipedia.org/wiki/Ocala,_Florida","Florida","Active","180","https://en.wikipedia.org/wiki/List_of_Alpha_Kappa_Alpha_chapters#cite_note-:30-234","[","]"
"Eta Upsilon Omega","February 1, 1962","Saginaw","https://en.wikipedia.org/wiki/Saginaw,_Michigan","Michigan","Active","181","https://en.wikipedia.org/wiki/List_of_Alpha_Kappa_Alpha_chapters#cite_note-235","[","]"
"Eta Phi Omega","","Charlottesville","https://en.wikipedia.org/wiki/Charlottesville,_Virginia","Virginia","Active","","","",""
"Eta Chi Omega","March 30, 1963","Lafayette","https://en.wikipedia.org/wiki/Lafayette,_Louisiana","Louisiana","Active","182","https://en.wikipedia.org/wiki/List_of_Alpha_Kappa_Alpha_chapters#cite_note-236","[","]"
"Eta Psi Omega","September 21, 1963","Nassau","https://en.wikipedia.org/wiki/Nassau,_Bahamas","","Active","","","",""
"Eta Omega Omega","May 23, 1964","Bronx","https://en.wikipedia.org/wiki/The_Bronx","New York","Active","183","https://en.wikipedia.org/wiki/List_of_Alpha_Kappa_Alpha_chapters#cite_note-237","[","]"
"Theta Alpha Omega","October 25, 1964","Long Beach","https://en.wikipedia.org/wiki/Long_Beach,_California","California","Active","184","https://en.wikipedia.org/wiki/List_of_Alpha_Kappa_Alpha_chapters#cite_note-238","[","]"
"Theta Beta Omega","November 21, 1964","New Bern","https://en.wikipedia.org/wiki/New_Bern,_North_Carolina","North Carolina","Active","185","https://en.wikipedia.org/wiki/List_of_Alpha_Kappa_Alpha_chapters#cite_note-239","[","]"
"","","Abilene","https://en.wikipedia.org/wiki/Abilene,_Texas","Texas","Inactive","186","https://en.wikipedia.org/wiki/List_of_Alpha_Kappa_Alpha_chapters#cite_note-241","[","]"
"Theta Delta Omega","November 28, 1964","Midland","https://en.wikipedia.org/wiki/Midland,_Texas","Texas","Active","187","https://en.wikipedia.org/wiki/List_of_Alpha_Kappa_Alpha_chapters#cite_note-242","[","]"
"Theta Epsilon Omega","January 17, 1965","New Haven","https://en.wikipedia.org/wiki/New_Haven,_Connecticut","Connecticut","Active","188","https://en.wikipedia.org/wiki/List_of_Alpha_Kappa_Alpha_chapters#cite_note-243","[","]"
"Theta Zeta Omega","May 15, 1965","Ocean Springs","https://en.wikipedia.org/wiki/Ocean_Springs,_Mississippi","Mississippi","Active","189","https://en.wikipedia.org/wiki/List_of_Alpha_Kappa_Alpha_chapters#cite_note-244","[","]"
"Theta Eta Omega","","Humboldt","https://en.wikipedia.org/wiki/Humboldt,_Tennessee","Tennessee","Active","","","",""
"Theta Theta Omega","May 23, 1965","Las Vegas","https://en.wikipedia.org/wiki/Las_Vegas","Nevada","Active","190","https://en.wikipedia.org/wiki/List_of_Alpha_Kappa_Alpha_chapters#cite_note-245","[","]"
"Theta Iota Omega","October 29, 1966","West Hempstead","https://en.wikipedia.org/wiki/West_Hempstead,_New_York","New York","Active","191","https://en.wikipedia.org/wiki/List_of_Alpha_Kappa_Alpha_chapters#cite_note-246","[","]"
"Theta Kappa Omega","November 5, 1966","Atlantic City","https://en.wikipedia.org/wiki/Atlantic_City,_New_Jersey","New Jersey","Active","192","https://en.wikipedia.org/wiki/List_of_Alpha_Kappa_Alpha_chapters#cite_note-247","[","]"
"Theta Lambda Omega","November 19, 1966","Pontiac","https://en.wikipedia.org/wiki/Pontiac,_Michigan","Michigan","Active","193","https://en.wikipedia.org/wiki/List_of_Alpha_Kappa_Alpha_chapters#cite_note-248","[","]"
"Theta Mu Omega","December 18, 1966","Los Angeles","https://en.wikipedia.org/wiki/Los_Angeles","California","Active","194","https://en.wikipedia.org/wiki/List_of_Alpha_Kappa_Alpha_chapters#cite_note-249","[","]"
"Theta Nu Omega","February 4, 1967","Fort Myers","https://en.wikipedia.org/wiki/Fort_Myers,_Florida","Florida","Active","195","https://en.wikipedia.org/wiki/List_of_Alpha_Kappa_Alpha_chapters#cite_note-250","[","]"
"Theta Xi Omega","","LaGrange","https://en.wikipedia.org/wiki/LaGrange,_Georgia","Georgia","Active","","","",""
"Theta Omicron Omega","May 27, 1967","Cedartown","https://en.wikipedia.org/wiki/Cedartown,_Georgia","Georgia","Active","","","",""
"Theta Pi Omega","November 11, 1967","Blackwood","https://en.wikipedia.org/wiki/Blackwood,_New_Jersey","New Jersey","Active","196","https://en.wikipedia.org/wiki/List_of_Alpha_Kappa_Alpha_chapters#cite_note-251","[","]"
"Theta Rho Omega","November 17, 1968","Matteson","https://en.wikipedia.org/wiki/Matteson,_Illinois","Illinois","Active","197","https://en.wikipedia.org/wiki/List_of_Alpha_Kappa_Alpha_chapters#cite_note-252","[","]"
"Theta Sigma Omega","November 16, 1968","Hattiesburg","https://en.wikipedia.org/wiki/Hattiesburg,_Mississippi","Mississippi","Active","28","https://en.wikipedia.org/wiki/List_of_Alpha_Kappa_Alpha_chapters#cite_note-:31-59","[","]"
"Theta Tau Omega","November 23, 1968","Bridgeport","https://en.wikipedia.org/wiki/Bridgeport,_Connecticut","Connecticut","Active","198","https://en.wikipedia.org/wiki/List_of_Alpha_Kappa_Alpha_chapters#cite_note-253","[","]"
"Theta Upsilon Omega","November 29, 1968","Lawton","https://en.wikipedia.org/wiki/Lawton,_Oklahoma","Oklahoma","Active","","","",""
"Theta Phi Omega","December 14, 1968","Plainfield","https://en.wikipedia.org/wiki/Plainfield,_New_Jersey","New Jersey","Active","199","https://en.wikipedia.org/wiki/List_of_Alpha_Kappa_Alpha_chapters#cite_note-254","[","]"
"Theta Chi Omega","October 4, 1969","Grand Rapids","https://en.wikipedia.org/wiki/Grand_Rapids,_Michigan","Michigan","Active","200","https://en.wikipedia.org/wiki/List_of_Alpha_Kappa_Alpha_chapters#cite_note-255","[","]"
"Theta Psi Omega","October 19, 1969","Providence","https://en.wikipedia.org/wiki/Providence,_Rhode_Island","Rhode Island","Active","201","https://en.wikipedia.org/wiki/List_of_Alpha_Kappa_Alpha_chapters#cite_note-256","[","]"
"Theta Omega Omega","November 22, 1969","Silver Spring","https://en.wikipedia.org/wiki/Silver_Spring,_Maryland","Maryland","Active","202","https://en.wikipedia.org/wiki/List_of_Alpha_Kappa_Alpha_chapters#cite_note-257","[","]"
"Iota Alpha Omega","December 6, 1969","Poughkeepsie","https://en.wikipedia.org/wiki/Poughkeepsie,_New_York","New York","Active","203","https://en.wikipedia.org/wiki/List_of_Alpha_Kappa_Alpha_chapters#cite_note-258","[","]"
"Iota Beta Omega","November 14, 1970","Colorado Springs","https://en.wikipedia.org/wiki/Colorado_Springs,_Colorado","Colorado","Active","204","https://en.wikipedia.org/wiki/List_of_Alpha_Kappa_Alpha_chapters#cite_note-259","[","]"
"Iota Gamma Omega","November 14, 1970","Lanham","https://en.wikipedia.org/wiki/Lanham,_Maryland","Maryland","Active","205","https://en.wikipedia.org/wiki/List_of_Alpha_Kappa_Alpha_chapters#cite_note-260","[","]"
"Iota Delta Omega","December 5, 1970","Clarksdale","https://en.wikipedia.org/wiki/Clarksdale,_Mississippi","Mississippi","Active","206","https://en.wikipedia.org/wiki/List_of_Alpha_Kappa_Alpha_chapters#cite_note-261","[","]"
"Iota Epsilon Omega","January 31, 1971","Teaneck","https://en.wikipedia.org/wiki/Teaneck,_New_Jersey","New Jersey","Active","207","https://en.wikipedia.org/wiki/List_of_Alpha_Kappa_Alpha_chapters#cite_note-262","[","]"
"Iota Zeta Omega","","Des Moines","https://en.wikipedia.org/wiki/Des_Moines,_Iowa","Iowa","Active","12","https://en.wikipedia.org/wiki/List_of_Alpha_Kappa_Alpha_chapters#cite_note-:32-23","[","]"
"Iota Eta Omega","","Franklin","https://en.wikipedia.org/wiki/Franklin,_Louisiana","Louisiana","Active","","","",""
"Iota Theta Omega","","Lancaster","https://en.wikipedia.org/wiki/Lancaster,_South_Carolina","South Carolina","Active","","","",""
"Iota Iota Omega","October 7, 1972","Benton Harbor","https://en.wikipedia.org/wiki/Benton_Harbor,_Michigan","Michigan","Active","208","https://en.wikipedia.org/wiki/List_of_Alpha_Kappa_Alpha_chapters#cite_note-263","[","]"
"Iota Kappa Omega","October 28, 1972","Greenville","https://en.wikipedia.org/wiki/Greenville,_North_Carolina","North Carolina","Active","209","https://en.wikipedia.org/wiki/List_of_Alpha_Kappa_Alpha_chapters#cite_note-264","[","]"
"Iota Lambda Omega","October 7, 1972","Columbia","https://en.wikipedia.org/wiki/Columbia,_Maryland","Maryland","Active","210","https://en.wikipedia.org/wiki/List_of_Alpha_Kappa_Alpha_chapters#cite_note-265","[","]"
"Iota Mu Omega","","Anniston","https://en.wikipedia.org/wiki/Anniston,_Alabama","Alabama","Active","","","",""
"Iota Nu Omega","November 11, 1972","Syracuse","https://en.wikipedia.org/wiki/Syracuse,_New_York","New York","Active","211","https://en.wikipedia.org/wiki/List_of_Alpha_Kappa_Alpha_chapters#cite_note-266","[","]"
"Iota Xi Omega","","Albuquerque","https://en.wikipedia.org/wiki/Albuquerque,_New_Mexico","New Mexico","Active","","","",""
"Iota Omicron Omega","December 16, 1972","Clovis","https://en.wikipedia.org/wiki/Clovis,_California","California","Active","20","https://en.wikipedia.org/wiki/List_of_Alpha_Kappa_Alpha_chapters#cite_note-:33-41","[","]"
"Iota Pi Omega","December 16, 1972","Rockledge","https://en.wikipedia.org/wiki/Rockledge,_Florida","Florida","Active","212","https://en.wikipedia.org/wiki/List_of_Alpha_Kappa_Alpha_chapters#cite_note-268","[","]"
"Iota Rho Omega","","Minden","https://en.wikipedia.org/wiki/Minden,_Louisiana","Louisiana","Active","","","",""
"Iota Sigma Omega","October 27, 1973","Kalamazoo","https://en.wikipedia.org/wiki/Kalamazoo,_Michigan","Michigan","Active","213","https://en.wikipedia.org/wiki/List_of_Alpha_Kappa_Alpha_chapters#cite_note-:35-269","[","]"
"Iota Tau Omega","November 10, 1973","West Chester","https://en.wikipedia.org/wiki/West_Chester,_Pennsylvania","Pennsylvania","Active","214","https://en.wikipedia.org/wiki/List_of_Alpha_Kappa_Alpha_chapters#cite_note-270","[","]"
"Iota Upsilon Omega","December 1, 1973","Greenwood","https://en.wikipedia.org/wiki/Greenwood,_South_Carolina","South Carolina","Active","","","",""
"Iota Phi Omega","December 1973","Elyria","https://en.wikipedia.org/wiki/Elyria,_Ohio","Ohio","Active","213","https://en.wikipedia.org/wiki/List_of_Alpha_Kappa_Alpha_chapters#cite_note-:35-269","[","]"
"Iota Chi Omega","December 15, 1973","Fort Wayne","https://en.wikipedia.org/wiki/Fort_Wayne,_Indiana","Indiana","Active","","","",""
"Iota Psi Omega","","Athens","https://en.wikipedia.org/wiki/Athens,_Georgia","Georgia","Active","215","https://en.wikipedia.org/wiki/List_of_Alpha_Kappa_Alpha_chapters#cite_note-271","[","]"
"Iota Omega Omega","January 5, 1974","Camden","https://en.wikipedia.org/wiki/Camden,_South_Carolina","South Carolina","Active","216","https://en.wikipedia.org/wiki/List_of_Alpha_Kappa_Alpha_chapters#cite_note-272","[","]"
"Kappa Alpha Omega","April 16, 1974","Itta Bena","https://en.wikipedia.org/wiki/Itta_Bena,_Mississippi","Mississippi","Active","217","https://en.wikipedia.org/wiki/List_of_Alpha_Kappa_Alpha_chapters#cite_note-273","[","]"
"Kappa Beta Omega","March 23, 1974","Vellejo","https://en.wikipedia.org/wiki/Vallejo,_California","California","Active","218","https://en.wikipedia.org/wiki/List_of_Alpha_Kappa_Alpha_chapters#cite_note-274","[","]"
"Kappa Gamma Omega","April 27, 1974","Seaside","https://en.wikipedia.org/wiki/Seaside,_California","California","Active","219","https://en.wikipedia.org/wiki/List_of_Alpha_Kappa_Alpha_chapters#cite_note-275","[","]"
"Kappa Delta Omega","May 25, 1974","Martinsville","https://en.wikipedia.org/wiki/Martinsville,_Virginia","Virginia","Active","220","https://en.wikipedia.org/wiki/List_of_Alpha_Kappa_Alpha_chapters#cite_note-276","[","]"
"","","Muncie","https://en.wikipedia.org/wiki/Muncie,_Indiana","Indiana","Inactive ?","221","https://en.wikipedia.org/wiki/List_of_Alpha_Kappa_Alpha_chapters#cite_note-277","[","]"
"Kappa Zeta Omega","","Anderson","https://en.wikipedia.org/wiki/Anderson,_South_Carolina","South Carolina","Active","","","",""
"Kappa Eta Omega","June 1974","Valdosta","https://en.wikipedia.org/wiki/Valdosta,_Georgia","Georgia","Active","31","https://en.wikipedia.org/wiki/List_of_Alpha_Kappa_Alpha_chapters#cite_note-:34-63","[","]"
"Kappa Theta Omega","October 26, 1985","Easton","https://en.wikipedia.org/wiki/Easton,_Maryland","Maryland","Active","223","https://en.wikipedia.org/wiki/List_of_Alpha_Kappa_Alpha_chapters#cite_note-279","[","]"
"Kappa Iota Omega","","Garysburg","https://en.wikipedia.org/wiki/Garysburg,_North_Carolina","North Carolina","Active","","","",""
"Kappa Kappa Omega","December 14, 1974","Pompano Beach","https://en.wikipedia.org/wiki/Pompano_Beach,_Florida","Florida","Active","224","https://en.wikipedia.org/wiki/List_of_Alpha_Kappa_Alpha_chapters#cite_note-280","[","]"
"Kappa Lambda Omega","January 25, 1976","Nashville","https://en.wikipedia.org/wiki/Nashville,_Tennessee","Tennessee","Active","225","https://en.wikipedia.org/wiki/List_of_Alpha_Kappa_Alpha_chapters#cite_note-281","[","]"
"Kappa Mu Omega","","Joliet","https://en.wikipedia.org/wiki/Joliet,_Illinois","Illinois","Active","","","",""
"Kappa Nu Omega","June 29, 1975","Jonesboro","https://en.wikipedia.org/wiki/Jonesboro,_Arkansas","Arkansas","Active","226","https://en.wikipedia.org/wiki/List_of_Alpha_Kappa_Alpha_chapters#cite_note-282","[","]"
"Kappa Xi Omega","","Texarkana","https://en.wikipedia.org/wiki/Texarkana,_Texas","Texas","Active","","","",""
"Kappa Omicron Omega","","Bartow","https://en.wikipedia.org/wiki/Bartow,_Florida","Florida","Active","","","",""
"Kappa Pi Omega","","Daleville","https://en.wikipedia.org/wiki/Daleville,_Alabama","Alabama","Active","","","",""
"Kappa Rho Omega","March 6, 1976","Farmville","https://en.wikipedia.org/wiki/Farmville,_Virginia","Virginia","Active","227","https://en.wikipedia.org/wiki/List_of_Alpha_Kappa_Alpha_chapters#cite_note-283","[","]"
"Kappa Sigma Omega","April 10, 1976","Sanford","https://en.wikipedia.org/wiki/Sanford,_Florida","Florida","Active","228","https://en.wikipedia.org/wiki/List_of_Alpha_Kappa_Alpha_chapters#cite_note-284","[","]"
"Kappa Tau Omega","May 10, 1976","Bloomington","https://en.wikipedia.org/wiki/Bloomington,_Indiana","Indiana","Active","229","https://en.wikipedia.org/wiki/List_of_Alpha_Kappa_Alpha_chapters#cite_note-285","[","]"
"Kappa Upsilon Omega","April 14, 1976","Aiken","https://en.wikipedia.org/wiki/Aiken,_South_Carolina","South Carolina","Active","230","https://en.wikipedia.org/wiki/List_of_Alpha_Kappa_Alpha_chapters#cite_note-286","[","]"
"Kappa Phi Omega","","Muscle Shoals","https://en.wikipedia.org/wiki/Muscle_Shoals,_Alabama","Alabama","Active","","","",""
"Kappa Chi Omega","","Columbia","https://en.wikipedia.org/wiki/Columbia,_Missouri","Missouri","Active","","","",""
"Kappa Psi Omega","May 15, 1976","Madison","https://en.wikipedia.org/wiki/Madison,_Wisconsin","Wisconsin","Active","231","https://en.wikipedia.org/wiki/List_of_Alpha_Kappa_Alpha_chapters#cite_note-287","[","]"
"Kappa Omega Omega","May 13, 1976","Bakersfield","https://en.wikipedia.org/wiki/Bakersfield,_California","California","Active","232","https://en.wikipedia.org/wiki/List_of_Alpha_Kappa_Alpha_chapters#cite_note-288","[","]"
"Lambda Alpha Omega","May 29, 1976","Westchester","https://en.wikipedia.org/wiki/Westchester,_Illinois","Illinois","Active","233","https://en.wikipedia.org/wiki/List_of_Alpha_Kappa_Alpha_chapters#cite_note-289","[","]"
"Lambda Beta Omega","June 5, 1976","Opelousas","https://en.wikipedia.org/wiki/Opelousas,_Louisiana","Louisiana","Active","","","",""
"","","","","","Inactive ?","","","",""
"Lambda Delta Omega","June 15, 1976","Williamston","https://en.wikipedia.org/wiki/Williamston,_North_Carolina","North Carolina","Active","234","https://en.wikipedia.org/wiki/List_of_Alpha_Kappa_Alpha_chapters#cite_note-290","[","]"
"Lambda Epsilon Omega","June 26, 1976","Decatur","https://en.wikipedia.org/wiki/Decatur,_Georgia","Georgia","Active","235","https://en.wikipedia.org/wiki/List_of_Alpha_Kappa_Alpha_chapters#cite_note-291","[","]"
"Lambda Zeta Omega","","Lanett","https://en.wikipedia.org/wiki/Lanett,_Alabama","Alabama","Active","","","",""
"Lambda Eta Omega","October 23, 1976","Gadsden","https://en.wikipedia.org/wiki/Gadsden,_Alabama","Alabama","Active","236","https://en.wikipedia.org/wiki/List_of_Alpha_Kappa_Alpha_chapters#cite_note-292","[","]"
"Lambda Theta Omega","December 4, 1976","Kingstree","https://en.wikipedia.org/wiki/Kingstree,_South_Carolina","South Carolina","Active","237","https://en.wikipedia.org/wiki/List_of_Alpha_Kappa_Alpha_chapters#cite_note-293","[","]"
"Lambda Iota Omega","December 11, 1976","Gainesville","https://en.wikipedia.org/wiki/Gainesville,_Georgia","Georgia","Active","238","https://en.wikipedia.org/wiki/List_of_Alpha_Kappa_Alpha_chapters#cite_note-294","[","]"
"Lambda Kappa Omega","December 18, 1976","Fairfax","https://en.wikipedia.org/wiki/Fairfax,_Virginia","Virginia","Active","239","https://en.wikipedia.org/wiki/List_of_Alpha_Kappa_Alpha_chapters#cite_note-295","[","]"
"Lambda Lambda Omega","","Williamsburg","https://en.wikipedia.org/wiki/Williamsburg,_Virginia","Virginia","Active","","","",""
"Lambda Mu Omega","","Chicago","https://en.wikipedia.org/wiki/Chicago","Illinois","Active","","","",""
"Lambda Nu Omega","May 27, 1977","Waukegan","https://en.wikipedia.org/wiki/Waukegan,_Illinois","Illinois","Active","240","https://en.wikipedia.org/wiki/List_of_Alpha_Kappa_Alpha_chapters#cite_note-296","[","]"
"Lambda Xi Omega","July 9, 1977","Thomasville","https://en.wikipedia.org/wiki/Thomasville,_Georgia","Georgia","Active","241","https://en.wikipedia.org/wiki/List_of_Alpha_Kappa_Alpha_chapters#cite_note-297","[","]"
"Lambda Omicron Omega","August 13, 1977","Bradenton","https://en.wikipedia.org/wiki/Bradenton,_Florida","Florida","Active","242","https://en.wikipedia.org/wiki/List_of_Alpha_Kappa_Alpha_chapters#cite_note-298","[","]"
"Lambda Pi Omega","September 10, 1977","Detroit","https://en.wikipedia.org/wiki/Detroit","Michigan","Active","243","https://en.wikipedia.org/wiki/List_of_Alpha_Kappa_Alpha_chapters#cite_note-299","[","]"
"Lambda Rho Omega","","Gaffney","https://en.wikipedia.org/wiki/Gaffney,_South_Carolina","South Carolina","Active","","","",""
"Lambda Sigma Omega","","Blytheville","https://en.wikipedia.org/wiki/Blytheville,_Arkansas","Arkansas","Active","","","",""
"Lambda Tau Omega","February 26, 1978","Matteson","https://en.wikipedia.org/wiki/Matteson,_Illinois","Illinois","Active","244","https://en.wikipedia.org/wiki/List_of_Alpha_Kappa_Alpha_chapters#cite_note-300","[","]"
"Lambda Upsilon Omega","March 12, 1978","Concord","https://en.wikipedia.org/wiki/Concord,_North_Carolina","North Carolina","Active","","","",""
"Lambda Phi Omega","March 18, 1978","Cleveland","https://en.wikipedia.org/wiki/Cleveland","Ohio","Active","245","https://en.wikipedia.org/wiki/List_of_Alpha_Kappa_Alpha_chapters#cite_note-:36-301","[","]"
"Lambda Chi Omega","March 24, 1978","Honolulu","https://en.wikipedia.org/wiki/Honolulu","Hawaii","Active","246","https://en.wikipedia.org/wiki/List_of_Alpha_Kappa_Alpha_chapters#cite_note-302","[","]"
"Lambda Psi Omega","","Franklin","https://en.wikipedia.org/wiki/Franklin,_Virginia","Virginia","Active","","","",""
"Lambda Omega Omega","April 23, 1978","Oakhurst","https://en.wikipedia.org/wiki/Oakhurst,_New_Jersey","New Jersey","Active","247","https://en.wikipedia.org/wiki/List_of_Alpha_Kappa_Alpha_chapters#cite_note-:38-303","[","]"
"Mu Alpha Omega","April 22, 1978","Midland","https://en.wikipedia.org/wiki/Midland,_Michigan","Michigan","Active","248","https://en.wikipedia.org/wiki/List_of_Alpha_Kappa_Alpha_chapters#cite_note-304","[","]"
"Mu Beta Omega","May 21, 1978","Inglewood","https://en.wikipedia.org/wiki/Inglewood,_California","California","Active","249","https://en.wikipedia.org/wiki/List_of_Alpha_Kappa_Alpha_chapters#cite_note-305","[","]"
"Mu Gamma Omega","May 26, 1978","Saint Croix","https://en.wikipedia.org/wiki/Saint_Croix","","Active","","","",""
"Mu Delta Omega","June 3, 1978","Fort Knox","https://en.wikipedia.org/wiki/Fort_Knox","Kentucky","Active","250","https://en.wikipedia.org/wiki/List_of_Alpha_Kappa_Alpha_chapters#cite_note-307","[","]"
"Mu Epsilon Omega","June 4, 1978","Santa Ana","https://en.wikipedia.org/wiki/Santa_Ana,_California","California","Active","251","https://en.wikipedia.org/wiki/List_of_Alpha_Kappa_Alpha_chapters#cite_note-308","[","]"
"Mu Zeta Omega","","Stockton","https://en.wikipedia.org/wiki/Stockton,_California","California","Active","","","",""
"Mu Eta Omega","June 16, 1978","Junction City","https://en.wikipedia.org/wiki/Junction_City,_Kansas","Kansas","Active","252","https://en.wikipedia.org/wiki/List_of_Alpha_Kappa_Alpha_chapters#cite_note-309","[","]"
"Mu Theta Omega","June 17, 1978","Killeen","https://en.wikipedia.org/wiki/Killeen,_Texas","Texas","Active","253","https://en.wikipedia.org/wiki/List_of_Alpha_Kappa_Alpha_chapters#cite_note-310","[","]"
"Mu Iota Omega","June 22, 1978","Conway","https://en.wikipedia.org/wiki/Conway,_South_Carolina","South Carolina","Active","254","https://en.wikipedia.org/wiki/List_of_Alpha_Kappa_Alpha_chapters#cite_note-311","[","]"
"Mu Kappa Omega","June 24, 1978","Missouri City","https://en.wikipedia.org/wiki/Missouri_City,_Texas","Texas","Active","255","https://en.wikipedia.org/wiki/List_of_Alpha_Kappa_Alpha_chapters#cite_note-312","[","]"
"Mu Lambda Omega","June 25, 1978","Culver City","https://en.wikipedia.org/wiki/Culver_City,_California","California","Active","256","https://en.wikipedia.org/wiki/List_of_Alpha_Kappa_Alpha_chapters#cite_note-313","[","]"
"Mu Mu Omega","","Huntsville","https://en.wikipedia.org/wiki/Huntsville,_Texas","Texas","Active","","","",""
"Mu Nu Omega","July 9, 1978","Erie","https://en.wikipedia.org/wiki/Erie,_Pennsylvania","Pennsylvania","Active","","","",""
"Mu Xi Omega","December 17, 1978","Vicksburg","https://en.wikipedia.org/wiki/Vicksburg,_Mississippi","Mississippi","Active","257","https://en.wikipedia.org/wiki/List_of_Alpha_Kappa_Alpha_chapters#cite_note-314","[","]"
"Mu Omicron Omega","January 28, 1979","Chapel Hill","https://en.wikipedia.org/wiki/Chapel_Hill,_North_Carolina","North Carolina","Active","258","https://en.wikipedia.org/wiki/List_of_Alpha_Kappa_Alpha_chapters#cite_note-315","[","]"
"","","","","","Inactive ?","","","",""
"Mu Rho Omega","May 10, 1982","","","Florida","Active","259","https://en.wikipedia.org/wiki/List_of_Alpha_Kappa_Alpha_chapters#cite_note-316","[","]"
"Mu Sigma Omega","August 18, 1979","Opelika","https://en.wikipedia.org/wiki/Opelika,_Alabama","Alabama","Active","","","",""
"Mu Tau Omega","September 8, 1979","Talladega","https://en.wikipedia.org/wiki/Talladega,_Alabama","Alabama","Active","260","https://en.wikipedia.org/wiki/List_of_Alpha_Kappa_Alpha_chapters#cite_note-317","[","]"
"Mu Upsilon Omega","August 25, 1979","Gainesville","https://en.wikipedia.org/wiki/Gainesville,_Florida","Florida","Active","180","https://en.wikipedia.org/wiki/List_of_Alpha_Kappa_Alpha_chapters#cite_note-:30-234","[","]"
"Mu Phi Omega","September 15, 1979","Georgetown","https://en.wikipedia.org/wiki/Georgetown,_South_Carolina","South Carolina","Active","262","https://en.wikipedia.org/wiki/List_of_Alpha_Kappa_Alpha_chapters#cite_note-319","[","]"
"Mu Chi Omega","October 14, 1979","Helena","https://en.wikipedia.org/wiki/Helena,_Arkansas","Arkansas","Active","30","https://en.wikipedia.org/wiki/List_of_Alpha_Kappa_Alpha_chapters#cite_note-:28-62","[","]"
"Mu Psi Omega","November 24, 1979","Germany","https://en.wikipedia.org/wiki/Germany","","Active","263","https://en.wikipedia.org/wiki/List_of_Alpha_Kappa_Alpha_chapters#cite_note-321","[","]"
"Mu Omega Omega","December 15, 1979","Aurora","https://en.wikipedia.org/wiki/Aurora,_Colorado","Colorado","Active","264","https://en.wikipedia.org/wiki/List_of_Alpha_Kappa_Alpha_chapters#cite_note-322","[","]"
"Nu Alpha Omega","January 19, 1980","Moncks Corner","https://en.wikipedia.org/wiki/Moncks_Corner,_South_Carolina","South Carolina","Active","265","https://en.wikipedia.org/wiki/List_of_Alpha_Kappa_Alpha_chapters#cite_note-323","[","]"
"Nu Beta Omega","January 26, 1980","Clearwater","https://en.wikipedia.org/wiki/Clearwater,_Florida","Florida","Active","266","https://en.wikipedia.org/wiki/List_of_Alpha_Kappa_Alpha_chapters#cite_note-324","[","]"
"Nu Gamma Omega","February 16, 1980","Baton Rouge","https://en.wikipedia.org/wiki/Baton_Rouge,_Louisiana","Louisiana","Active","267","https://en.wikipedia.org/wiki/List_of_Alpha_Kappa_Alpha_chapters#cite_note-325","[","]"
"Nu Delta Omega","March 29, 1980","Beaufort","https://en.wikipedia.org/wiki/Beaufort,_South_Carolina","South Carolina","Active","268","https://en.wikipedia.org/wiki/List_of_Alpha_Kappa_Alpha_chapters#cite_note-326","[","]"
"Nu Epsilon Omega","","Columbus","https://en.wikipedia.org/wiki/Columbus,_Mississippi","Mississippi","Active","","","",""
"Nu Zeta Omega","April 19, 1980","Waldorf","https://en.wikipedia.org/wiki/Waldorf,_Maryland","Maryland","Active","269","https://en.wikipedia.org/wiki/List_of_Alpha_Kappa_Alpha_chapters#cite_note-327","[","]"
"Nu Eta Omega","","Edenton","https://en.wikipedia.org/wiki/Edenton,_North_Carolina","North Carolina","Active","","","",""
"Nu Theta Omega","","Laurens","https://en.wikipedia.org/wiki/Laurens,_South_Carolina","South Carolina","Active","","","",""
"Nu Iota Omega","June 28, 1980","Maitland","https://en.wikipedia.org/wiki/Maitland,_Florida","Florida","Active","270","https://en.wikipedia.org/wiki/List_of_Alpha_Kappa_Alpha_chapters#cite_note-328","[","]"
"Nu Kappa Omega","","Clarksville","https://en.wikipedia.org/wiki/Clarksville,_Tennessee","Tennessee","Active","","","",""
"Nu Lambda Omega","September 13, 1980","Atlanta","https://en.wikipedia.org/wiki/Atlanta","Georgia","Active","271","https://en.wikipedia.org/wiki/List_of_Alpha_Kappa_Alpha_chapters#cite_note-329","[","]"
"","","","","","Inactive ?","","","",""
"Nu Nu Omega","","Livingston","https://en.wikipedia.org/wiki/Livingston,_Alabama","Alabama","Active","","","",""
"Nu Xi Omega","December 6, 1980","New Brunswick","https://en.wikipedia.org/wiki/New_Brunswick,_New_Jersey","New Jersey","Active","","","",""
"Nu Omicron Omega","","Springfield","https://en.wikipedia.org/wiki/Springfield,_Illinois","Illinois","Active","","","",""
"Nu Pi Omega","December 14, 1980","Peoria","https://en.wikipedia.org/wiki/Peoria,_Illinois","Illinois","Active","272","https://en.wikipedia.org/wiki/List_of_Alpha_Kappa_Alpha_chapters#cite_note-330","[","]"
"Nu Rho Omega","December 13, 1980","Hinesville","https://en.wikipedia.org/wiki/Hinesville,_Georgia","Georgia","Active","273","https://en.wikipedia.org/wiki/List_of_Alpha_Kappa_Alpha_chapters#cite_note-331","[","]"
"Nu Sigma Omega","December 20, 1980","Tupelo","https://en.wikipedia.org/wiki/Tupelo,_Mississippi","Mississippi","Active","274","https://en.wikipedia.org/wiki/List_of_Alpha_Kappa_Alpha_chapters#cite_note-332","[","]"
"Nu Tau Omega","","Denmark","https://en.wikipedia.org/wiki/Denmark,_South_Carolina","South Carolina","Active","","","",""
"Nu Upsilon Omega","","Midville","https://en.wikipedia.org/wiki/Midville,_Georgia","Georgia","Active","","","",""
"Nu Phi Omega","April 12, 1981","Muskegon","https://en.wikipedia.org/wiki/Muskegon,_Michigan","Michigan","Active","275","https://en.wikipedia.org/wiki/List_of_Alpha_Kappa_Alpha_chapters#cite_note-333","[","]"
"Nu Chi Omega","May 23, 1981","Oxford","https://en.wikipedia.org/wiki/Oxford,_North_Carolina","North Carolina","Active","276","https://en.wikipedia.org/wiki/List_of_Alpha_Kappa_Alpha_chapters#cite_note-334","[","]"
"Nu Psi Omega","","Utica","https://en.wikipedia.org/wiki/Utica,_New_York","New York","Active","277","https://en.wikipedia.org/wiki/List_of_Alpha_Kappa_Alpha_chapters#cite_note-335","[","]"
"Nu Omega Omega","October 31, 1981","Madison","https://en.wikipedia.org/wiki/Madison,_Florida","Florida","Active","","","",""
"Xi Alpha Omega","December 6, 1981","Houston","https://en.wikipedia.org/wiki/Houston","Texas","Active","278","https://en.wikipedia.org/wiki/List_of_Alpha_Kappa_Alpha_chapters#cite_note-336","[","]"
"Xi Beta Omega","December 13, 1981","Griffin","https://en.wikipedia.org/wiki/Griffin,_Georgia","Georgia","Active","279","https://en.wikipedia.org/wiki/List_of_Alpha_Kappa_Alpha_chapters#cite_note-337","[","]"
"Xi Gamma Omega","May 1, 1982","Oakland","https://en.wikipedia.org/wiki/Oakland,_California","California","Active","280","https://en.wikipedia.org/wiki/List_of_Alpha_Kappa_Alpha_chapters#cite_note-338","[","]"
"Xi Delta Omega","April 24, 1982","Harford County","https://en.wikipedia.org/wiki/Harford_County,_Maryland","Maryland","Active","281","https://en.wikipedia.org/wiki/List_of_Alpha_Kappa_Alpha_chapters#cite_note-339","[","]"
"Xi Epsilon Omega","December 21, 1981","Amherst","https://en.wikipedia.org/wiki/Amherst,_New_York","New York","Active","282","https://en.wikipedia.org/wiki/List_of_Alpha_Kappa_Alpha_chapters#cite_note-340","[","]"
"Xi Zeta Omega","January 16, 1982","Washington","https://en.wikipedia.org/wiki/Washington,_D.C.","","Active","283","https://en.wikipedia.org/wiki/List_of_Alpha_Kappa_Alpha_chapters#cite_note-341","[","]"
"Xi Eta Omega","","Moline","https://en.wikipedia.org/wiki/Moline,_Illinois","Illinois","Active","284","https://en.wikipedia.org/wiki/List_of_Alpha_Kappa_Alpha_chapters#cite_note-342","[","]"
"Xi Theta Omega","May 14, 1982","Arlington","https://en.wikipedia.org/wiki/Arlington,_Texas","Texas","Active","285","https://en.wikipedia.org/wiki/List_of_Alpha_Kappa_Alpha_chapters#cite_note-343","[","]"
"Xi Iota Omega","May 22, 1982","Oak Ridge","https://en.wikipedia.org/wiki/Oak_Ridge,_Tennessee","Tennessee","Active","6","https://en.wikipedia.org/wiki/List_of_Alpha_Kappa_Alpha_chapters#cite_note-:39-11","[","]"
"Xi Kappa Omega","June 19, 1982","Oxnard","https://en.wikipedia.org/wiki/Oxnard,_California","Carlifornia","Active","286","https://en.wikipedia.org/wiki/List_of_Alpha_Kappa_Alpha_chapters#cite_note-344","[","]"
"Xi Lambda Omega","June 26, 1982","Ripley","https://en.wikipedia.org/wiki/Ripley,_Tennessee","Tennessee","Active","","","",""
"Xi Mu Omega","June 27, 1982","Columbia","https://en.wikipedia.org/wiki/Columbia,_Mississippi","Mississippi","Active","287","https://en.wikipedia.org/wiki/List_of_Alpha_Kappa_Alpha_chapters#cite_note-345","[","]"
"Xi Nu Omega","July 9, 1982","Chicago","https://en.wikipedia.org/wiki/Chicago","Illinois","Active","21","https://en.wikipedia.org/wiki/List_of_Alpha_Kappa_Alpha_chapters#cite_note-:41-43","[","]"
"Xi Xi Omega","July 14, 1982","Springfield","https://en.wikipedia.org/wiki/Springfield,_Massachusetts","Massachusetts","Active","288","https://en.wikipedia.org/wiki/List_of_Alpha_Kappa_Alpha_chapters#cite_note-346","[","]"
"Xi Omicron Omega","January 29, 1983","Lynn Haven","https://en.wikipedia.org/wiki/Lynn_Haven,_Florida","Florida","Active","","","",""
"Xi Pi Omega","February 26, 1983","Boynton Beach","https://en.wikipedia.org/wiki/Boynton_Beach,_Florida","Florida","Active","289","https://en.wikipedia.org/wiki/List_of_Alpha_Kappa_Alpha_chapters#cite_note-347","[","]"
"Xi Rho Omega","","Ahoskie","https://en.wikipedia.org/wiki/Ahoskie,_North_Carolina","North Carolina","Active","","","",""
"Xi Sigma Omega","June 11, 1983","Germantown","https://en.wikipedia.org/wiki/Germantown,_Maryland","Maryland","Active","290","https://en.wikipedia.org/wiki/List_of_Alpha_Kappa_Alpha_chapters#cite_note-348","[","]"
"Xi Tau Omega","July 16, 1983","Kansas City","https://en.wikipedia.org/wiki/Kansas_City,_Missouri","Missouri","Active","291","https://en.wikipedia.org/wiki/List_of_Alpha_Kappa_Alpha_chapters#cite_note-349","[","]"
"Xi Upsilon Omega","","Fredericksburg","https://en.wikipedia.org/wiki/Fredericksburg,_Virginia","Virginia","Active","","","",""
"Xi Phi Omega","October 2, 1983","Hickory","https://en.wikipedia.org/wiki/Hickory,_North_Carolina","North Carolina","Active","292","https://en.wikipedia.org/wiki/List_of_Alpha_Kappa_Alpha_chapters#cite_note-350","[","]"
"Xi Chi Omega","October 15, 1983","Peeksill","https://en.wikipedia.org/wiki/Peekskill,_New_York","New York","Active","293","https://en.wikipedia.org/wiki/List_of_Alpha_Kappa_Alpha_chapters#cite_note-351","[","]"
"Xi Psi Omega","October 21, 1983","Anchorage","https://en.wikipedia.org/wiki/Anchorage,_Alaska","Alaska","Active","294","https://en.wikipedia.org/wiki/List_of_Alpha_Kappa_Alpha_chapters#cite_note-352","[","]"
"Xi Omega Omega","November 5, 1983","Walterboro","https://en.wikipedia.org/wiki/Walterboro,_South_Carolina","South Carolina","Active","","","",""
"Omicron Alpha Omega","","Holly Springs","https://en.wikipedia.org/wiki/Holly_Springs,_North_Carolina","Mississippi","Active","","","",""
"Omicron Beta Omega","December 18, 1983","Meridian","https://en.wikipedia.org/wiki/Meridian,_Mississippi","Mississippi","Active","295","https://en.wikipedia.org/wiki/List_of_Alpha_Kappa_Alpha_chapters#cite_note-353","[","]"
"Omicron Gamma Omega","March 24, 1984","Glen Burnie","https://en.wikipedia.org/wiki/Glen_Burnie,_Maryland","Maryland","Active","296","https://en.wikipedia.org/wiki/List_of_Alpha_Kappa_Alpha_chapters#cite_note-354","[","]"
"Omicron Delta Omega","March 24, 1984","Bloomington","https://en.wikipedia.org/wiki/Bloomington,_Illinois","Illinois","Active","297","https://en.wikipedia.org/wiki/List_of_Alpha_Kappa_Alpha_chapters#cite_note-355","[","]"
"Omicron Epsilon Omega","March 24, 1984","Wichita Falls","https://en.wikipedia.org/wiki/Wichita_Falls,_Texas","Texas","Active","298","https://en.wikipedia.org/wiki/List_of_Alpha_Kappa_Alpha_chapters#cite_note-356","[","]"
"Omicron Zeta Omega","","Cheraw","https://en.wikipedia.org/wiki/Cheraw,_South_Carolina","South Carolina","Active","","","",""
"Omicron Eta Omega","May 26, 1984","St. Louis","https://en.wikipedia.org/wiki/St._Louis","Missouri","Active","299","https://en.wikipedia.org/wiki/List_of_Alpha_Kappa_Alpha_chapters#cite_note-357","[","]"
"Omicron Theta Omega","May 27, 1984","St. Louis","https://en.wikipedia.org/wiki/St._Louis","Missouri","Active","300","https://en.wikipedia.org/wiki/List_of_Alpha_Kappa_Alpha_chapters#cite_note-358","[","]"
"Omicron Iota Omega","","West Monroe","https://en.wikipedia.org/wiki/West_Monroe,_Louisiana","Louisiana","Active","","","",""
"Omicron Kappa Omega","June 2, 1984","Lakeland","https://en.wikipedia.org/wiki/Lakeland,_Florida","Florida","Active","301","https://en.wikipedia.org/wiki/List_of_Alpha_Kappa_Alpha_chapters#cite_note-359","[","]"
"Omicron Lambda Omega","June 16, 1984","New Orleans","https://en.wikipedia.org/wiki/New_Orleans","Louisiana","Active","","","",""
"Omicron Mu Omega","June 23, 1984","Dallas","https://en.wikipedia.org/wiki/Dallas","Texas","Active","302","https://en.wikipedia.org/wiki/List_of_Alpha_Kappa_Alpha_chapters#cite_note-360","[","]"
"Omicron Nu Omega","","Ithaca","https://en.wikipedia.org/wiki/Ithaca,_New_York","New York","Active","","","",""
"Omicron Xi Omega","June 30, 1984","Montclair","https://en.wikipedia.org/wiki/Montclair,_New_Jersey","New Jersey","Active","303","https://en.wikipedia.org/wiki/List_of_Alpha_Kappa_Alpha_chapters#cite_note-361","[","]"
"Omicron Omicron Omega","October 6, 1984","Marion","https://en.wikipedia.org/wiki/Marion,_South_Carolina","","Active","","","",""
"Omicron Pi Omega","","Chesapeake","https://en.wikipedia.org/wiki/Chesapeake,_Virginia","Virginia","Active","","","",""
"Omicron Rho Omega","","North Charleston","https://en.wikipedia.org/wiki/North_Charleston,_South_Carolina","South Carolina","Active","304","https://en.wikipedia.org/wiki/List_of_Alpha_Kappa_Alpha_chapters#cite_note-362","[","]"
"Omicron Sigma Omega","May 31, 1985","Bowling Green","https://en.wikipedia.org/wiki/Bowling_Green,_Kentucky","Kentucky","Active","305","https://en.wikipedia.org/wiki/List_of_Alpha_Kappa_Alpha_chapters#cite_note-363","[","]"
"Omicron Tau Omega","March 31, 1985","Spring","https://en.wikipedia.org/wiki/Spring,_Texas","Texas","Active","306","https://en.wikipedia.org/wiki/List_of_Alpha_Kappa_Alpha_chapters#cite_note-364","[","]"
"Omicron Upsilon Omega","April 27, 1985","Norwalk","https://en.wikipedia.org/wiki/Norwalk,_Connecticut","Connecticut","Active","307","https://en.wikipedia.org/wiki/List_of_Alpha_Kappa_Alpha_chapters#cite_note-365","[","]"
"Omicron Phi Omega","May 18, 1985","Kokomo","https://en.wikipedia.org/wiki/Kokomo,_Indiana","Indiana","Active","308","https://en.wikipedia.org/wiki/List_of_Alpha_Kappa_Alpha_chapters#cite_note-366","[","]"
"Omicron Chi Omega","May 19, 1985","Woodbridge","https://en.wikipedia.org/wiki/Woodbridge,_Virginia","Virginia","Active","","","",""
"Omicron Psi Omega","","Lexington","https://en.wikipedia.org/wiki/Lexington,_North_Carolina","North Carolina","Active","","","",""
"Omicron Omega Omega","June 15, 1985","Southern Pines","https://en.wikipedia.org/wiki/Southern_Pines,_North_Carolina","North Carolina","Active","309","https://en.wikipedia.org/wiki/List_of_Alpha_Kappa_Alpha_chapters#cite_note-367","[","]"
"Pi Alpha Omega","September 21, 1985","Atlanta","https://en.wikipedia.org/wiki/Atlanta","Georgia","Active","310","https://en.wikipedia.org/wiki/List_of_Alpha_Kappa_Alpha_chapters#cite_note-368","[","]"
"Pi Beta Omega","November 16, 1985","Newberry","https://en.wikipedia.org/wiki/Newberry,_South_Carolina","South Carolina","Active","","","",""
"Pi Gamma Omega","","Rockford","https://en.wikipedia.org/wiki/Rockford,_Illinois","Illinois","Active","","","",""
"Pi Delta Omega","February 8, 1985","Miami","https://en.wikipedia.org/wiki/Miami","Florida","Active","311","https://en.wikipedia.org/wiki/List_of_Alpha_Kappa_Alpha_chapters#cite_note-369","[","]"
"Pi Epsilon Omega","May 24, 1986","Accomack County","https://en.wikipedia.org/wiki/Accomack_County,_Virginia","Virginia","Active","312","https://en.wikipedia.org/wiki/List_of_Alpha_Kappa_Alpha_chapters#cite_note-370","[","]"
"Pi Zeta Omega","May 24, 1986","Greer","https://en.wikipedia.org/wiki/Greer,_South_Carolina","South Carolina","Active","313","https://en.wikipedia.org/wiki/List_of_Alpha_Kappa_Alpha_chapters#cite_note-371","[","]"
"Pi Eta Omega","May 31, 1986","Orange Park","https://en.wikipedia.org/wiki/Orange_Park,_Florida","Florida","Active","314","https://en.wikipedia.org/wiki/List_of_Alpha_Kappa_Alpha_chapters#cite_note-372","[","]"
"Pi Theta Omega","May 31, 1987","Morristown","https://en.wikipedia.org/wiki/Morristown,_New_Jersey","New Jersey","Active","315","https://en.wikipedia.org/wiki/List_of_Alpha_Kappa_Alpha_chapters#cite_note-373","[","]"
"Pi Iota Omega","June 14, 1986","White Plains","https://en.wikipedia.org/wiki/White_Plains,_New_York","New York","Active","316","https://en.wikipedia.org/wiki/List_of_Alpha_Kappa_Alpha_chapters#cite_note-374","[","]"
"Pi Kappa Omega","June 28, 1986","New York City","https://en.wikipedia.org/wiki/New_York_City","New York","Active","317","https://en.wikipedia.org/wiki/List_of_Alpha_Kappa_Alpha_chapters#cite_note-375","[","]"
"Pi Lambda Omega","June 28, 1986","Louisville","https://en.wikipedia.org/wiki/Louisville,_Kentucky","Kentucky","Active","318","https://en.wikipedia.org/wiki/List_of_Alpha_Kappa_Alpha_chapters#cite_note-376","[","]"
"Pi Mu Omega","","Willingboro","https://en.wikipedia.org/wiki/Willingboro_Township,_New_Jersey","New Jersey","Active","","","",""
"Pi Nu Omega","July 6, 1987","Murfreesboro","https://en.wikipedia.org/wiki/Murfreesboro,_Tennessee","Tennessee","Active","319","https://en.wikipedia.org/wiki/List_of_Alpha_Kappa_Alpha_chapters#cite_note-377","[","]"
"Pi Xi Omega","July 7, 1986","Paterson","https://en.wikipedia.org/wiki/Paterson,_New_Jersey","New Jersey","Active","320","https://en.wikipedia.org/wiki/List_of_Alpha_Kappa_Alpha_chapters#cite_note-378","[","]"
"Pi Omicron Omega","December 7, 1986","Burlington","https://en.wikipedia.org/wiki/Burlington,_North_Carolina","North Carolina","Active","34","https://en.wikipedia.org/wiki/List_of_Alpha_Kappa_Alpha_chapters#cite_note-:42-71","[","]"
"Pi Pi Omega","","Westbury","https://en.wikipedia.org/wiki/Westbury,_New_York","New York","Active","","","",""
"Pi Rho Omega","April 4, 1987","","","Virginia","Active","321","https://en.wikipedia.org/wiki/List_of_Alpha_Kappa_Alpha_chapters#cite_note-379","[","]"
"Pi Sigma Omega","May 9, 1987","Cerritos","https://en.wikipedia.org/wiki/Cerritos,_California","California","Active","322","https://en.wikipedia.org/wiki/List_of_Alpha_Kappa_Alpha_chapters#cite_note-380","[","]"
"Pi Tau Omega","","Southfield","https://en.wikipedia.org/wiki/Southfield,_Michigan","Michigan","Active","","","",""
"Pi Upsilon Omega","May 23, 1987","Fort Lauderdale","https://en.wikipedia.org/wiki/Fort_Lauderdale,_Florida","Florida","Active","323","https://en.wikipedia.org/wiki/List_of_Alpha_Kappa_Alpha_chapters#cite_note-381","[","]"
"Pi Phi Omega","May 30, 1987","Forest Hills, Queens","https://en.wikipedia.org/wiki/Forest_Hills,_Queens","New York","Active","324","https://en.wikipedia.org/wiki/List_of_Alpha_Kappa_Alpha_chapters#cite_note-382","[","]"
"Pi Chi Omega","June 6, 1987","West Memphis","https://en.wikipedia.org/wiki/West_Memphis,_Arkansas","Arkansas","Active","325","https://en.wikipedia.org/wiki/List_of_Alpha_Kappa_Alpha_chapters#cite_note-383","[","]"
"Pi Psi Omega","","Spring Valley","https://en.wikipedia.org/wiki/Spring_Valley,_New_York","New York","Active","","","",""
"Pi Omega Omega","","Kingsport","https://en.wikipedia.org/wiki/Kingsport,_Tennessee","Tennessee","Active","","","",""
"Rho Alpha Omega","","Laurinburg","https://en.wikipedia.org/wiki/Laurinburg,_North_Carolina","North Carolina","Active","","","",""
"Rho Beta Omega","","Natchitoches","https://en.wikipedia.org/wiki/Natchitoches,_Louisiana","Louisiana","Active","","","",""
"Rho Gamma Omega","September 6, 1987","South Orange","https://en.wikipedia.org/wiki/South_Orange,_New_Jersey","New Jersey","Active","326","https://en.wikipedia.org/wiki/List_of_Alpha_Kappa_Alpha_chapters#cite_note-384","[","]"
"Rho Delta Omega","January 9, 1988","Palo Alto","https://en.wikipedia.org/wiki/Palo_Alto,_California","California","Active","327","https://en.wikipedia.org/wiki/List_of_Alpha_Kappa_Alpha_chapters#cite_note-385","[","]"
"Rho Epsilon Omega","January 23, 1988","Wellesley","https://en.wikipedia.org/wiki/Wellesley,_Massachusetts","Massachusetts","Active","328","https://en.wikipedia.org/wiki/List_of_Alpha_Kappa_Alpha_chapters#cite_note-386","[","]"
"Rho Zeta Omega","April 30, 1988","Marietta","https://en.wikipedia.org/wiki/Marietta,_Georgia","Georgia","Active","329","https://en.wikipedia.org/wiki/List_of_Alpha_Kappa_Alpha_chapters#cite_note-387","[","]"
"Rho Eta Omega","May 21, 1988","Richmond","https://en.wikipedia.org/wiki/Richmond,_Virginia","Virginia","Active","330","https://en.wikipedia.org/wiki/List_of_Alpha_Kappa_Alpha_chapters#cite_note-388","[","]"
"Rho Theta Omega","May 22, 1988","Philadelphia","https://en.wikipedia.org/wiki/Philadelphia","Pennsylvania","Active","331","https://en.wikipedia.org/wiki/List_of_Alpha_Kappa_Alpha_chapters#cite_note-389","[","]"
"Rho Iota Omega","June 25, 1988","Odessa","https://en.wikipedia.org/wiki/Odessa,_Texas","Texas","Active","332","https://en.wikipedia.org/wiki/List_of_Alpha_Kappa_Alpha_chapters#cite_note-390","[","]"
"Rho Kappa Omega","September 18, 1988","Jersey City","https://en.wikipedia.org/wiki/Jersey_City,_New_Jersey","New Jersey","Active","333","https://en.wikipedia.org/wiki/List_of_Alpha_Kappa_Alpha_chapters#cite_note-391","[","]"
"Rho Lambda Omega","October 23, 1988","Jackson","https://en.wikipedia.org/wiki/Jackson,_Mississippi","Mississippi","Active","334","https://en.wikipedia.org/wiki/List_of_Alpha_Kappa_Alpha_chapters#cite_note-392","[","]"
"Rho Mu Omega","October 30, 1988","Washington","https://en.wikipedia.org/wiki/Washington,_D.C.","","Active","335","https://en.wikipedia.org/wiki/List_of_Alpha_Kappa_Alpha_chapters#cite_note-393","[","]"
"Rho Nu Omega","November 26, 1988","Seoul","https://en.wikipedia.org/wiki/Seoul","","Active","336","https://en.wikipedia.org/wiki/List_of_Alpha_Kappa_Alpha_chapters#cite_note-394","[","]"
"Rho Xi Omega","December 3, 1988","Pikesville","https://en.wikipedia.org/wiki/Pikesville,_Maryland","Maryland","Active","337","https://en.wikipedia.org/wiki/List_of_Alpha_Kappa_Alpha_chapters#cite_note-395","[","]"
"Rho Omicron Omega","December 10, 1988","Baytown","https://en.wikipedia.org/wiki/Baytown,_Texas","Texas","Active","338","https://en.wikipedia.org/wiki/List_of_Alpha_Kappa_Alpha_chapters#cite_note-396","[","]"
"Rho Pi Omega","","Harvey","https://en.wikipedia.org/wiki/Harvey,_Louisiana","Louisiana","Active","","","",""
"Rho Rho Omega","January 1989","Columbus","https://en.wikipedia.org/wiki/Columbus,_Georgia","Georgia","Active","339","https://en.wikipedia.org/wiki/List_of_Alpha_Kappa_Alpha_chapters#cite_note-397","[","]"
"Rho Sigma Omega","","Americus","https://en.wikipedia.org/wiki/Americus,_Georgia","Georgia","Active","","","",""
"Rho Tau Omega","March 19, 1989","Warrenton","https://en.wikipedia.org/wiki/Warrenton,_North_Carolina","North Carolina","Active","340","https://en.wikipedia.org/wiki/List_of_Alpha_Kappa_Alpha_chapters#cite_note-398","[","]"
"Rho Upsilon Omega","May 6, 1989","San Ramon","https://en.wikipedia.org/wiki/San_Ramon,_California","California","Active","341","https://en.wikipedia.org/wiki/List_of_Alpha_Kappa_Alpha_chapters#cite_note-399","[","]"
"Rho Phi Omega","May 1989","Bryan","https://en.wikipedia.org/wiki/Bryan,_Texas","Texas","Active","342","https://en.wikipedia.org/wiki/List_of_Alpha_Kappa_Alpha_chapters#cite_note-400","[","]"
"Rho Chi Omega","July 29, 1989","Madison","https://en.wikipedia.org/wiki/Madison,_Alabama","Alabama","Active","343","https://en.wikipedia.org/wiki/List_of_Alpha_Kappa_Alpha_chapters#cite_note-401","[","]"
"Rho Psi Omega","June 25, 1989","Charlotte","https://en.wikipedia.org/wiki/Charlotte,_North_Carolina","North Carolina","Active","344","https://en.wikipedia.org/wiki/List_of_Alpha_Kappa_Alpha_chapters#cite_note-402","[","]"
"Rho Omega Omega","","Clinton","https://en.wikipedia.org/wiki/Clinton,_North_Carolina","North Carolina","Active","345","https://en.wikipedia.org/wiki/List_of_Alpha_Kappa_Alpha_chapters#cite_note-403","[","]"
"Sigma Alpha Omega","","Tifton","https://en.wikipedia.org/wiki/Tifton,_Georgia","Georgia","Active","","","",""
"Sigma Beta Omega","","Camden","https://en.wikipedia.org/wiki/Camden,_Arkansas","Arkansas","Active","","","",""
"Sigma Gamma Omega","December 16, 1989","Harrisonburg","https://en.wikipedia.org/wiki/Harrisonburg,_Virginia","Virginia","Active","346","https://en.wikipedia.org/wiki/List_of_Alpha_Kappa_Alpha_chapters#cite_note-404","[","]"
"Sigma Delta Omega","","Elk Grove","https://en.wikipedia.org/wiki/Elk_Grove,_California","California","Active","","","",""
"Sigma Epsilon Omega","January 20, 1990","Warner Robins","https://en.wikipedia.org/wiki/Warner_Robins,_Georgia","Georgia","Active","347","https://en.wikipedia.org/wiki/List_of_Alpha_Kappa_Alpha_chapters#cite_note-405","[","]"
"Sigma Zeta Omega","January 27, 1990","Newark","https://en.wikipedia.org/wiki/Newark,_Delaware","Delaware","Active","348","https://en.wikipedia.org/wiki/List_of_Alpha_Kappa_Alpha_chapters#cite_note-406","[","]"
"","","","","","Inactive ?","","","",""
"Sigma Theta Omega","February 3, 1990","Saint Thomas","https://en.wikipedia.org/wiki/Saint_Thomas,_U.S._Virgin_Islands","","Active","","","",""
"Sigma Iota Omega","March 11, 1990","Fairmont","https://en.wikipedia.org/wiki/Fairmont,_West_Virginia","North Carolina","Active","349","https://en.wikipedia.org/wiki/List_of_Alpha_Kappa_Alpha_chapters#cite_note-407","[","]"
"Sigma Kappa Omega","January 18, 1990","Greensboro","https://en.wikipedia.org/wiki/Greensboro,_North_Carolina","North Carolina","Active","350","https://en.wikipedia.org/wiki/List_of_Alpha_Kappa_Alpha_chapters#cite_note-408","[","]"
"Sigma Lambda Omega","April 7, 1990","Van Nuys","https://en.wikipedia.org/wiki/Van_Nuys","California","Active","351","https://en.wikipedia.org/wiki/List_of_Alpha_Kappa_Alpha_chapters#cite_note-409","[","]"
"Sigma Mu Omega","","Lima","https://en.wikipedia.org/wiki/Lima,_Ohio","Ohio","Active","","","",""
"Sigma Nu Omega","","Roxboro","https://en.wikipedia.org/wiki/Roxboro,_North_Carolina","North Carolina","Active","","","",""
"Sigma Xi Omega","May 19, 1990","Bermuda","https://en.wikipedia.org/wiki/Bermuda","","Active","","","",""
"Sigma Omicron Omega","","Fort Walton Beach","https://en.wikipedia.org/wiki/Fort_Walton_Beach,_Florida","Florida","Active","","","",""
"Sigma Pi Omega","May 19, 1990","Torrance","https://en.wikipedia.org/wiki/Torrance,_California","California","Active","352","https://en.wikipedia.org/wiki/List_of_Alpha_Kappa_Alpha_chapters#cite_note-410","[","]"
"Sigma Rho Omega","May 19, 1990","Shreveport","https://en.wikipedia.org/wiki/Shreveport,_Louisiana","Louisiana","Active","","","",""
"Sigma Sigma Omega","","Oklahoma City","https://en.wikipedia.org/wiki/Oklahoma_City","Oklahoma","Active","","","",""
"Sigma Tau Omega","June 3, 1990","Cary","https://en.wikipedia.org/wiki/Cary,_North_Carolina","","Active","353","https://en.wikipedia.org/wiki/List_of_Alpha_Kappa_Alpha_chapters#cite_note-411","[","]"
"Sigma Upsilon Omega","June 17, 1990","Summerville","https://en.wikipedia.org/wiki/Summerville,_South_Carolina","South Carolina","Active","354","https://en.wikipedia.org/wiki/List_of_Alpha_Kappa_Alpha_chapters#cite_note-412","[","]"
"Sigma Phi Omega","June 21, 1990","Gary","https://en.wikipedia.org/wiki/Gary,_Indiana","Indiana","Active","","","",""
"","","","","","Inactive ?","","","",""
"Sigma Psi Omega","June 23, 1990","Malverne","https://en.wikipedia.org/wiki/Malverne,_New_York","New York","Active","355","https://en.wikipedia.org/wiki/List_of_Alpha_Kappa_Alpha_chapters#cite_note-413","[","]"
"Sigma Omega Omega","December 1990","Douglasville","https://en.wikipedia.org/wiki/Douglasville,_Georgia","Georgia","Active","356","https://en.wikipedia.org/wiki/List_of_Alpha_Kappa_Alpha_chapters#cite_note-414","[","]"
"Tau Alpha Omega","March 1991","Redford","https://en.wikipedia.org/wiki/Redford,_Michigan","Michigan","Active","357","https://en.wikipedia.org/wiki/List_of_Alpha_Kappa_Alpha_chapters#cite_note-415","[","]"
"Tau Beta Omega","April 27, 1991","Marina Del Rey","https://en.wikipedia.org/wiki/Marina_del_Rey,_California","California","Active","358","https://en.wikipedia.org/wiki/List_of_Alpha_Kappa_Alpha_chapters#cite_note-416","[","]"
"Tau Gamma Omega","November 2, 1991","Chicago","https://en.wikipedia.org/wiki/Chicago","Illinois","Active","359","https://en.wikipedia.org/wiki/List_of_Alpha_Kappa_Alpha_chapters#cite_note-417","[","]"
"Tau Delta Omega","November 10, 1991","Chester","https://en.wikipedia.org/wiki/Chester,_Pennsylvania","Pennsylvania","Active","360","https://en.wikipedia.org/wiki/List_of_Alpha_Kappa_Alpha_chapters#cite_note-418","[","]"
"Tau Epsilon Omega","November 16, 1991","East Point","https://en.wikipedia.org/wiki/East_Point,_Georgia","Georgia","Active","361","https://en.wikipedia.org/wiki/List_of_Alpha_Kappa_Alpha_chapters#cite_note-419","[","]"
"Tau Zeta Omega","January 18, 1992","Webster","https://en.wikipedia.org/wiki/Webster,_Texas","Texas","Active","362","https://en.wikipedia.org/wiki/List_of_Alpha_Kappa_Alpha_chapters#cite_note-420","[","]"
"Tau Eta Omega","","Cleveland","https://en.wikipedia.org/wiki/Cleveland","Tennessee","Active","","","",""
"Tau Theta Omega","","Quincy","https://en.wikipedia.org/wiki/Quincy,_Florida","Florida","Active","","","",""
"Tau Iota Omega","February 23, 1992","Slidell","https://en.wikipedia.org/wiki/Slidell,_Louisiana","Louisiana","Active","363","https://en.wikipedia.org/wiki/List_of_Alpha_Kappa_Alpha_chapters#cite_note-421","[","]"
"Tau Kappa Omega","","Plaqemine","https://en.wikipedia.org/wiki/Plaquemine,_Louisiana","Louisiana","Active","","","",""
"Tau Lambda Omega","April 12, 1992","Trotwood","https://en.wikipedia.org/wiki/Trotwood,_Ohio","Ohio","Active","364","https://en.wikipedia.org/wiki/List_of_Alpha_Kappa_Alpha_chapters#cite_note-422","[","]"
"Tau Mu Omega","May 17, 1992","Christiansburg","https://en.wikipedia.org/wiki/Christiansburg,_Virginia","Virginia","Active","365","https://en.wikipedia.org/wiki/List_of_Alpha_Kappa_Alpha_chapters#cite_note-423","[","]"
"Tau Nu Omega","June 13, 1992","Bronx","https://en.wikipedia.org/wiki/The_Bronx","New York","Active","366","https://en.wikipedia.org/wiki/List_of_Alpha_Kappa_Alpha_chapters#cite_note-:47-424","[","]"
"Tau Xi Omega","December 12, 1992","Hamden","https://en.wikipedia.org/wiki/Hamden,_Connecticut","Connecticut","Active","367","https://en.wikipedia.org/wiki/List_of_Alpha_Kappa_Alpha_chapters#cite_note-:48-425","[","]"
"Tau Omicron Omega","","Dublin","https://en.wikipedia.org/wiki/Dublin,_Georgia","Georgia","Active","","","",""
"Tau Pi Omega","January 23, 1993","Stone Mountain","https://en.wikipedia.org/wiki/Stone_Mountain,_Georgia","Georgia","Active","368","https://en.wikipedia.org/wiki/List_of_Alpha_Kappa_Alpha_chapters#cite_note-:49-426","[","]"
"Tau Rho Omega","January 23, 1993","Carrollton","https://en.wikipedia.org/wiki/Carrollton,_Texas","Texas","Active","369","https://en.wikipedia.org/wiki/List_of_Alpha_Kappa_Alpha_chapters#cite_note-:50-427","[","]"
"","","","","","Inactive ?","","","",""
"Tau Tau Omega","February 7, 1993","Santa Monica","https://en.wikipedia.org/wiki/Santa_Monica,_California","California","Active","370","https://en.wikipedia.org/wiki/List_of_Alpha_Kappa_Alpha_chapters#cite_note-428","[","]"
"Tau Upsilon Omega","April 17, 1993","Fairfield","https://en.wikipedia.org/wiki/Fairfield,_California","California","Active","371","https://en.wikipedia.org/wiki/List_of_Alpha_Kappa_Alpha_chapters#cite_note-429","[","]"
"Tau Phi Omega","","Chester","https://en.wikipedia.org/wiki/Chester,_Virginia","Virginia","Active","","","",""
"Tau Chi Omega","May 22, 1993","Deland","https://en.wikipedia.org/wiki/DeLand,_Florida","Florida","Active","372","https://en.wikipedia.org/wiki/List_of_Alpha_Kappa_Alpha_chapters#cite_note-430","[","]"
"Tau Psi Omega","","Iowa City","https://en.wikipedia.org/wiki/Iowa_City,_Iowa","Iowa","Active","","","",""
"Tau Omega Omega","","Jacksonville","https://en.wikipedia.org/wiki/Jacksonville,_Florida","North Carolina","Active","","","",""
"Upsilon Alpha Omega","January 29, 1994","Lawrenceville","https://en.wikipedia.org/wiki/Lawrenceville,_Georgia","Georgia","Active","8","https://en.wikipedia.org/wiki/List_of_Alpha_Kappa_Alpha_chapters#cite_note-:52-14","[","]"
"Upsilon Beta Omega","May 15, 1994","Murray","https://en.wikipedia.org/wiki/Murray,_Utah","Utah","Active","2","https://en.wikipedia.org/wiki/List_of_Alpha_Kappa_Alpha_chapters#cite_note-:51-2","[","]"
"","","","","","Inactive ?","","","",""
"Upsilon Delta Omega","June 18, 1994","Cherry Hill","https://en.wikipedia.org/wiki/Cherry_Hill,_New_Jersey","New Jersey","Active","","","",""
"Upsilon Epsilon Omega","May 26, 1994","Catonsville","https://en.wikipedia.org/wiki/Catonsville,_Maryland","Maryland","Active","373","https://en.wikipedia.org/wiki/List_of_Alpha_Kappa_Alpha_chapters#cite_note-431","[","]"
"Upsilon Zeta Omega","","Nacagdoches","https://en.wikipedia.org/wiki/Nacogdoches,_Texas","Texas","Active","","","",""
"Upsilon Eta Omega","April 29, 1995","Fairfield","https://en.wikipedia.org/wiki/Fairfield,_Alabama","Alabama","Active","374","https://en.wikipedia.org/wiki/List_of_Alpha_Kappa_Alpha_chapters#cite_note-432","[","]"
"Upsilon Theta Omega","December 2, 1995","Stillwater","https://en.wikipedia.org/wiki/Stillwater,_Oklahoma","Oklahoma","Active","375","https://en.wikipedia.org/wiki/List_of_Alpha_Kappa_Alpha_chapters#cite_note-433","[","]"
"Upsilon Iota Omega","December 16, 1995","Oxford","https://en.wikipedia.org/wiki/Oxford,_Mississippi","Mississippi","Active","376","https://en.wikipedia.org/wiki/List_of_Alpha_Kappa_Alpha_chapters#cite_note-434","[","]"
"Upsilon Kappa Omega","December 1, 1996","Fayetteville","https://en.wikipedia.org/wiki/Fayetteville,_North_Carolina","North Carolina","Active","377","https://en.wikipedia.org/wiki/List_of_Alpha_Kappa_Alpha_chapters#cite_note-435","[","]"
"Upsilon Lambda Omega","January 11, 1997","DeSoto","https://en.wikipedia.org/wiki/DeSoto,_Texas","Texas","Active","90","https://en.wikipedia.org/wiki/List_of_Alpha_Kappa_Alpha_chapters#cite_note-:54-139","[","]"
"Upsilon Mu Omega","March 29, 1997","Milwaukee","https://en.wikipedia.org/wiki/Milwaukee","Wisconsin","Active","89","https://en.wikipedia.org/wiki/List_of_Alpha_Kappa_Alpha_chapters#cite_note-:53-138","[","]"
"","","Binghamton","https://en.wikipedia.org/wiki/Binghamton,_New_York","New York","Inactive ?","378","https://en.wikipedia.org/wiki/List_of_Alpha_Kappa_Alpha_chapters#cite_note-436","[","]"
"Upsilon Xi Omega","May 31, 1997","Fort Lauderdale","https://en.wikipedia.org/wiki/Fort_Lauderdale,_Florida","Florida","Active","379","https://en.wikipedia.org/wiki/List_of_Alpha_Kappa_Alpha_chapters#cite_note-437","[","]"
"Upsilon Omicron Omega","June 1, 1997","Norfolk","https://en.wikipedia.org/wiki/Norfolk,_Virginia","Virginia","Active","380","https://en.wikipedia.org/wiki/List_of_Alpha_Kappa_Alpha_chapters#cite_note-438","[","]"
"Upsilon Pi Omega","","Starkville","https://en.wikipedia.org/wiki/Starkville,_Mississippi","Mississippi","Active","","","",""
"Upsilon Rho Omega","June 7, 1997","Lenexa","https://en.wikipedia.org/wiki/Lenexa,_Kansas","Kansas","Active","381","https://en.wikipedia.org/wiki/List_of_Alpha_Kappa_Alpha_chapters#cite_note-439","[","]"
"Upsilon Sigma Omega","June 14, 1997","Bennettsville","https://en.wikipedia.org/wiki/Bennettsville,_South_Carolina","South Carolina","Active","382","https://en.wikipedia.org/wiki/List_of_Alpha_Kappa_Alpha_chapters#cite_note-440","[","]"
"Upsilon Tau Omega","December 7, 1997","Fort Washington","https://en.wikipedia.org/wiki/Fort_Washington,_Maryland","Maryland","Active","383","https://en.wikipedia.org/wiki/List_of_Alpha_Kappa_Alpha_chapters#cite_note-441","[","]"
"Upsilon Upsilon Omega","January 24, 1998","Canton","https://en.wikipedia.org/wiki/Canton,_Mississippi","Mississippi","Active","","","",""
"Upsilon Phi Omega","January 31, 1998","Edwardsville","https://en.wikipedia.org/wiki/Edwardsville,_Illinois","Illinois","Active","384","https://en.wikipedia.org/wiki/List_of_Alpha_Kappa_Alpha_chapters#cite_note-442","[","]"
"Upsilon Chi Omega","February 7, 1998","Gulfport","https://en.wikipedia.org/wiki/Gulfport,_Mississippi","Mississippi","Active","385","https://en.wikipedia.org/wiki/List_of_Alpha_Kappa_Alpha_chapters#cite_note-443","[","]"
"Upsilon Psi Omega","March 14, 1998","Nashville","https://en.wikipedia.org/wiki/Nashville,_Tennessee","Tennessee","Active","386","https://en.wikipedia.org/wiki/List_of_Alpha_Kappa_Alpha_chapters#cite_note-444","[","]"
"Upsilon Omega Omega","May 9, 1998","Irmo","https://en.wikipedia.org/wiki/Irmo,_South_Carolina","South Carolina","Active","387","https://en.wikipedia.org/wiki/List_of_Alpha_Kappa_Alpha_chapters#cite_note-445","[","]"
"Phi Alpha Omega","","Bentonville","https://en.wikipedia.org/wiki/Bentonville,_Arkansas","Arkansas","Active","","","",""
"Phi Beta Omega","June 6, 1998","North Wales","https://en.wikipedia.org/wiki/North_Wales,_Pennsylvania","Pennsylvania","Active","388","https://en.wikipedia.org/wiki/List_of_Alpha_Kappa_Alpha_chapters#cite_note-446","[","]"
"Phi Gamma Omega","","Pineville","https://en.wikipedia.org/wiki/Pineville,_Louisiana","Louisiana","Active","","","",""
"Phi Delta Omega","June 13, 1998","Vidalia","https://en.wikipedia.org/wiki/Vidalia,_Georgia","Georgia","Active","","","",""
"Phi Epsilon Omega","","Harvey","https://en.wikipedia.org/wiki/Harvey,_Illinois","Illinois","Active","","","",""
"Phi Zeta Omega","","Magnolia","https://en.wikipedia.org/wiki/Magnolia,_Arkansas","Arkansas","Active","","","",""
"Phi Eta Omega","June 6, 1999","Scotch Plains","https://en.wikipedia.org/wiki/Scotch_Plains,_New_Jersey","New Jersey","Active","389","https://en.wikipedia.org/wiki/List_of_Alpha_Kappa_Alpha_chapters#cite_note-447","[","]"
"","","","","","Inactive?","","","",""
"Phi Iota Omega","December 11, 1999","Birmingham","https://en.wikipedia.org/wiki/Birmingham,_Alabama","Alabama","Active","390","https://en.wikipedia.org/wiki/List_of_Alpha_Kappa_Alpha_chapters#cite_note-448","[","]"
"Phi Kappa Omega","January 8, 2000","Oak Lawn","https://en.wikipedia.org/wiki/Oak_Lawn,_Illinois","Illinois","Active","391","https://en.wikipedia.org/wiki/List_of_Alpha_Kappa_Alpha_chapters#cite_note-449","[","]"
"Phi Lambda Omega","January 8, 2000","Memphis","https://en.wikipedia.org/wiki/Memphis,_Tennessee","Tennessee","Active","392","https://en.wikipedia.org/wiki/List_of_Alpha_Kappa_Alpha_chapters#cite_note-450","[","]"
"Phi Mu Omega","January 15, 2000","McComb","https://en.wikipedia.org/wiki/McComb,_Mississippi","Mississippi","Active","","","",""
"Phi Nu Omega","","Alexandria","https://en.wikipedia.org/wiki/Alexandria,_Virginia","Virginia","Active","393","https://en.wikipedia.org/wiki/List_of_Alpha_Kappa_Alpha_chapters#cite_note-451","[","]"
"Phi Xi Omega","January 13, 2000","San Marcos","https://en.wikipedia.org/wiki/San_Marcos,_Texas","Texas","Active","394","https://en.wikipedia.org/wiki/List_of_Alpha_Kappa_Alpha_chapters#cite_note-452","[","]"
"Phi Omicron Omega","February 25, 2000","Okinawa","https://en.wikipedia.org/wiki/Okinawa_(city)","","Active","","","",""
"Phi Pi Omega","February 25, 2000","Tyrone","https://en.wikipedia.org/wiki/Tyrone,_Georgia","Georgia","Active","395","https://en.wikipedia.org/wiki/List_of_Alpha_Kappa_Alpha_chapters#cite_note-453","[","]"
"Phi Rho Omega","","Baldwin","https://en.wikipedia.org/wiki/Baldwin,_Louisiana","Louisiana","Active","","","",""
"Phi Sigma Omega","June 25, 2000","Gonzales","https://en.wikipedia.org/wiki/Gonzales,_Louisiana","Louisiana","Active","396","https://en.wikipedia.org/wiki/List_of_Alpha_Kappa_Alpha_chapters#cite_note-454","[","]"
"Phi Tau Omega","January 20, 2001","Hapeville","https://en.wikipedia.org/wiki/Hapeville,_Georgia","Georgia","Active","397","https://en.wikipedia.org/wiki/List_of_Alpha_Kappa_Alpha_chapters#cite_note-455","[","]"
"Phi Upsilon Omega","","Town Creek","https://en.wikipedia.org/wiki/Town_Creek,_Alabama","Alabama","Active","","","",""
"Phi Phi Omega","","Alpharetta","https://en.wikipedia.org/wiki/Alpharetta,_Georgia","Georgia","Active","","","",""
"Phi Chi Omega","March 10, 2001","Smithfield","https://en.wikipedia.org/wiki/Smithfield,_Virginia","Virginia","Active","","","",""
"Phi Psi Omega","January 5, 2002","Forest Park","https://en.wikipedia.org/wiki/Forest_Park,_Ohio","Ohio","Active","398","https://en.wikipedia.org/wiki/List_of_Alpha_Kappa_Alpha_chapters#cite_note-456","[","]"
"Phi Omega Omega","","Alcolu","https://en.wikipedia.org/wiki/Alcolu,_South_Carolina","South Carolina","Active","","","",""
"Chi Alpha Omega","April 14, 2002","Schaumburg","https://en.wikipedia.org/wiki/Schaumburg,_Illinois","Illinois","Active","56","https://en.wikipedia.org/wiki/List_of_Alpha_Kappa_Alpha_chapters#cite_note-:563-103","[","]"
"Chi Beta Omega","April 18, 2002","Falls Church","https://en.wikipedia.org/wiki/Falls_Church,_Virginia","Virginia","Active","55","https://en.wikipedia.org/wiki/List_of_Alpha_Kappa_Alpha_chapters#cite_note-:553-102","[","]"
"Chi Gamma Omega","","Waycross","https://en.wikipedia.org/wiki/Waycross,_Georgia","Georgia","Active","","","",""
"Chi Delta Omega","July 3, 2002","Palm Coast","https://en.wikipedia.org/wiki/Palm_Coast,_Florida","Florida","Active","399","https://en.wikipedia.org/wiki/List_of_Alpha_Kappa_Alpha_chapters#cite_note-457","[","]"
"Chi Epsilon Omega","October 20, 2002","East Lansing","https://en.wikipedia.org/wiki/East_Lansing,_Michigan","Michigan","Active","400","https://en.wikipedia.org/wiki/List_of_Alpha_Kappa_Alpha_chapters#cite_note-458","[","]"
"Chi Zeta Omega","November 23, 2002","Plano","https://en.wikipedia.org/wiki/Plano,_Texas","Texas","Active","401","https://en.wikipedia.org/wiki/List_of_Alpha_Kappa_Alpha_chapters#cite_note-459","[","]"
"Chi Eta Omega","February 8, 2003","Conway","https://en.wikipedia.org/wiki/Conway,_Arkansas","Arkansas","Active","402","https://en.wikipedia.org/wiki/List_of_Alpha_Kappa_Alpha_chapters#cite_note-460","[","]"
"Chi Theta Omega","May 17, 2003","Frederick","https://en.wikipedia.org/wiki/Frederick,_Maryland","Maryland","Active","403","https://en.wikipedia.org/wiki/List_of_Alpha_Kappa_Alpha_chapters#cite_note-461","[","]"
"Chi Iota Omega","June 21, 2003","Kenansville","https://en.wikipedia.org/wiki/Kenansville,_North_Carolina","North Carolina","Active","404","https://en.wikipedia.org/wiki/List_of_Alpha_Kappa_Alpha_chapters#cite_note-462","[","]"
"Chi Kappa Omega","June 28, 2003","Lancaster","https://en.wikipedia.org/wiki/Lancaster,_California","California","Active","","","",""
"Chi Lambda Omega","","Hartsville","https://en.wikipedia.org/wiki/Hartsville,_South_Carolina","South Carolina","Active","","","",""
"Chi Mu Omega","December 6, 2003","Mound Bayou","https://en.wikipedia.org/wiki/Mound_Bayou,_Mississippi","Mississippi","Active","405","https://en.wikipedia.org/wiki/List_of_Alpha_Kappa_Alpha_chapters#cite_note-463","[","]"
"Chi Nu Omega","December 2003","Arkadelphia","https://en.wikipedia.org/wiki/Arkadelphia,_Arkansas","Arkansas","Active","","","",""
"Chi Xi Omega","","Decatur","https://en.wikipedia.org/wiki/Decatur,_Illinois","Illinois","Active","","","",""
"Chi Omicron Omega","April 4, 2004","Katy","https://en.wikipedia.org/wiki/Katy,_Texas","Texas","Active","406","https://en.wikipedia.org/wiki/List_of_Alpha_Kappa_Alpha_chapters#cite_note-464","[","]"
"Chi Pi Omega","May 22, 2004","Statesboro","https://en.wikipedia.org/wiki/Statesboro,_Georgia","Georgia","Active","407","https://en.wikipedia.org/wiki/List_of_Alpha_Kappa_Alpha_chapters#cite_note-465","[","]"
"Chi Rho Omega","August 28, 2004","Knightdale","https://en.wikipedia.org/wiki/Knightdale,_North_Carolina","North Carolina","Active","408","https://en.wikipedia.org/wiki/List_of_Alpha_Kappa_Alpha_chapters#cite_note-466","[","]"
"Chi Sigma Omega","December 5, 2004","Bolingbrook","https://en.wikipedia.org/wiki/Bolingbrook,_Illinois","Illinois","Active","409","https://en.wikipedia.org/wiki/List_of_Alpha_Kappa_Alpha_chapters#cite_note-467","[","]"
"Chi Tau Omega","","Conyers","https://en.wikipedia.org/wiki/Conyers,_Georgia","Georgia","Active","410","https://en.wikipedia.org/wiki/List_of_Alpha_Kappa_Alpha_chapters#cite_note-468","[","]"
"Chi Upsilon Omega","December 2004","Tallahassee","https://en.wikipedia.org/wiki/Tallahassee,_Florida","Florida","Active","411","https://en.wikipedia.org/wiki/List_of_Alpha_Kappa_Alpha_chapters#cite_note-469","[","]"
"Chi Phi Omega","April 7, 2005","Lafayette","https://en.wikipedia.org/wiki/Lafayette,_Indiana","Indiana","Active","412","https://en.wikipedia.org/wiki/List_of_Alpha_Kappa_Alpha_chapters#cite_note-470","[","]"
"Chi Chi Omega","May 21, 2005","Indianapolis","https://en.wikipedia.org/wiki/Indianapolis","Indiana","Active","413","https://en.wikipedia.org/wiki/List_of_Alpha_Kappa_Alpha_chapters#cite_note-471","[","]"
"Chi Psi Omega","June 12, 2005","Coral Springs","https://en.wikipedia.org/wiki/Coral_Springs,_Florida","Florida","Active","414","https://en.wikipedia.org/wiki/List_of_Alpha_Kappa_Alpha_chapters#cite_note-472","[","]"
"Chi Omega Omega","June 18, 2005","Chicago","https://en.wikipedia.org/wiki/Chicago","Illinois","Active","415","https://en.wikipedia.org/wiki/List_of_Alpha_Kappa_Alpha_chapters#cite_note-473","[","]"
"Psi Alpha Omega","December 10, 2005","Stockbridge","https://en.wikipedia.org/wiki/Stockbridge,_Georgia","Georgia","Active","416","https://en.wikipedia.org/wiki/List_of_Alpha_Kappa_Alpha_chapters#cite_note-:57-474","[","]"
"Psi Beta Omega","June 9, 2006","Tokyo","https://en.wikipedia.org/wiki/Tokyo","","Active","417","https://en.wikipedia.org/wiki/List_of_Alpha_Kappa_Alpha_chapters#cite_note-475","[","]"
"Psi Gamma Omega","June 17, 2006","Hillsborough","https://en.wikipedia.org/wiki/Hillsborough,_North_Carolina","North Carolina","Active","418","https://en.wikipedia.org/wiki/List_of_Alpha_Kappa_Alpha_chapters#cite_note-:58-476","[","]"
"Psi Delta Omega","March 18, 2007","Birmingham","https://en.wikipedia.org/wiki/Birmingham,_Michigan","Michigan","Active","419","https://en.wikipedia.org/wiki/List_of_Alpha_Kappa_Alpha_chapters#cite_note-477","[","]"
"Psi Epsilon Omega","April 29, 2007","Laurel","https://en.wikipedia.org/wiki/Laurel,_Maryland","Maryland","Active","420","https://en.wikipedia.org/wiki/List_of_Alpha_Kappa_Alpha_chapters#cite_note-478","[","]"
"Psi Zeta Omega","","Knoxville","https://en.wikipedia.org/wiki/Knoxville,_Tennessee","Tennessee","Active","","","",""
"Psi Eta Omega","May 24, 2008","Columbus","https://en.wikipedia.org/wiki/Columbus,_Ohio","Ohio","Active","421","https://en.wikipedia.org/wiki/List_of_Alpha_Kappa_Alpha_chapters#cite_note-479","[","]"
"Psi Theta Omega","June 28, 2008","Orlando","https://en.wikipedia.org/wiki/Orlando,_Florida","Florida","Active","422","https://en.wikipedia.org/wiki/List_of_Alpha_Kappa_Alpha_chapters#cite_note-:59-480","[","]"
"Psi Iota Omega","July 6, 2008","Brockton","https://en.wikipedia.org/wiki/Brockton,_Massachusetts","Massachusetts","Active","423","https://en.wikipedia.org/wiki/List_of_Alpha_Kappa_Alpha_chapters#cite_note-:60-481","[","]"
"Psi Kappa Omega","February 7, 2009","Battle Creek","https://en.wikipedia.org/wiki/Battle_Creek,_Michigan","Michigan","Active","424","https://en.wikipedia.org/wiki/List_of_Alpha_Kappa_Alpha_chapters#cite_note-482","[","]"
"Psi Lambda Omega","February 7, 2009","Brooklyn","https://en.wikipedia.org/wiki/Brooklyn","New York","Active","425","https://en.wikipedia.org/wiki/List_of_Alpha_Kappa_Alpha_chapters#cite_note-483","[","]"
"Psi Mu Omega","March 19, 2011","Pearland","https://en.wikipedia.org/wiki/Pearland,_Texas","Texas","Active","426","https://en.wikipedia.org/wiki/List_of_Alpha_Kappa_Alpha_chapters#cite_note-484","[","]"
"Psi Nu Omega","September 24, 2011","Richland","https://en.wikipedia.org/wiki/Richland,_Washington","Washington","Active","427","https://en.wikipedia.org/wiki/List_of_Alpha_Kappa_Alpha_chapters#cite_note-485","[","]"
"Psi Xi Omega","November 26, 2011","Alabaster","https://en.wikipedia.org/wiki/Alabaster,_Alabama","Alabama","Active","428","https://en.wikipedia.org/wiki/List_of_Alpha_Kappa_Alpha_chapters#cite_note-486","[","]"
"Psi Omicron Omega","December 4, 2011","Pine Hill","https://en.wikipedia.org/wiki/Pine_Hill,_Alabama","Alabama","Active","","","",""
"Psi Pi Omega","December 10, 2011","Stuart","https://en.wikipedia.org/wiki/Stuart,_Florida","Florida","Active","429","https://en.wikipedia.org/wiki/List_of_Alpha_Kappa_Alpha_chapters#cite_note-487","[","]"
"Psi Rho Omega","June 30, 2012","Leesburg","https://en.wikipedia.org/wiki/Leesburg,_Virginia","Virginia","Active","430","https://en.wikipedia.org/wiki/List_of_Alpha_Kappa_Alpha_chapters#cite_note-488","[","]"
"Psi Sigma Omega","June 8, 2013","Garner","https://en.wikipedia.org/wiki/Garner,_North_Carolina","North Carolina","Active","431","https://en.wikipedia.org/wiki/List_of_Alpha_Kappa_Alpha_chapters#cite_note-489","[","]"
"Psi Tau Omega","November 24, 2013","Johannesburg","https://en.wikipedia.org/wiki/Johannesburg","South Africa","Active","","","",""
"Psi Upsilon Omega","December 14, 2013","Henderson","https://en.wikipedia.org/wiki/Henderson,_Nevada","Nevada","Active","432","https://en.wikipedia.org/wiki/List_of_Alpha_Kappa_Alpha_chapters#cite_note-490","[","]"
"Psi Phi Omega","February 16, 2014","","","Maryland","Active","433","https://en.wikipedia.org/wiki/List_of_Alpha_Kappa_Alpha_chapters#cite_note-491","[","]"
"Psi Chi Omega","","Lincoln","https://en.wikipedia.org/wiki/Lincoln,_Nebraska","Nebraska","Active","","","",""
"Psi Psi Omega","June 7, 2014","Garrisonville","https://en.wikipedia.org/wiki/Garrisonville,_Virginia","Virginia","Active","434","https://en.wikipedia.org/wiki/List_of_Alpha_Kappa_Alpha_chapters#cite_note-492","[","]"
"Psi Omega Omega","December 13, 2014","Peachtree Corners","https://en.wikipedia.org/wiki/Peachtree_Corners,_Georgia","Georgia","Active","435","https://en.wikipedia.org/wiki/List_of_Alpha_Kappa_Alpha_chapters#cite_note-493","[","]"
"Omega Alpha Omega","","Frisco","https://en.wikipedia.org/wiki/Frisco,_Texas","Texas","Active","","","",""
"Omega Beta Omega","May 16, 2015","Yazoo City","https://en.wikipedia.org/wiki/Yazoo_City,_Mississippi","Mississippi","Active","","","",""
"Omega Gamma Omega","December 12, 2015","Blythewood","https://en.wikipedia.org/wiki/Blythewood,_South_Carolina","South Carolina","Active","436","https://en.wikipedia.org/wiki/List_of_Alpha_Kappa_Alpha_chapters#cite_note-494","[","]"
"Omega Delta Omega","December 15, 2015","Ontario","https://en.wikipedia.org/wiki/Ontario,_California","California","Active","437","https://en.wikipedia.org/wiki/List_of_Alpha_Kappa_Alpha_chapters#cite_note-495","[","]"
"Omega Epsilon Omega","December 13, 2015","Novi","https://en.wikipedia.org/wiki/Novi,_Michigan","Michigan","Active","438","https://en.wikipedia.org/wiki/List_of_Alpha_Kappa_Alpha_chapters#cite_note-496","[","]"
"Omega Zeta Omega","December 19, 2015","","","Pennsylvania","Active","439","https://en.wikipedia.org/wiki/List_of_Alpha_Kappa_Alpha_chapters#cite_note-497","[","]"
"Omega Eta Omega","December 2015","Fulton","https://en.wikipedia.org/wiki/Fulton,_Maryland","Maryland","Active","440","https://en.wikipedia.org/wiki/List_of_Alpha_Kappa_Alpha_chapters#cite_note-498","[","]"
"Omega Theta Omega","January 22, 2016","Abu Dhabi","https://en.wikipedia.org/wiki/Abu_Dhabi","","Active","441","https://en.wikipedia.org/wiki/List_of_Alpha_Kappa_Alpha_chapters#cite_note-499","[","]"
"Omega Iota Omega","","Charlotte","https://en.wikipedia.org/wiki/Charlotte,_North_Carolina","North Carolina","Active","","","",""
"Omega Kappa Omega","September 10, 2016","Buies Creek","https://en.wikipedia.org/wiki/Buies_Creek,_North_Carolina","North Carolina","Active","442","https://en.wikipedia.org/wiki/List_of_Alpha_Kappa_Alpha_chapters#cite_note-500","[","]"
"Omega Lambda Omega","September 11, 2016","Raleigh","https://en.wikipedia.org/wiki/Raleigh,_North_Carolina","North Carolina","Active","443","https://en.wikipedia.org/wiki/List_of_Alpha_Kappa_Alpha_chapters#cite_note-501","[","]"
"Omega Mu Omega","September 18, 2016","Philadelphia","https://en.wikipedia.org/wiki/Philadelphia","Pennsylvania","Active","444","https://en.wikipedia.org/wiki/List_of_Alpha_Kappa_Alpha_chapters#cite_note-502","[","]"
"Omega Nu Omega","December 10, 2016","Springfield","https://en.wikipedia.org/wiki/Springfield,_Missouri","Missouri","Active","445","https://en.wikipedia.org/wiki/List_of_Alpha_Kappa_Alpha_chapters#cite_note-503","[","]"
"Omega Xi Omega","December 11, 2016","New Haven","https://en.wikipedia.org/wiki/New_Haven,_Michigan","Michigan","Active","","","",""
"Omega Omicron Omega","December 18, 2016","San Diego","https://en.wikipedia.org/wiki/San_Diego","California","Active","446","https://en.wikipedia.org/wiki/List_of_Alpha_Kappa_Alpha_chapters#cite_note-504","[","]"
"Omega Pi Omega","April 22, 2017","Huntingtown","https://en.wikipedia.org/wiki/Huntingtown,_Maryland","Maryland","Active","447","https://en.wikipedia.org/wiki/List_of_Alpha_Kappa_Alpha_chapters#cite_note-505","[","]"
"Omega Rho Omega","April 22, 2017","Henrico","https://en.wikipedia.org/wiki/Henrico,_Virginia","Virginia","Active","448","https://en.wikipedia.org/wiki/List_of_Alpha_Kappa_Alpha_chapters#cite_note-506","[","]"
"Omega Sigma Omega","May 23, 2017","Shelby","https://en.wikipedia.org/wiki/Shelby,_North_Carolina","North Carolina","Active","","","",""
"Omega Tau Omega","December 9, 2017","Fort Mill","https://en.wikipedia.org/wiki/Fort_Mill,_South_Carolina","South Carolina","Active","449","https://en.wikipedia.org/wiki/List_of_Alpha_Kappa_Alpha_chapters#cite_note-507","[","]"
"Omega Upsilon Omega","December 10, 2017","Concord","https://en.wikipedia.org/wiki/Concord,_California","California","Active","450","https://en.wikipedia.org/wiki/List_of_Alpha_Kappa_Alpha_chapters#cite_note-508","[","]"
"Omega Phi Omega","December 16, 2017","St. Augustine","https://en.wikipedia.org/wiki/St._Augustine,_Florida","Florida","Active","451","https://en.wikipedia.org/wiki/List_of_Alpha_Kappa_Alpha_chapters#cite_note-509","[","]"
"Omega Chi Omega","December 16, 2017","Montgomery","https://en.wikipedia.org/wiki/Montgomery,_Alabama","Alabama","Active","452","https://en.wikipedia.org/wiki/List_of_Alpha_Kappa_Alpha_chapters#cite_note-510","[","]"
"Omega Psi Omega","December 16, 2017","Elizabeth","https://en.wikipedia.org/wiki/Elizabeth,_New_Jersey","New Jersey","Active","453","https://en.wikipedia.org/wiki/List_of_Alpha_Kappa_Alpha_chapters#cite_note-511","[","]"
"Omega Omega Omega","March 25, 2018","Darlington","https://en.wikipedia.org/wiki/Darlington,_South_Carolina","South Carolina","Active","454","https://en.wikipedia.org/wiki/List_of_Alpha_Kappa_Alpha_chapters#cite_note-512","[","]"
"Alpha Alpha Alpha Omega","April 14, 2018","Broken Arrow","https://en.wikipedia.org/wiki/Broken_Arrow,_Oklahoma","Oklahoma","Active","","","",""
"Alpha Alpha Beta Omega","April 15, 2018","Miramar","https://en.wikipedia.org/wiki/Miramar,_Florida","Florida","Active","455","https://en.wikipedia.org/wiki/List_of_Alpha_Kappa_Alpha_chapters#cite_note-513","[","]"
"Alpha Alpha Gamma Omega","May 26, 2018","Bartlett","https://en.wikipedia.org/wiki/Bartlett,_Tennessee","Tennessee","Active","456","https://en.wikipedia.org/wiki/List_of_Alpha_Kappa_Alpha_chapters#cite_note-514","[","]"
"Alpha Alpha Delta Omega","June 9, 2018","Toronto","https://en.wikipedia.org/wiki/Toronto",",","Active","457","https://en.wikipedia.org/wiki/List_of_Alpha_Kappa_Alpha_chapters#cite_note-515","[","]"
"Alpha Alpha Epsilon Omega","June 9, 2018","Evans","https://en.wikipedia.org/wiki/Evans,_Georgia","Georgia","Active","","","",""
"Alpha Alpha Zeta Omega","June 9, 2018","Southaven","https://en.wikipedia.org/wiki/Southaven,_Mississippi","Mississippi","Active","458","https://en.wikipedia.org/wiki/List_of_Alpha_Kappa_Alpha_chapters#cite_note-516","[","]"
"Alpha Alpha Eta Omega","June 9, 2018","Cypress","https://en.wikipedia.org/wiki/Cypress,_Texas","Texas","Active","459","https://en.wikipedia.org/wiki/List_of_Alpha_Kappa_Alpha_chapters#cite_note-517","[","]"
"Alpha Alpha Theta Omega","June 30, 2018","Tampa","https://en.wikipedia.org/wiki/Tampa,_Florida","Florida","Active","460","https://en.wikipedia.org/wiki/List_of_Alpha_Kappa_Alpha_chapters#cite_note-518","[","]"
"Alpha Alpha Iota Omega","December 2, 2018","Laveen, Phoenix","https://en.wikipedia.org/wiki/Laveen,_Phoenix","Arizona","Active","461","https://en.wikipedia.org/wiki/List_of_Alpha_Kappa_Alpha_chapters#cite_note-519","[","]"
"Alpha Alpha Kappa Omega","May 19, 2019","Houston","https://en.wikipedia.org/wiki/Houston","Texas","Active","462","https://en.wikipedia.org/wiki/List_of_Alpha_Kappa_Alpha_chapters#cite_note-520","[","]"
"Alpha Alpha Lambda Omega","December 8, 2019","College Park","https://en.wikipedia.org/wiki/College_Park,_Maryland","Maryland","Active","463","https://en.wikipedia.org/wiki/List_of_Alpha_Kappa_Alpha_chapters#cite_note-:43-521","[","]"
"Alpha Alpha Mu Omega","January 12, 2020","Sussex County","https://en.wikipedia.org/wiki/Sussex_County,_Delaware","Delaware","Active","464","https://en.wikipedia.org/wiki/List_of_Alpha_Kappa_Alpha_chapters#cite_note-522","[","]"
"Alpha Alpha Nu Omega","November 2, 2019","Round Rock","https://en.wikipedia.org/wiki/Round_Rock,_Texas","Texas","Active","465","https://en.wikipedia.org/wiki/List_of_Alpha_Kappa_Alpha_chapters#cite_note-:44-523","[","]"
"Alpha Alpha Xi Omega","March 7, 2020","San Antonio","https://en.wikipedia.org/wiki/San_Antonio","Texas","Active","466","https://en.wikipedia.org/wiki/List_of_Alpha_Kappa_Alpha_chapters#cite_note-524","[","]"
"Alpha Alpha Omicron Omega","March 7, 2021","Kaufman County","https://en.wikipedia.org/wiki/Kaufman_County,_Texas","Texas","Active","467","https://en.wikipedia.org/wiki/List_of_Alpha_Kappa_Alpha_chapters#cite_note-525","[","]"
"Alpha Alpha Pi Omega","March 14, 2021","Gwinnett County","https://en.wikipedia.org/wiki/Gwinnett_County,_Georgia","Georgia","Active","468","https://en.wikipedia.org/wiki/List_of_Alpha_Kappa_Alpha_chapters#cite_note-526","[","]"
"Alpha Alpha Rho Omega","May 15, 2021","Benton","https://en.wikipedia.org/wiki/Benton,_Arkansas","Arkansas","Active","","","",""
"Alpha Alpha Sigma Omega","May 17, 2021","Brandywine","https://en.wikipedia.org/wiki/Brandywine,_Maryland","Maryland","Active","","","",""
"Alpha Alpha Tau Omega","May 16, 2021","Middletown","https://en.wikipedia.org/wiki/Middletown,_Delaware","Delaware","Active","463","https://en.wikipedia.org/wiki/List_of_Alpha_Kappa_Alpha_chapters#cite_note-:43-521","[","]"
"Alpha Alpha Upsilon Omega","June 6, 2021","Wellington","https://en.wikipedia.org/wiki/Wellington,_Florida","Florida","Active","245","https://en.wikipedia.org/wiki/List_of_Alpha_Kappa_Alpha_chapters#cite_note-:36-301","[","]"
"Alpha Alpha Phi Omega","June 19, 2021","Milledgeville","https://en.wikipedia.org/wiki/Milledgeville,_Georgia","Georgia","Active","469","https://en.wikipedia.org/wiki/List_of_Alpha_Kappa_Alpha_chapters#cite_note-527","[","]"
"Alpha Alpha Chi Omega","June 26, 2021","Anson County","https://en.wikipedia.org/wiki/Anson_County,_North_Carolina","North Carolina","Active","470","https://en.wikipedia.org/wiki/List_of_Alpha_Kappa_Alpha_chapters#cite_note-:37-528","[","]"
"Alpha Alpha Psi Omega","June 27, 2021","Paulding County","https://en.wikipedia.org/wiki/Paulding_County,_Georgia","Georgia","Active","471","https://en.wikipedia.org/wiki/List_of_Alpha_Kappa_Alpha_chapters#cite_note-529","[","]"
"Alpha Alpha Omega Omega","June 30, 2021","Lagos","https://en.wikipedia.org/wiki/Lagos","","Active","423","https://en.wikipedia.org/wiki/List_of_Alpha_Kappa_Alpha_chapters#cite_note-:60-481","[","]"
"Alpha Beta Alpha Omega","December 5, 2021","Springfield","https://en.wikipedia.org/wiki/Springfield,_Virginia","Virginia","Active","472","https://en.wikipedia.org/wiki/List_of_Alpha_Kappa_Alpha_chapters#cite_note-:45-530","[","]"
"Alpha Beta Beta Omega","December 5, 2021","Canton","https://en.wikipedia.org/wiki/Canton,_Ohio","Ohio","Active","472","https://en.wikipedia.org/wiki/List_of_Alpha_Kappa_Alpha_chapters#cite_note-:45-530","[","]"
"Alpha Beta Gamma Omega","December 5, 2021","Dundalk","https://en.wikipedia.org/wiki/Dundalk,_Maryland","Maryrland","Active","422","https://en.wikipedia.org/wiki/List_of_Alpha_Kappa_Alpha_chapters#cite_note-:59-480","[","]"
"Alpha Beta Delta Omega","December 12, 2021","Chicago","https://en.wikipedia.org/wiki/Chicago","Illinois","Active","473","https://en.wikipedia.org/wiki/List_of_Alpha_Kappa_Alpha_chapters#cite_note-531","[","]"
"Alpha Beta Epsilon Omega","December 12, 2021","Immokalee","https://en.wikipedia.org/wiki/Immokalee,_Florida","Florida","Active","","","",""
"Alpha Beta Zeta Omega","December 21, 2021","Belleville","https://en.wikipedia.org/wiki/Belleville,_Illinois","Illinois","Active","","","",""
"Alpha Beta Eta Omega","January 9, 2022","Jacksonville","https://en.wikipedia.org/wiki/Jacksonville,_Florida","Florida","Active","418","https://en.wikipedia.org/wiki/List_of_Alpha_Kappa_Alpha_chapters#cite_note-:58-476","[","]"
"Alpha Beta Theta Omega","May 7, 2022","Laurel","https://en.wikipedia.org/wiki/Laurel,_Mississippi","Mississippi","Active","368","https://en.wikipedia.org/wiki/List_of_Alpha_Kappa_Alpha_chapters#cite_note-:49-426","[","]"
"Alpha Beta Iota Omega","May 14, 2022","Bedford","https://en.wikipedia.org/wiki/Bedford,_Texas","Texas","Active","367","https://en.wikipedia.org/wiki/List_of_Alpha_Kappa_Alpha_chapters#cite_note-:48-425","[","]"
"Alpha Beta Kappa Omega","","Nashville","https://en.wikipedia.org/wiki/Nashville,_Tennessee","Tennessee","Active","","","",""
"Alpha Beta Lambda Omega","May 15, 2022","Brookhaven","https://en.wikipedia.org/wiki/Brookhaven,_Georgia","Georgia","Active","366","https://en.wikipedia.org/wiki/List_of_Alpha_Kappa_Alpha_chapters#cite_note-:47-424","[","]"
"Alpha Beta Mu Omega","May 21, 2022","Mobile","https://en.wikipedia.org/wiki/Mobile,_Alabama","Alabama","Active","369","https://en.wikipedia.org/wiki/List_of_Alpha_Kappa_Alpha_chapters#cite_note-:50-427","[","]"
"Alpha Beta Nu Omega","June 4, 2022","Eutaw","https://en.wikipedia.org/wiki/Eutaw,_Alabama","Alabama","Active","416","https://en.wikipedia.org/wiki/List_of_Alpha_Kappa_Alpha_chapters#cite_note-:57-474","[","]"
"Alpha Beta Xi Omega","June 5, 2022","Trussville","https://en.wikipedia.org/wiki/Trussville,_Alabama","Alabama","Active","","","",""
"Alpha Beta Omicron Omega","June 12, 2022","Phenix City","https://en.wikipedia.org/wiki/Phenix_City,_Alabama","Alabama","Active","474","https://en.wikipedia.org/wiki/List_of_Alpha_Kappa_Alpha_chapters#cite_note-:46-532","[","]"
"Alpha Beta Pi Omega","June 12, 2022","Staten Island","https://en.wikipedia.org/wiki/Staten_Island","New York","Active","247","https://en.wikipedia.org/wiki/List_of_Alpha_Kappa_Alpha_chapters#cite_note-:38-303","[","]"
"Alpha Beta Rho Omega","June 14, 2022","Paramus","https://en.wikipedia.org/wiki/Paramus,_New_Jersey","New Jersey","Active","475","https://en.wikipedia.org/wiki/List_of_Alpha_Kappa_Alpha_chapters#cite_note-533","[","]"
"Alpha Beta Sigma Omega","June 18, 2022","Apopka","https://en.wikipedia.org/wiki/Apopka,_Florida","Florida","Active","","","",""
"Alpha Beta Tau Omega","June 25, 2022","Batesville","https://en.wikipedia.org/wiki/Batesville,_Mississippi","Mississippi","Active","476","https://en.wikipedia.org/wiki/List_of_Alpha_Kappa_Alpha_chapters#cite_note-534","[","]"
"Alpha Beta Upsilon Omega","June 26, 2022","Washington","https://en.wikipedia.org/wiki/Washington,_D.C.","","Active","474","https://en.wikipedia.org/wiki/List_of_Alpha_Kappa_Alpha_chapters#cite_note-:46-532","[","]"
"Alpha Beta Phi Omega","","Grand Prairie","https://en.wikipedia.org/wiki/Grand_Prairie,_Texas","Texas","Active","","","",""
"Alpha Beta Chi Omega","May 6, 2023","York","https://en.wikipedia.org/wiki/York,_Pennsylvania","Pennsylvania","Active","","","",""