Vendor,Organization,RegisteredOrgCount,Website,City,State,Category,Email
06 Marketing,Phi Beta Sigma,1,https://www.06marketing.com/,Dayton Beach,FL,Apparel,
1104 Designs,Phi Beta Sigma,1,http://1104designs.com/,Atlanta,GA,Apparel,
1800LOVEDST,Delta Sigma Theta,1,https://1800lovedst.com/,Fort Washington,MD,Apparel,
"20 Diamonds and Pearls, LLC",Kappa Alpha Psi,1,https://www.20diamondsandpearls.com/,,NJ,Apparel,20diamondsandpearls@gmail.com
20 Unique Designs,Delta Sigma Theta,1,https://20uniquedesigns.com/,Detroit,MI,Apparel,
22 Yard Runners,Delta Sigma Theta,1,https://22yardrunners.my.canva.site/_password,San Francisco,CA,Apparel,
2PrintStudio,"Iota Phi Theta, Phi Beta Sigma",2,https://www.2printstudio.com/,Randolph,NJ,Apparel,
2Tail Shop,Omega Psi Phi,1,,Arlington,TX,Apparel,2tailshop@gmail.com
2pZnAPod,Zeta Phi Beta,1,https://twopznapod.myshopify.com/,Lathrup Villiage,MI,Apparel,
2pZnAPod Accessories,Phi Beta Sigma,1,https://twopznapod.myshopify.com/,Lathrup Village,MI,Apparel,
3 Sisters Embroidery LLC,Omega Psi Phi,1,https://www.monstergreek.com/,Durham,NC,"Apparel, Embroidery",3sistersgreek@gmail.com
"3 Sisters Embroidery, LLC","Alpha Phi Alpha, Delta Sigma Theta, Kappa Alpha Psi, Sigma Gamma Rho, Zeta Phi Beta",5,"https://3sistersembroidery.com/, https://www.monstergreek.com/",Durham,NC,"Apparel, Embroidery",3sistersgreek@gmail.com
341 Customz,"Delta Sigma Theta, Iota Phi Theta, Kappa Alpha Psi, Omega Psi Phi",4,https://341customz.etsy.com/,Alabaster,AL,Apparel,khurd2k@icloud.com
"341 Customz, LLC",Zeta Phi Beta,1,https://341customz.etsy.com/,Alabaster,AL,Apparel,https://341customz.etsy.com
3Dprintsbybryan,"Iota Phi Theta, Phi Beta Sigma",2,https://www.etsy.com/shop/3dprintsbybryan,Florissant,MO,Apparel,
4 Klub,Kappa Alpha Psi,1,https://welusain.com/,,AL,Apparel,ericlusain@gmail.com
4 Seasons Greek,Omega Psi Phi,1,https://www.fourseasonsgreek.com/,FAIRBURN,GA,Apparel,
4 seasons Greek,Delta Sigma Theta,1,https://www.fourseasonsgreek.com/,FAIRBURN,GA,Apparel,
4.10 Boutique,Alpha Phi Alpha,1,https://www.410boutique.com/,,,Apparel,
4.10boutique,Zeta Phi Beta,1,https://www.410boutique.com/,Cheltenham,MD,Apparel,
"4.10events, LLC dba 4.10boutique",Delta Sigma Theta,1,https://www.410boutique.com/,Cheltenham,MD,Apparel,
4imprint,"Iota Phi Theta, Phi Beta Sigma, Sigma Gamma Rho, Zeta Phi Beta",4,https://www.4imprint.com/,Oshkosh,WI,Apparel,mhill@4imprint.com
550 Strong LLC,"Delta Sigma Theta, Sigma Gamma Rho, Zeta Phi Beta",3,https://www.550strong.com/,Florence,SC,Apparel,support@550strong.com
63C Apparel,Iota Phi Theta,1,,Irvington,NJ,Apparel,
"721 Nupe, LLC",Kappa Alpha Psi,1,,,GA,Apparel,info@721nupe.com
A & A Custom Apparel,Sigma Gamma Rho,1,,,,Apparel,info@aacustomapparel22.com
A & W Greek Shop,Kappa Alpha Psi,1,,,AL,Apparel,tracie@awgreekshop.com
A Few Wood Men,Delta Sigma Theta,1,https://www.afewwoodmen.com/,Atlanta,GA,Apparel,
A Personal Touch by Angela,Delta Sigma Theta,1,,Cedar Hill,TX,Apparel,apersonaltouchbyaj@att.net
A Touch of Class,Delta Sigma Theta,1,,Upper Marlboro,MD,Apparel,emaye1@verizon.net
A Village Product,Delta Sigma Theta,1,https://avillageproduct.com/,Pacoima,CA,Apparel,
"A&J Elite Greek Store, LLC",Delta Sigma Theta,1,,Tuccaloosa,AL,Apparel,jdmcewen7@aol.com
A&S Design Studio DBA Axiland Custom Gifts,Delta Sigma Theta,1,https://www.axilandcustomgifts.com/,Woodbridge,VA,Apparel,
A&W Greek Shop,"Delta Sigma Theta, Zeta Phi Beta",2,https://awgreekshop.com/,Birmingham,AL,Apparel,
A1 Apparel & Embroidery,Delta Sigma Theta,1,,Memphis,TN,"Apparel, Embroidery",jackiedwoods1913@icloud.com
AA's Fashion Jewlery,Zeta Phi Beta,1,https://aasfashionjewelry.com/,Aurora District,CO,Apparel,
"ACCEL PROMOTIONAL PRODUCTS, LLC",Delta Sigma Theta,1,https://www.accelpromo.com/,West Palm Beach,FL,Apparel,
AD Greek,Alpha Phi Alpha,1,https://www.adgreek.com/,Fresh Meadows,NY,Apparel,
ADGREEK,"Sigma Gamma Rho, Zeta Phi Beta",2,https://www.adgreek.com/,Fresh Meadows,NY,Apparel,ADGREEKINFO@VERIZON.NET
ADGreek by Anndun Corp.,Kappa Alpha Psi,1,https://www.adgreek.com/,,NY,Apparel,adgreekinfo@verizon.net
"ADimeADynasty, LLC",Delta Sigma Theta,1,https://www.adimeadynasty.com/,Lowell,AK,Apparel,
"AE GREEK, LLC",Delta Sigma Theta,1,https://www.aegreek.com/,BALTIMORE,MD,Apparel,
AJOURE,Delta Sigma Theta,1,https://ajoure19.com/,TORRANCE,CA,Apparel,
ALPHA ONE GREEK,Delta Sigma Theta,1,https://alphaonegreek.com/,St. Louis,MO,Apparel,
AMAZIGREEK LLC,"Delta Sigma Theta, Omega Psi Phi, Sigma Gamma Rho",3,https://amazigreek.net/,Albuquerque,NM,Apparel,admin@amazigreek.org
"AMAZIGREEK, LLC","Kappa Alpha Psi, Zeta Phi Beta",2,https://amazigreek.net/,Albuquerque,NM,Apparel,admin@amazigreek.org
APGG/Stuff4Greeks,Alpha Phi Alpha,1,https://www.s4g.com/,Atlanta,GA,Apparel,
ASE Worldwide,Iota Phi Theta,1,https://www.instagram.com/radeoshack/,Chicago,IL,Apparel,
ATL Greek Essentials LLC,Kappa Alpha Psi,1,,,GA,Apparel,atlgreekessentials@gmail.com
Aaron Alexander Horton II,Zeta Phi Beta,1,,Ellenwood,GA,Apparel,
Accelerate Awards and Recognition,Omega Psi Phi,1,https://accelerateawardsandrecognition.com/,Waseca,MN,Jewelry,Anita.nelson@accelerate100.com
Accents by Allen,Zeta Phi Beta,1,https://www.accentsbyallen.com/,Webster,TX,Apparel,
Accessory Avenue INC.,Delta Sigma Theta,1,https://jewelryworldcollections.com/,Houston,TX,Apparel,
"Ace to Tail, LLC",Sigma Gamma Rho,1,,,,Apparel,info@acetotail.com
Across the Stitch,"Delta Sigma Theta, Zeta Phi Beta",2,https://www.acrossthestitchembroidery.com/,Round Rock,TX,"Apparel, Embroidery",
Addi Greek Gifts,"Kappa Alpha Psi, Omega Psi Phi",2,https://www.etsy.com/shop/addigreekgifts/?etsrc=sdt,LIZELLA,GA,Apparel,addigreek@gmail.com
Adgreek (Anndun Corp),Delta Sigma Theta,1,https://www.adgreek.com/,Freash Meadows,NY,Apparel,ADGREEKINFO@VERIZON.NET
Adrin Gordon/ G's Fashion,Zeta Phi Beta,1,,Vicksburg,MS,Apparel,
"African 9 Designs, LLC",Delta Sigma Theta,1,https://www.african9designs.com/,Eastpoint,GA,Apparel,
"African Imports and More, LLC",Delta Sigma Theta,1,,Houston,TX,Apparel,obioraezepue@yahoo.com
Afrique Nana,Zeta Phi Beta,1,https://www.afriquenana.com/,Milwaukee,WI,Apparel,
Agape Beads,Delta Sigma Theta,1,https://www.agapebeads.com/,Wesley Chapel,FL,Apparel,
Aja Wright,Zeta Phi Beta,1,https://www.facebook.com/pg/speciality99/,Virginia Beach,VA,Apparel,
Al's Tees and More. LLC,Zeta Phi Beta,1,https://www.alsteesandmore.com/,Mangonia Park,FL,Apparel,
Alexis Enterprises,Delta Sigma Theta,1,https://www.alexisgiftquilts.com/,Leawood,KS,Apparel,
"Alexis Enterprises, LLC",Omega Psi Phi,1,https://www.alexisgiftquilts.com/,Leawood,KS,Apparel,
Alexis Gift Quilts,Kappa Alpha Psi,1,https://alexisgiftquilts.com/,,KS,Apparel,kimalexisnewton@gmail.com
Alfies African Treasurers,Delta Sigma Theta,1,,Columbus,GA,Apparel,alfiesat@aol.com
All Roads Lead 2,Omega Psi Phi,1,https://www.facebook.com/_AllRoadsLead2_,Cincinnati,OH,Apparel,contact@allroadslead2.com
All Sewn Up,Kappa Alpha Psi,1,https://www.getallsewnup.com/,,MD,Apparel,lbell@getallsewnup.com
Allen Pro Graphics (stuff4GREEKS/Zeus' Closet),Sigma Gamma Rho,1,https://www.s4g.com/,,,Apparel,customerservice@s4g.com
Allen Pro Graphics dba Stuff4GREEKS & Zues' Closet,Zeta Phi Beta,1,https://www.s4g.com/,Atlanta,GA,Apparel,customerservice@s4g.com
Allen Professional Graphics dba stuff4GREEKS and Zeus' Closet,Omega Psi Phi,1,https://stuff4greeks.com/,Atlanta,GA,Apparel,customerservice@s4g.com
AlliJay Creations L.L.C.,Zeta Phi Beta,1,https://www.etsy.com/shop/allijaycreations,Henderson,NV,Apparel,
Alpha One Greek & Promotional Items LLC,Alpha Phi Alpha,1,https://www.alphaonegreek.com/,St. Louis,MO,Apparel,
Always Premium Promotions LLC dba MoLove Gifts,Delta Sigma Theta,1,,Houston,TX,Apparel,sogojo1@msn.com
Amaka,Delta Sigma Theta,1,,Sandy Springs,GA,Apparel,amakadivas@gmail.com
Ambrosial by Reign of Elegance,Delta Sigma Theta,1,https://www.ambrosialbyreign.com/,BAYTOWN,TX,Apparel,
American Graphics,Iota Phi Theta,1,http://www.goamericangraphics.com/,Hattiesburg,MS,Apparel,
"Amour by Design, LLC",Phi Beta Sigma,1,https://amourbydesign.com/,Lauderhill,FL,Apparel,
An Eye For Fashion,Kappa Alpha Psi,1,,,WI,Apparel,deangelog3736@my.uwstout.edu
Anita Hicks Unlimited,Delta Sigma Theta,1,https://www.ahufashions.com/,Owings Mills,MD,Apparel,
Anndun Corp(ADgreek.com),Omega Psi Phi,1,http://www.adgreek.com/,Franklin Square,NY,Apparel,ADgreekinfo@verizon.net
Annn's Creations,Zeta Phi Beta,1,https://www.facebook.com/annnscreations/,Wetumpka,AL,Apparel,
"Anthony Michaels Brand, LLC",Kappa Alpha Psi,1,https://anthonymichaelsbrand.com/,,TX,Apparel,michael@anthonymichaelsbrand.com
Apposi Enterprises LLC dba Illustrious Design Jewelry Company,Delta Sigma Theta,1,https://www.illustriousdesignjewelry.com/,Grayson,GA,Apparel,
Arm Candy by Gina,Zeta Phi Beta,1,https://www.armcandybyginaco.com/,Mesquite,TX,Apparel,
Artisan Crafts By Alicia,Delta Sigma Theta,1,https://www.etsy.com/shop/aliciasartisancrafts,Upper Marlboro,MD,Apparel,
Artsy Greek Chick,"Iota Phi Theta, Phi Beta Sigma",2,https://artsygreekchick.com/,Henderson,NV,Apparel,
At The Plot LLC,Kappa Alpha Psi,1,,,MD,Apparel,info@attheplot.com
Atirac Custom Crafts,Zeta Phi Beta,1,,Riverdale,GA,Apparel,atiracbiz@gmail.com
"Atlanta Brand Central , LLC",Kappa Alpha Psi,1,https://abcatl.com/,,GA,Apparel,darryl@abcatl.com
Audacity Apparel LLC,Kappa Alpha Psi,1,,,AL,Apparel,info@powerincurrency.com
Audacity Apparel LLC Dba Power-in-Apparel,Omega Psi Phi,1,https://www.instagram.com/powerincurrency/,Theodore,AL,Apparel,info@powerincurrency.com
Authentically Designed 4 U,Iota Phi Theta,1,https://ad4ustudio.etsy.com/,Red Lion,PA,Apparel,
Award Concepts Inc,"Sigma Gamma Rho, Zeta Phi Beta",2,https://www.awardconcepts.net/,St. Charles,IL,Apparel,sales@awardconcepts.net
Award Mint,Phi Beta Sigma,1,https://www.awardmint.com/,Orlando,FL,Apparel,kevin@aisg.com
"Award Mint, LLC",Kappa Alpha Psi,1,https://www.awardmint.com/,,FL,Apparel,kevin@aisg.com
B-Unlimited,"Iota Phi Theta, Phi Beta Sigma",2,http://www.b-unlimited.com/,Fayetteville,AR,Apparel,
BB Greek,"Iota Phi Theta, Phi Beta Sigma",2,https://bbgreek.com/,Sheridan,WY,Apparel,admin@fourtwigsllc.com
"BBGreek/ Bad Bananas by Four Twigs, LLC",Kappa Alpha Psi,1,https://bbgreek.com/,,WY,Apparel,admin@fourtwigsllc.com
BBUB Greek Gifts DBA Tones of Melanin,Delta Sigma Theta,1,http://tonesofmelanin.com/,Norfolk,VA,Apparel,
"BEYOND THE BURNING SANDS, LLC",Kappa Alpha Psi,1,,,MI,Apparel,beyondtbs1@aol.com
BExclusive Boutique,Delta Sigma Theta,1,https://bexclusiveboutique.square.site/,Bowie,MD,Apparel,
"BIG BOY HEADGEAR, INC.","Delta Sigma Theta, Sigma Gamma Rho, Zeta Phi Beta",3,"https://bigboygear.com/, https://www.bigboygear.com/","Buford, Burford",GA,Apparel,EDDIE@BIGBOYGEAR.COM
BSN SPORTS,"Iota Phi Theta, Phi Beta Sigma",2,https://www.bsnsports.com/,Farmers Branch,TX,Apparel,
BSWISH CUSTOM,Phi Beta Sigma,1,https://bswishcustom.com/,North Little Rock,AR,Apparel,
BSwish Custom,Zeta Phi Beta,1,https://www.bswishcustom.com/,Sherwood,AR,Apparel,
BT'S Urbanwear,Omega Psi Phi,1,https://www.facebook.com/bts.urbanwear,Duncan,SC,Apparel,btsgreekwear@gmail.com
"BURNING SANDS, LLC",Delta Sigma Theta,1,https://www.burning-sands.com/,OWENS CROSS ROADS,AL,Apparel,nautilus.nobles@burning-sands.com
"Bag Lady Dee, LLC","Delta Sigma Theta, Zeta Phi Beta",2,https://www.bagladydee.com/,Fayetteville,NC,Apparel,
BandZ Merchandises,Delta Sigma Theta,1,,Charleston,SC,Apparel,williamszenobia32@gmail.com
Barefoot Athletics,"Iota Phi Theta, Phi Beta Sigma",2,http://www.barefootathletics.com/,Stephenville,TX,Apparel,
Barrons Embroidery,Phi Beta Sigma,1,https://www.etsy.com/shop/4tiptop,Leavenworth,KS,"Apparel, Embroidery",
Be Jazzi,"Iota Phi Theta, Omega Psi Phi, Phi Beta Sigma",3,https://www.jazzigreeks.com/,"CEDAR HILL, Cedar Hill",TX,Apparel,gmarvboutique@gmail.com
Be Jazzi Greeks,"Delta Sigma Theta, Kappa Alpha Psi, Zeta Phi Beta",3,https://www.jazzigreeks.com/,Cedar Hill,TX,Apparel,gmarvboutique@gmail.com
Bead Formations,Delta Sigma Theta,1,https://www.etsy.com/shop/BeadFormations?ref=shop_sugg,Gulfport,MS,Apparel,
Beam Creative Inc.,Omega Psi Phi,1,,Palmetto,FL,Apparel,contact@beamcreative.io
"Bear's Paw Laser Designs, LLC",Omega Psi Phi,1,,Durham,NC,Apparel,bearspawlaser@gmail.com
Beat x Market,Iota Phi Theta,1,https://www.beatxmarket.com/,Spring,TX,Apparel,
Beaute Confidential,Delta Sigma Theta,1,https://www.beauteconfidential.com/,Acworth,GA,Apparel,
BeautyAdourned,"Iota Phi Theta, Phi Beta Sigma",2,https://beautyadourned.com/,Cranford,NJ,Apparel,
"BeautyAdourned, LLC",Zeta Phi Beta,1,https://www.beautyadourned.etsy.com/,Cranford,NJ,Apparel,
Bee Unique Apparel / Paraphernalia Closet,Kappa Alpha Psi,1,https://www.beeuniqueapparel.com/,,GA,Apparel,marknfields@gmail.com
Beemarie. LLC,Sigma Gamma Rho,1,,,,Apparel,briannarounds2@gmail.com
Belen Kelly,Zeta Phi Beta,1,https://www.etsy.com/shop/blyuuprintcreations,Pompano Beach,FL,Apparel,
Believe Accessories,"Iota Phi Theta, Phi Beta Sigma",2,https://www.believegreekapparel.com/,Columbus,GA,Apparel,believeaccess12@gmail.com
Believe Greek Apparel & Accessories,"Delta Sigma Theta, Omega Psi Phi, Sigma Gamma Rho, Zeta Phi Beta",4,https://www.believegreekapparel.com/,Columbus,GA,Apparel,believeaccess12@gmail.com
"Believe Greek Apparel & Accessories, Inc.",Kappa Alpha Psi,1,https://www.believegreekapparel.com/,,GA,Apparel,believeaccess12@gmail.com
Bella Raes Jewelry LLC,Delta Sigma Theta,1,https://www.bellaraesjewelry.com/,Thomasville,AL,Apparel,
Belle-Ayana Boutique L.L.C.,Phi Beta Sigma,1,https://www.etsy.com/shop/belleayanallc,Grayslake,IL,Apparel,
"Belle-Ayana Boutique, LLC",Zeta Phi Beta,1,https://belle-ayana.com/,Grayslake,IL,Apparel,
BenfordJohnson Enterprises LLC,Omega Psi Phi,1,,Athens,AL,Apparel,info@sianismomembroideryshop.com
Best Import Inc DBA Global,Delta Sigma Theta,1,https://www.crossinggiftsstore.etsy.com/,Atlanta,GA,Apparel,
"Bethmont Couture, Inc.",Delta Sigma Theta,1,https://bethmontcouture.com/,RALEIGH,NC,Apparel,
Betty's Promos Plus,"Omega Psi Phi, Sigma Gamma Rho, Zeta Phi Beta",3,https://www.bettyspromosplus.com/,Orlando,FL,Apparel,sonya@bettyspromosplus.com
"Betty's Promos Plus, LLC","Delta Sigma Theta, Kappa Alpha Psi",2,https://bettyspromosplus.com/,ORLANDO,FL,Apparel,sonya@bettyspromosplus.com
Betty’s Promos Plus,"Iota Phi Theta, Phi Beta Sigma",2,https://bettyspromosplus.com/,Orlando,FL,Apparel,sonya@bettyspromosplus.com
"Betty’s Promos Plus, LLC",Alpha Phi Alpha,1,https://bettyspromosplus.com/,Orlando,FL,Apparel,sonya@bettyspromosplus.com
"Beyond Greek, LLC",Delta Sigma Theta,1,,Newark,NJ,Apparel,beyondgreek@yahoo.com
Beyond Perfection Boutique,"Sigma Gamma Rho, Zeta Phi Beta",2,https://www.greekhood.com/,Fairview Heights,IL,Apparel,drctrock@yahoo.com
Beyond The Hive,"Delta Sigma Theta, Kappa Alpha Psi",2,https://www.championsphate.com/,North Charleston,SC,Apparel,info@championsphate.com
Beyond the Burning Sands,Delta Sigma Theta,1,https://beyondtheburningsands.net/,Redford,MI,Apparel,
Bibbs Studio B & Art Publishing,Delta Sigma Theta,1,,Riverside,CA,Apparel,ebibbs@mac.com
Big Boy Headgear,"Iota Phi Theta, Phi Beta Sigma",2,http://www.bigboygear.com/,Buford,GA,Apparel,EDDIE@BIGBOYGEAR.COM
"Big Boy Headgear, Inc.","Alpha Phi Alpha, Kappa Alpha Psi",2,"https://bigboygear.com/, https://www.bigboygear.com/",Los Angeles,"CA, GA",Apparel,"EDDIE@BIGBOYGEAR.COM, joanne@bigboygear.com"
Black Collection Apparel LLC,Delta Sigma Theta,1,https://blackcollectionapparel.com/,Sanford,NC,Apparel,
Black College Stuff,Kappa Alpha Psi,1,http://www.blackcollegestuff.com/,,NC,Apparel,e.mathis@att.net
Black Greek Life,"Iota Phi Theta, Phi Beta Sigma",2,https://www.blackgreeklifellc.com/,Greensboro,NC,Apparel,blackgreeklifellc@gmail.com
"Black Greek Life, LLC","Delta Sigma Theta, Omega Psi Phi, Sigma Gamma Rho, Zeta Phi Beta",4,https://www.blackgreeklifellc.com/,"Greensboro, West Orange","NC, NJ",Apparel,blackgreeklifellc@gmail.com
Black Greek Store,Kappa Alpha Psi,1,https://www.blackgreekstore.com/,,GA,Apparel,nationalconventionsales@gmail.com
"Black and Bling, LLC",Sigma Gamma Rho,1,,,,Apparel,theblackandbling@gmail.com
"BlackGreekLove, LLC",Delta Sigma Theta,1,,Philadelphia,PA,Apparel,jaestar224@gmail.com
Blackmon's Greek Shop,Kappa Alpha Psi,1,https://blackmongreekshop.square.site/,,GA,Apparel,gregoryblackmon32@yahoo.com
Blake Enterprise,Kappa Alpha Psi,1,,,MD,Apparel,dblake722@gmail.com
Blaque,Zeta Phi Beta,1,https://www.blaquecollection.com/,Rosharon,TX,Apparel,
Blaque LLC,Omega Psi Phi,1,https://www.blaquecollection.com/,Manvel,TX,Apparel,
"Blaque, LLC",Delta Sigma Theta,1,https://www.blaquecollection.com/,Manvel,TX,Apparel,
Blessed By Wes,Kappa Alpha Psi,1,,,FL,Apparel,wes@blessedbywes.com
"Blessed and Blingy, LLC",Delta Sigma Theta,1,,Los Angeles,CA,Apparel,blessedandblingyllc@yahoo.com
"Bling Name Badges, Inc.",Zeta Phi Beta,1,https://www.blingnamebadges.net/,Winston-Salem,NC,Apparel,
Bling Queen Dynasty dba Bling Queen Diva,Delta Sigma Theta,1,https://www.blingqueendiva.store/,Aldie,VA,Apparel,
BlingN123 by Geno,Kappa Alpha Psi,1,,,TX,Apparel,blingn123@gmail.com
Bloodline Fabrications,Omega Psi Phi,1,https://bloodlinefabrications.com/,JACKSONVILLE,FL,Apparel,mqj1@comcast.net
Bloody But Unbowed Greek Gifts,Phi Beta Sigma,1,http://tonesofmelanin.com/,Norfolk,VA,Apparel,
Blu Culture Collections,Phi Beta Sigma,1,https://bluculturecollections.com/,Washington,DC,Apparel,
Blu-Illumination,Phi Beta Sigma,1,https://blu-illumination.com/,Powder Spring,GA,Apparel,
BluGreekZ,Zeta Phi Beta,1,,Atlanta,GA,Apparel,
BluPrint Solutions,Zeta Phi Beta,1,https://bluprintsolution.com/,East Orange,NJ,Apparel,
Blue Skies 83 Closet Boutique LLC,Kappa Alpha Psi,1,,,AL,Apparel,britsoward24@gmail.com
Bodyguard Graphics,Phi Beta Sigma,1,https://bodyguardgraphics.com/,Riverview,FL,Apparel,
Bolton Business Services,Zeta Phi Beta,1,https://www.boltonbiz.org/,Columbus,MS,Apparel,
Bougie Nupes,Kappa Alpha Psi,1,,,TX,Apparel,reedent85@gmail.com
Brand Nu,Phi Beta Sigma,1,https://www.facebook.com/numu.sigmas?rdid=w4ixxe56dojx3skf&share_url=https%3a%2f%2fwww.facebook.com%2fshare%2f1ajxr5ryuh%2f#,Lehigh Acres,FL,Apparel,
"Brianna's Bangles and Beads, LLC",Delta Sigma Theta,1,https://www.mybriannas.com/,Frederick,MD,Apparel,
Brickhouse Embroidery,Delta Sigma Theta,1,,Brooklyn,NY,"Apparel, Embroidery",brickhouse492@yahoo.com
BridgeWay Studios LLC,"Delta Sigma Theta, Zeta Phi Beta",2,https://www.bridgeway-studios.com/,Northfield,OH,Apparel,
Brothers and Sisters Greek Store,"Alpha Phi Alpha, Delta Sigma Theta, Omega Psi Phi, Zeta Phi Beta",4,"https://brothersandsistersgreekstore.com/, https://www.brothersandsistersgreekstore.com/","JACKSONVILLE, Jacksonville","FL, Fl",Apparel,
"Brothers and Sisters Greek Store, Inc.",Kappa Alpha Psi,1,https://www.brothersandsistersgreekstore.com/,,FL,Apparel,novaz123@aol.com
Brown Canvas Designs,Delta Sigma Theta,1,,SMYRNA,GA,Apparel,mpsheppard78@gmail.com
Bswish Custom,Kappa Alpha Psi,1,https://www.bswishcustom.com/,,AR,Apparel,bswishcustom@gmail.com
Buffalo Dallas,"Iota Phi Theta, Phi Beta Sigma",2,http://www.buffalodallas.com/,Stone Mountain,GA,Apparel,buffalodallas4611@gmail.com
Buffalo Dallas Merchandise & Apparel,"Alpha Phi Alpha, Delta Sigma Theta, Kappa Alpha Psi, Omega Psi Phi",4,"https://buffalodallas.com/, https://www.buffalodallas.com/",Stone Mountain,GA,Apparel,buffalodallas4611@gmail.com
Buffalo Dallas Merhcandise & Apparel,"Sigma Gamma Rho, Zeta Phi Beta",2,https://www.buffalodallas.com/,Stone Mountain,GA,Apparel,buffalodallas4611@gmail.com
Burning Sands LLC,"Omega Psi Phi, Phi Beta Sigma",2,"https://www.burning-sands.com/, https://www.etsy.com/shop/alphathroughomega?ref=l2-shopheader-name#reviews",Owens Cross Roads,AL,Apparel,nautilus.nobles@burning-sands.com
"Burning Sands, LLC",Kappa Alpha Psi,1,https://burning-sands.com/,,AL,Apparel,nautilus.nobles@burning-sands.com
C & G Sales,Kappa Alpha Psi,1,,,IL,Apparel,iamblessedcww@yahoo.com
C L & D Consulting LLC DBA Wealthy Belief,Delta Sigma Theta,1,https://www.wealthybelief.com/,College Park,GA,Apparel,
C'est la Vie,Kappa Alpha Psi,1,https://www.cestlaviemv.com/,,MA,Apparel,saylaviemv@aol.com
House of Greeks,"Iota Phi Theta, Phi Beta Sigma",2,http://www.houseofgreeks.com/,Fayetteville,GA,Apparel,houseofgreekllc@gmail.com
House of Greeks LLC,Kappa Alpha Psi,1,http://www.houseofgreeks.com/,,GA,Apparel,houseofgreekllc@gmail.com
House of Kappa,Kappa Alpha Psi,1,,,NC,Apparel,houseofkappa@gmail.com
House of Para,Delta Sigma Theta,1,https://www.houseofpara.com/,Willingboro,NJ,Apparel,
Huey's Sons,Phi Beta Sigma,1,https://hueyssons.com/,Evergreen Park,IL,Apparel,
Hustle Man Gang,"Iota Phi Theta, Phi Beta Sigma",2,,Garland,TX,Apparel,
"Hustle Man Gang, Inc.",Kappa Alpha Psi,1,,,TX,Apparel,hmganginc@gmail.com
"I Dream Higher Dba Red Ivy Apparel, LLC",Delta Sigma Theta,1,,Jackson,MS,Apparel,redivyapparel@yahoo.com
ILMB Fitness,Delta Sigma Theta,1,https://ilmbwear.com/,Snellville,GA,Apparel,
Idartsons Apparel Company,Omega Psi Phi,1,https://www.linkedin.com/in/CarltonTruitt/,Decatur,GA,Apparel,carltontruitt@yahoo.com
Imani Girl Boutique LLC,"Delta Sigma Theta, Kappa Alpha Psi, Omega Psi Phi, Sigma Gamma Rho, Zeta Phi Beta",5,https://www.imanigirlboutique.com/,Spring Hill,TN,Apparel,Imanigirlboutique@gmail.com
In Every Field by East Central Province,Kappa Alpha Psi,1,https://www.ineveryfield.com/,,OH,Apparel,ineveryfield1911@gmail.com
In Joy Greeks,"Phi Beta Sigma, Zeta Phi Beta",2,https://www.injoygreeks.com/,"BLYTHEWOOD, Blythewood",SC,Apparel,Injoygreeks@gmail.com
"In the Beginning Inc, dba Greeknalia Greek Store",Phi Beta Sigma,1,,Daytona Beach,FL,Apparel,greeknalia07@gmail.com
In the Beginning Inc. dba Greeknalia,Delta Sigma Theta,1,,Daytona Beach,FL,Apparel,greeknalia07@gmail.com
Indigo Online Store,Phi Beta Sigma,1,https://www.indigoapparel.online/,Goodyear,AZ,Apparel,
"Infinity Consulting Group, LLC dba Glitz & Glam Jewelry by LJ",Delta Sigma Theta,1,https://www.glitzandglambylj.com/,Ft. Washington,MD,Apparel,
"Infinity Greek, LLC",Zeta Phi Beta,1,https://www.infinitygreekllc.com/,Dover,DE,Apparel,
Inner Vision Greek Gear,Delta Sigma Theta,1,,Decatur,GA,Apparel,johnsonsonja@att.net
Innova Solutions DJ LLC,Phi Beta Sigma,1,https://modernengravings.shop/,Grand Prairie,TX,Apparel,
"Innovaris Solutions, LLC",Phi Beta Sigma,1,https://www.mademab.com/,Hinesville,GA,Apparel,
Inspired By Mona,Zeta Phi Beta,1,https://inspiredbymona.com/,Phoenix,AZ,Apparel,
It's All Greek Plus,"Delta Sigma Theta, Omega Psi Phi, Sigma Gamma Rho, Zeta Phi Beta",4,https://www.itsallgreekplus.net/,Fayetteville,GA,Apparel,slpowe80@gmail.com
It's Exclusive Brand LLC,Delta Sigma Theta,1,https://www.itsexclusive.shop/,Dolton,IL,Apparel,
"It's Greek To Us, Inc",Delta Sigma Theta,1,https://www.itsgreektous.net/,Annapolis,MD,Apparel,
It's the Blue for Me Greek Paraphanelia,Phi Beta Sigma,1,https://itstheblueforme.com/,Hutto,TX,Apparel,
It's the Blue for Me Greek Paraphernalia,Zeta Phi Beta,1,,Hutto,TX,Apparel,
J Squared Designs TN,Phi Beta Sigma,1,https://jsquareddesignstn.square.site/,Murfreesboro,TN,Apparel,
J.Art Graphic Design,Delta Sigma Theta,1,https://www.jartgraphicdesign.com/,Fort Washington,MD,Apparel,
JGT CREATIONS,Delta Sigma Theta,1,https://www.jgtcreations.com/,CHESTERFIELD,NJ,Apparel,
JH EMBROIDERY PLUS,Delta Sigma Theta,1,,Pontiac,MI,"Apparel, Embroidery",embroidplus@gmail.com
JJLED Enterprises,"Delta Sigma Theta, Omega Psi Phi",2,https://jjled3.com/,Upper Marlboro,MD,Apparel,jjled3@gmail.com
JJLED Enterprises LLC,Kappa Alpha Psi,1,https://jjled3.com/,,MD,Apparel,jjled3@gmail.com
JL Michael's Custom Clothiers,Kappa Alpha Psi,1,https://www.jlmichaels.com/,,MD,Apparel,michael@jlmichaels.com
JLJ CONCIERGE SERVICES,Zeta Phi Beta,1,https://www.jljconciergeservices.com/,Kankakee,IL,Apparel,
JLJ Concierge Services,Phi Beta Sigma,1,https://jljconciergeservices.com/,Houston,TX,Apparel,
JLS,Omega Psi Phi,1,https://www.jlspresents.com/,Springfield,VA,Apparel,jamell.satchell@elementumbrands.com
"JODEINK, INK",Zeta Phi Beta,1,,Atlanta,GA,Apparel,ennaojlottie@gmail.com
JPayne Creations,Delta Sigma Theta,1,,Fort  Worth,TX,Apparel,jeccy22@gmail.com
"JTR Designs, LLC",Delta Sigma Theta,1,,Brunswick,GA,Apparel,jones_lacry@yahoo.com
"JTUnique, LLC",Delta Sigma Theta,1,https://www.jtuniquellc.com/,Byram,MS,Apparel,
JaLaine Enterprises dba Greek'tique & Legacy,Delta Sigma Theta,1,,Huntersville,NC,Apparel,Greektiquenc@gmail.com
Jacquelyn W. Patterson,Zeta Phi Beta,1,https://jwpatterson57.wixsite.com/jacquelyndesignsg,Troy,AL,Apparel,
Jain Jewelry Network DBA Jain Sales Inc,Delta Sigma Theta,1,https://jainjewelrynetwork.com/,Lanham,MD,Apparel,
Jalonnie Kasi Apparel,Zeta Phi Beta,1,https://www.jalonniekasiapparel.com/,Atlanta,GA,Apparel,
Jan's Special-T's,Delta Sigma Theta,1,https://www.jansspecialts.com/,Detroit,MI,Apparel,
Jaushina Nicole Designs LLC,Delta Sigma Theta,1,https://jaushinanicole.com/,Chesapeake,VA,Apparel,
Javi B. Greek,Iota Phi Theta,1,,Graniteville,SC,Apparel,
Jill Martin Licensing,"Iota Phi Theta, Phi Beta Sigma",2,https://jillmartin.com/,Southampton,NY,Apparel,
"JimiHack, LLC","Delta Sigma Theta, Omega Psi Phi",2,https://www.jimihack.com/,Gainesville,FL,Apparel,
Joan's Monogram Works,Delta Sigma Theta,1,https://joansmonogram.com/,Pearland,TX,Apparel,
Joey Hilton Art Studio,"Iota Phi Theta, Phi Beta Sigma",2,https://jocloco.com/,Columbia,SC,Apparel,
"Johnson Menswear
 LLC",Omega Psi Phi,1,https://www.facebook.com/JohnsonMenswear,Jacksonville,,Apparel,sales@jmenswear.com
"JohnsonRivers, LLC",Delta Sigma Theta,1,https://www.johnsonrivers.com/,Rock Hill,SC,Apparel,
Jojendi Zigns,Delta Sigma Theta,1,https://www.jojendi.com/,Clarkburg,MD,Apparel,
Jones Kid International,Omega Psi Phi,1,https://www.facebook.com/joneskidintl/,Rocky Mount,NC,Apparel,info@joneskidintl.com
Jones Thornton Clothiers,Delta Sigma Theta,1,,Falls Church,VA,Apparel,nfisher1906@gmail.com
Joneswear,Phi Beta Sigma,1,http://www.joneswear.net/,Covington,GA,Apparel,joneswear@yahoo.com
"Joneswear, Inc",Omega Psi Phi,1,http://www.joneswear.net/,Covington,GA,Apparel,joneswear@yahoo.com
"Joneswear, Inc.","Kappa Alpha Psi, Omega Psi Phi, Zeta Phi Beta",3,http://www.joneswear.net/,Covington,GA,Apparel,joneswear@yahoo.com
Jostens,"Iota Phi Theta, Phi Beta Sigma",2,http://www.jostens.com/,Minneapolis,MN,Apparel,
Joy's Creations,Delta Sigma Theta,1,,Germantown,TN,Apparel,joyscreations2018@gmail.com
Joyce’s Specialties,"Delta Sigma Theta, Omega Psi Phi",2,https://www.joycesspecialties.shop/,Durham,NC,Apparel,
Just Because Gift Shop,Delta Sigma Theta,1,,Richmond,VA,Apparel,justbecausegift@comcast.net
Just Embroider Me,Zeta Phi Beta,1,https://www.blngonpurpose.com/,Norfolk,VA,Apparel,
Just For Bruhz LLC,Omega Psi Phi,1,https://www.facebook.com/justforbruhz,Birmingham,AL,Apparel,Justforbruhz@gmail.com
Just Pen It,Delta Sigma Theta,1,https://justpenitshop.com/,Saginaw,MI,Apparel,
Just Tailored Greeks LLC,Kappa Alpha Psi,1,,,CA,Apparel,justtailoredgreeks@gmail.com
"K. Lamar Greek Boutique, LLC.",Delta Sigma Theta,1,https://www.klamargreekboutique.com/,Antioch,TN,Apparel,
K. Speaks & Creates,Delta Sigma Theta,1,https://kspeakscreates.com/,Grand Prairie,TX,Apparel,
"K2 Squared, LLC",Zeta Phi Beta,1,https://www.blutiquescape.com/,Las Vegas,NV,Apparel,
KANESby Ryan,Kappa Alpha Psi,1,https://www.etsy.com/shop/KANESByRyan?ref=shop_sugg,,CA,Apparel,eaglehighm7@live.com
KANEWORK LLC,"Iota Phi Theta, Phi Beta Sigma",2,https://kanework.com/,Atlanta,GA,Apparel,kaneworkkanes@yahoo.com
KAPSI NUPE,Kappa Alpha Psi,1,https://kapsinupe.com/,,TN,Apparel,info@kapsinupe.com
"KDR Kreations, LLC",Delta Sigma Theta,1,https://kdrkreationsllc.square.site/,Ruther Glen,VA,Apparel,
KENDALLS GREEK,Omega Psi Phi,1,https://www.kendallsgreek.com/,Greer,SC,Apparel,kendallsgreek@yahoo.com
KGH Jewelry Sales,Kappa Alpha Psi,1,https://kghjewelry.jewelershowcase.com/,,MD,Apparel,kghjewelry@gmail.com
KO's Blue Store,"Iota Phi Theta, Phi Beta Sigma",2,https://www.facebook.com/kobluestore/,Miami,FL,Apparel,kobluestore@gmail.com
KO's Blue Store LLC,Zeta Phi Beta,1,https://www.etsy.com/shop/kosbluestorellc,Miami,FL,Apparel,kobluestore@gmail.com
"KO's Blue Store, LLC",Sigma Gamma Rho,1,https://www.facebook.com/kobluestore/,,,Apparel,kobluestore@gmail.com
KRIS PARKER DBA KLASSY GREEK EMBLEMS,Delta Sigma Theta,1,https://www.klassygreekemblems.com/,Plano,TX,Apparel,info@ocme.us
Kaleshia's Kreations,Delta Sigma Theta,1,https://www.kaleshiakreations.com/,Crystal Springs,MS,Apparel,
Kaleshia’s Kreations,"Phi Beta Sigma, Zeta Phi Beta",2,https://www.kaleshiakreations.com/,"Crystal Spgs, Crystal Springs",MS,Apparel,
Kandy Rock Customs LLC,Delta Sigma Theta,1,https://www.kandyrockcustoms.com/,Linden,NC,Apparel,
Kandyman Graphics,Kappa Alpha Psi,1,https://www.kandymangraphics.com/,,GA,Apparel,kandymangraphics@sbcglobal.net
"Kanework LLC, dba Greek Kustoms","Delta Sigma Theta, Omega Psi Phi, Zeta Phi Beta",3,https://kanework.com/,"ATLANTA, Atlanta",GA,Apparel,kaneworkkanes@yahoo.com
"Kanework, LLC",Kappa Alpha Psi,1,https://kanework.com/,Atlanta,GA,Apparel,kaneworkkanes@yahoo.com
Kappa House LLC,Kappa Alpha Psi,1,,,TX,Apparel,info@kappahousellc.com
Kaptivate Apparel,Kappa Alpha Psi,1,https://kaptivateapparel.com/,,IN,Apparel,info@kaptivateapparel.com
Karon's Kreations,Delta Sigma Theta,1,https://karonskreations.com/,FT WORTH,TX,Apparel,
Kasi Apparel INC,Kappa Alpha Psi,1,,,GA,Apparel,j@kasiapparel.com
"Kason Custom Gifts, LLC",Zeta Phi Beta,1,https://goimagine.com/,Munster,IN,Apparel,
"Kasper Group, LLC",Sigma Gamma Rho,1,,,,Apparel,
"Keep Your Hair Headgear, LLC","Delta Sigma Theta, Zeta Phi Beta",2,https://keepyourhairheadgear.com/,Grayson,GA,Apparel,
"Keepsake Rings and Things, LLC",Delta Sigma Theta,1,https://www.keepsakeringsandthings.com/,Columbia,SC,Apparel,
Keepsakes By Liltrici,Kappa Alpha Psi,1,,,GA,Apparel,keepsakesbyliltrici@gmail.com
Kelechi African Authentics,"Delta Sigma Theta, Phi Beta Sigma",2,https://www.keleafrica.com/collections/greek,Brandywine,MD,Apparel,keleafrica@gmail.com
"Kelechi African Authentics, LLC",Kappa Alpha Psi,1,https://www.keleafrica.com/,,MD,Apparel,keleafrica@gmail.com
Kelechi Aftican Authentics LLC,Zeta Phi Beta,1,https://www.keleafrica.com/,Brandywine,MD,Apparel,
Kelly's Kreative Designs,Zeta Phi Beta,1,,Bedford,OH,Apparel,
Kendall's Greek,Kappa Alpha Psi,1,https://www.kendallsgreek.com/,,SC,Apparel,kendallsgreek@yahoo.com
Kendalls Greek,"Delta Sigma Theta, Kappa Alpha Psi, Sigma Gamma Rho, Zeta Phi Beta",4,https://www.kendallsgreek.com/,Duncan,SC,Apparel,kendallsgreek@yahoo.com
Kendall’s Greek,Alpha Phi Alpha,1,https://www.kendallsgreek.com/,Duncan,SC,Apparel,kendallsgreek@yahoo.com
Kendra Scott,"Sigma Gamma Rho, Zeta Phi Beta",2,https://www.kendrascott.com/,Austin,TX,Apparel,Jessica.Kramer@kendrascott.com
Kevin Davis Design + Brand,Phi Beta Sigma,1,http://www.kevindavisbrand.com/,Chicago,IL,Apparel,
"Kiffany, LLC DBA Kiffany & Co.",Delta Sigma Theta,1,https://www.charmedbykiffany.com/,Concord,NC,Apparel,
KimprintZ Quality Print Shop,Phi Beta Sigma,1,https://www.instagram.com/thecampuslookstore/,Huntington Beach,CA,Apparel,
King Greek,Phi Beta Sigma,1,http://www.kinggreek.com/,New York,NY,Apparel,
"King Greek, Inc.",Delta Sigma Theta,1,https://www.kinggreek.com/,New York,NY,Apparel,
Kingdom Synergy Designz,Phi Beta Sigma,1,https://ksynergydesignz.com/,Blythewood,SC,Apparel,
Kite and Crest,Phi Beta Sigma,1,http://kiteandcrest.com/,Kansas City,KS,Apparel,
Klassic Kappa Apparel LLC,Kappa Alpha Psi,1,,,GA,Apparel,contactus@klassickappaapparel.com
Klassy Greek Emblems,Kappa Alpha Psi,1,https://klassygreekemblems.com/,,TX,Apparel,kop-35@hotmail.com
Kollegiate,"Iota Phi Theta, Phi Beta Sigma",2,https://kollegiategreek.com/,Pensacola,FL,Apparel,kollegiategreek@gmail.com
"Kollegiate Greek, LLC",Kappa Alpha Psi,1,https://www.kollegiategreek.com/,Pensacola,FL,Apparel,kollegiategreek@gmail.com
"Krafty Chick, LLC",Delta Sigma Theta,1,https://www.thekraftychick.com/,Chicago,IL,Apparel,
Kreated By Matt,Kappa Alpha Psi,1,,,TX,Apparel,matthewburgos15@gmail.com
Kreative Designs Unlimited LLC,Delta Sigma Theta,1,https://www.stilljazigreekboutique.com/,Ruston,LA,Apparel,
Kreative Ivy,"Delta Sigma Theta, Zeta Phi Beta",2,"https://kreativeivy.com/, https://www.kreativeapparel.org/","Oklahoma City, Shreveport","LA, OK",Apparel,
Kreative Krafts 90 LLC,Sigma Gamma Rho,1,,,,Apparel,kreativekrafts90@gmail.com
"Krimson Smoke, LLC",Kappa Alpha Psi,1,https://www.klassygreekemblems.com/,,VA,Apparel,info@ocme.us
Kris Parker dba Klassy Greek Emblems,Omega Psi Phi,1,https://www.facebook.com/klassygreekemblems,Plano,TX,Apparel,Kop-35@hotmail.com
Kustom Kaps,Kappa Alpha Psi,1,,,TX,Apparel,hello@kustomkaps.store
L and O Greek Specialty Coins LLC - DBA L and O Greek Specialties,Omega Psi Phi,1,https://www.logreek.com/,Mobile,AL,Apparel,maynardv1053@gmail.com
L&B Creative Designs,Delta Sigma Theta,1,,Bowie,MD,Apparel,lbjgreekdesigns@yahoo.com
L&O Greek Specialities,Delta Sigma Theta,1,https://www.logreekspecialties.com/,Mobile,AL,Apparel,maynardv1053@gmail.com
L&O Greek Specialties,Kappa Alpha Psi,1,https://www.logreekspecialties.com/,,AL,Apparel,maynardv1053@gmail.com
LID LANGUAGE,Omega Psi Phi,1,http://instagram.com/lidlanguage,Cassselberry,FL,Apparel,MDBYMIKO@GMAIL.COM
LNO Greek,Delta Sigma Theta,1,https://www.lnogreek.com/,Bowie,MD,Apparel,
LNO Greek (Like No Other),Zeta Phi Beta,1,https://www.lnogreek.com/,Bowie,MD,Apparel,
LaVerne Fashion and Gifts,Delta Sigma Theta,1,https://www.lavernefashionandgifts.com/,Baton Rouge,LA,Apparel,
LaVerne's Fashion & Gifts,Zeta Phi Beta,1,https://www.lavernefashionandgifts.net/,Baton Rouge,LA,Apparel,
Lailah's Sweet's and Accessories,Kappa Alpha Psi,1,,,TX,Apparel,nupe2188@yahoo.com
"Lawrence Dynasty, LLC",Delta Sigma Theta,1,https://lawrencedynasty20.com/,Homewood,IL,Apparel,
Le' Diva Boutique,"Delta Sigma Theta, Omega Psi Phi",2,https://www.lediva.store/,Newark,NJ,Apparel,
"Leaf Skin Products, LLC",Delta Sigma Theta,1,https://www.leafskinproducts.com/,Madison Heights,MI,Apparel,
Ledbetter Woodworks*,Omega Psi Phi,1,,Manassas,VA,Apparel,johnnyledbetter962@gmail.com
Lee Reed Embroidery,Omega Psi Phi,1,https://leereedembroidery.com/,Hammond,IN,"Apparel, Embroidery",sales@leereedembroidery.com
Lee and Lillie LLC,Delta Sigma Theta,1,https://www.leeandlillie.com/,Columbia,SC,Apparel,
Legacy,"Delta Sigma Theta, Sigma Gamma Rho",2,,Mableton,GA,Apparel,dapluvstotravel@yahoo.com
"Legacy Del-Ray, LLC",Omega Psi Phi,1,https://www.instagram.com/legacy_delray,Moultrie,GA,Apparel,legacydelray1@gmail.com
Legacy N Greek,"Phi Beta Sigma, Zeta Phi Beta",2,https://www.legacyngreek.com/,Charlotte,NC,Apparel,
Legacy Row,Phi Beta Sigma,1,,Ft Lauderdale,FL,Apparel,
Leoma Wear,Phi Beta Sigma,1,https://www.etsy.com/shop/leomawear,Birmingham,AL,Apparel,
Lids,Phi Beta Sigma,1,http://www.lids.com/,Indianapolis,IN,Apparel,
Life Moments Preserved LLC dba Party Decor By LMP,Delta Sigma Theta,1,https://www.partydecorbylmp.etsy.com/,Grayson,GA,Apparel,
"Life's Little Buttons, LLC/ LLB Collections",Delta Sigma Theta,1,https://www.llbcollections.com/,Skokie,IL,Apparel,
Life-Que Collections,Omega Psi Phi,1,https://www.instagram.com/Lifeque3,Gambrills,MD,Apparel,Lifequecollections@yahoo.com
"LifeTime Apparel, LLC",Delta Sigma Theta,1,https://www.lifetimeapparelllc.com/,Wilmington,DE,Apparel,
Linderal Arrington Design Company,Phi Beta Sigma,1,http://www.linderaldesign.com/,Columbia,MD,Apparel,
Linderal Designs Company,Zeta Phi Beta,1,https://www.linderaldesign.com/,Columbia,MD,Apparel,
LineUp,Delta Sigma Theta,1,https://1lineup.com/,Savannah,GA,Apparel,
"Links To Heritage, Inc.",Kappa Alpha Psi,1,https://links-to-heritage.myshopify.com/,,MD,Apparel,cufflinksnpins@aol.com
Liv's Charms by MeMe,Iota Phi Theta,1,https://livscharmsbymeme.etsy.com/,Cleveland Heights,OH,Apparel,
Living Greek,Delta Sigma Theta,1,https://www.livinggreek.com/,Philadelphia,PA,Apparel,
Liza Smith,Sigma Gamma Rho,1,,,,Apparel,stayphlyphilos@gmail.com
LoLo May Designs and Embroidery,Delta Sigma Theta,1,,Henderson,NV,"Apparel, Embroidery",Lolomaydesigns@gmail.com
Lore Collectibles,Kappa Alpha Psi,1,,,PA,Apparel,infor@lore-collectibles.com
Love Me Greek,Alpha Phi Alpha,1,https://www.lovemegreek.com/,Parkville,MD,Apparel,
Love Me Greek 1913,Delta Sigma Theta,1,https://www.lovemegreek1913.com/,Middle River,MD,Apparel,
"Love Me Greek, LLC",Zeta Phi Beta,1,https://www.lovemegreek.com/,Middle River,MD,Apparel,
"Lovesome Red, LLC",Delta Sigma Theta,1,https://lovesomered.com/,Springfield,OH,Apparel,
Luxe Crafted Studio LLC,"Kappa Alpha Psi, Sigma Gamma Rho",2,https://www.shopluxecrafted.com/,,NC,Apparel,"Nashanta.harrison@gmail.com, shopluxecrafted@gmail.com"
"LuxeCrafted Studio, LLC",Delta Sigma Theta,1,https://www.shopluxecrafted.com/,Pittsboro,NC,Apparel,shopluxecrafted@gmail.com
M & V's Quality Selections,Delta Sigma Theta,1,,Fort Pierce,FL,Apparel,mbpryor4600@att.net
M. Benjamin Designs,Delta Sigma Theta,1,https://mbendesigns.com/,ARLINGTON,TX,Apparel,
"M. Pressed Customs, LLC",Delta Sigma Theta,1,https://mpressedcustoms.com/,Chicago,IL,Apparel,
M. Wayne Designs,"Kappa Alpha Psi, Phi Beta Sigma, Sigma Gamma Rho, Zeta Phi Beta",4,https://www.mwaynedesigns.com/,Oakton,VA,Apparel,mwaynedesigns@gmail.com
M.A.G. Paraphernalia,Delta Sigma Theta,1,https://magparaphernalia.com/,Elkridge,MD,Apparel,
"M3 Embroidery & Apparel, LLC DBA M3Greek®️",Sigma Gamma Rho,1,https://www.m3greek.com/,Bridgeton,MO,"Apparel, Embroidery",info@m3greek.com
"M3 Embroidery & Apparel, LLC dba M3Greek®️",Omega Psi Phi,1,https://www.m3greek.com/,Bridgeton,MO,"Apparel, Embroidery",info@m3greek.com
"M3 Embroidery and  Apparel, LLC dba M3Greek®️",Delta Sigma Theta,1,https://www.m3greek.com/,Bridgeton,MO,"Apparel, Embroidery",info@m3greek.com
M3-Greek,Kappa Alpha Psi,1,https://www.m3greek.com/,Bridgeton,MO,"Apparel, Embroidery",m3.embroidery@swbell.net
MAHOGANY & CO. D/B/A 1913 Greek Suite Boutique,Delta Sigma Theta,1,https://www.mahogany-company.com/,CHARLOTTE,NC,Apparel,
MARCOMAXX,Phi Beta Sigma,1,https://marcomaxx.com/,Vine Grove,KY,Apparel,
MEME'S COUTURE & DIVINE DESIGN,Delta Sigma Theta,1,,Thomasville,GA,Apparel,memecdd@gmail.com
"MINO'S CREATIONS, LLC",Omega Psi Phi,1,https://www.minoscreations.com/,Horne Lake,MS,Apparel,minoscreations@gmail.com
MIP Design,Phi Beta Sigma,1,https://www.mipcollection.com/,Evans,GA,Apparel,
MOCA Jewelry Designs,Delta Sigma Theta,1,https://www.mocajewelrydesigns.com/,Albany,GA,Apparel,
"MPC Brands, LLC",Delta Sigma Theta,1,,Crawfordville,FL,Apparel,sara@mpcbrands.com
MT Exclusives,Phi Beta Sigma,1,https://mtexclusives.com/,Laplace,LA,Apparel,
MV Sport,"Iota Phi Theta, Phi Beta Sigma",2,http://www.mvsport.com/,Bayshore,NY,Apparel,
Madam37,"Delta Sigma Theta, Zeta Phi Beta",2,https://www.madam37.com/,Sacramento,CA,Apparel,
"Madi's Kloset, LLC (My Greek Boutique)",Zeta Phi Beta,1,https://www.mygreekboutique.co/,Little Rock,AR,Apparel,
"Madi’s Kloset, LLC dba My Greek Boutique","Iota Phi Theta, Phi Beta Sigma",2,https://www.mygreekboutique.co/,Little Rock,AR,Apparel,
Maison 'de Minerve,Delta Sigma Theta,1,,Orange Park,FL,Apparel,maisondeminerve@gmail.com
Maison Mythe,Delta Sigma Theta,1,https://www.maisonmythe.com/,MIAMI,FL,Apparel,
Malaya Smith,Sigma Gamma Rho,1,,,,Apparel,Malayasmith2@gmail.com
Marie's Inspirational Tee's and Stationery,Sigma Gamma Rho,1,,,,Apparel,mariesinspirationaltees@gmail.com
"Mariel's Greek Shoppe, LLC.",Omega Psi Phi,1,https://www.facebook.com/MarielsGreek,Jackson,MS,Apparel,marielsgreekshoppe@yahoo.com
Marilyn R. Carrier / LaVerne's Fashion & Gifts,Sigma Gamma Rho,1,,,,Apparel,Mcarrier@aol.com
Marketing N Effect,Omega Psi Phi,1,,Milan,IL,Apparel,mballard@2peatrepeat.com
Massively OWT Products,Omega Psi Phi,1,https://massivelyowt.com/,Chicago,IL,Apparel,buck45@hotmail.com
"Material Solutions, LLC",Kappa Alpha Psi,1,,,MD,Apparel,redge@materialsolutionsllc.com
Mazin Art,Kappa Alpha Psi,1,,,TX,Apparel,jphertzogllc@gmail.com
Maziquinns Shoe BIN,Phi Beta Sigma,1,https://maziequinns.com/,Boiling Springs,SC,Apparel,
McCluskey and Associates,"Omega Psi Phi, Sigma Gamma Rho, Zeta Phi Beta",3,https://www.ilovegreekstuff.com/,Cedartown,GA,Apparel,dr.marilyn.mccluskey@gmail.com
Mckelvey Tees,Delta Sigma Theta,1,https://www.lovegreeklove.com/,BLYTHEWOOD,SC,Apparel,
Mega Greek,"Kappa Alpha Psi, Phi Beta Sigma",2,https://www.megagreek.net/,Florence,AL,Apparel,ecgroup17@gmail.com
Mega-Imprints,Omega Psi Phi,1,,Red Oak,TX,Apparel,Robert.pratt61@yahoo.com
Mela Draped,Sigma Gamma Rho,1,,,,Apparel,pamela.hughes@meladraped.com
Melissa,Sigma Gamma Rho,1,,,,Apparel,uzurikidkidz@yahoo.com
Melissa Howard,"Sigma Gamma Rho, Zeta Phi Beta",2,,Morrow,GA,Apparel,melissahoward212@gmail.com
"Michael Madison Design, LLC",Delta Sigma Theta,1,https://www.michaelmadisondesign.com/,Winter Garden,FL,Apparel,
Michelle's by H&H Greek Accents,Omega Psi Phi,1,https://www.handhgreekaccent.com/,Durham,NC,Apparel,
"Michelle's by H&H Greek Accents, LLC",Delta Sigma Theta,1,https://www.handhgreekaccent.com/,Durham,NC,Apparel,
MihoraKustom,Kappa Alpha Psi,1,,,AL,Apparel,keymanii16@ezellharding.com
Mind of a Ladybug,Iota Phi Theta,1,https://mindofaladybug.com/,Cibolo,TX,Apparel,
MissToo Made It,Zeta Phi Beta,1,https://www.misstoomadeit.com/,Rock Hill,SC,Apparel,
MissToo Made It: Greek Boutique,Kappa Alpha Psi,1,https://www.misstoomadeit.com/,,SC,Apparel,info@misstoomadeit.com
Mixquitl Group II,"Iota Phi Theta, Phi Beta Sigma",2,https://www.greek-zone.com/password,Los Angeles,CA,Apparel,
MoDessa Designs,Omega Psi Phi,1,https://modessadesigns.com/,Covington,GA,Apparel,sales@MoDessaDesigns.com
"Mobizix, Inc.","Delta Sigma Theta, Kappa Alpha Psi, Zeta Phi Beta",3,"https://mobizix.myshopify.com/, https://www.mobizix.com/",Irvine,CA,Apparel,admin@mobizix.com
Mocha Mane-MM,Delta Sigma Theta,1,,Jonesboro,GA,Apparel,hairindian@yahoo.com
Monica Taylor DBA Mocha Mane,Omega Psi Phi,1,https://mochamane.com/,Jonesboro,GA,Apparel,hello@mochamane.com
Morgan & Morgan Marketing,"Iota Phi Theta, Phi Beta Sigma, Zeta Phi Beta",3,"http://www.djmorgansgear.com/, https://www.djmorgansgear.com/",Schertz,TX,Apparel,
Morgan CS DBA Morganics Handcrafted,Zeta Phi Beta,1,https://www.morganicshandcrafted.com/,Upper Marlboro,MD,Apparel,
Morganics Handcrafted,Phi Beta Sigma,1,https://www.morganicshandcrafted.com/,Upper Marlboro,MD,Apparel,
Mother Earth,"Delta Sigma Theta, Kappa Alpha Psi, Omega Psi Phi",3,https://buymotherearth.com/,Salisbury,NC,Apparel,trinafonville@yahoo.com
Ms. Capri's Unique Apparel & Gifts LLC,Zeta Phi Beta,1,https://mscapriuniqueapparel.com/,Lansing,MI,Apparel,
"Ms. Josephine's, LLC",Delta Sigma Theta,1,,Tuscaloosa,AL,Apparel,ms.josephinesllc@gmail.com
Ms. M. Creations,Delta Sigma Theta,1,https://www.msmcreations.com/,Thomson,GA,Apparel,
Music Maestro,Phi Beta Sigma,1,https://musicmaestrollc.org/,Chattanooga,TN,Apparel,
"Music Maestro, LLC",Delta Sigma Theta,1,https://musicmaestrollc.org/,Chattanooga,TN,Apparel,
My Brother's Keeper / Divi9Apperal,Delta Sigma Theta,1,,st. albans,NY,Apparel,Mbknyc201@gmail.com
My Custom Tailor,Kappa Alpha Psi,1,,,NY,Apparel,richard.dawson@mycustomtailor.com
My Greek Boutique,"Alpha Phi Alpha, Delta Sigma Theta, Kappa Alpha Psi, Omega Psi Phi",4,https://www.mygreekboutique.co/,Little Rock,AR,Apparel,info@mygreekboutique.co
"My Greek Chapter, LLC",Phi Beta Sigma,1,https://mygreekchapter.com/,Douglasville,GA,Apparel,
"My Greek Letters, LLC",Alpha Phi Alpha,1,https://www.mygreekletter.com/,Chattanooga,TN,Apparel,
My Journey Greek Boutique,Delta Sigma Theta,1,,Winston-Salem,NC,Apparel,myjourneygb@gmail.com
N and S Atelier LLC,Delta Sigma Theta,1,https://www.nansatelier.com/,Collierville,TN,Apparel,
N-Zone Online,Delta Sigma Theta,1,,Dallas,TX,Apparel,nzoneonline@gmail.com
NFM Inc.,Omega Psi Phi,1,,Houston,TX,Apparel,
NINEOH7,Zeta Phi Beta,1,https://www.nineoh7.com/,Fort Washington,MD,Apparel,
"NL Greek by Nippy Lavern, LLC",Delta Sigma Theta,1,https://www.nlgreek.com/,St Cloud,FL,Apparel,
NLGreek by Nippy Lavern,Zeta Phi Beta,1,https://www.nlgreek.com/,Orlando,FL,Apparel,
NVIOUS LLC,"Iota Phi Theta, Phi Beta Sigma",2,https://shopnvious.com/,Baltimore,MD,Apparel,
Nana Hook,"Sigma Gamma Rho, Zeta Phi Beta",2,https://www.nanahook.com/,Upper Marlboro,MD,Apparel,nanahook110@gmail.com
"Nana Hook, Inc.",Delta Sigma Theta,1,https://www.nanahook.com/,Upper Marlboro,MD,Apparel,nanahook110@gmail.com
Natasha Makes Tees,"Delta Sigma Theta, Zeta Phi Beta",2,https://www.natashamakestees.com/,Powder Springs,GA,Apparel,
National Convention Sales,"Alpha Phi Alpha, Omega Psi Phi",2,http://www.blackgreekstore.org/,Atlanta,GA,Apparel,
National Sportswear & Emblem,"Iota Phi Theta, Phi Beta Sigma",2,http://www.nsemblem.com/,Holly Hill,FL,Apparel,brad@nsemblem.com
"National Sportswear & Emblem, Ltd.",Kappa Alpha Psi,1,https://nsemblem.com/,Holly Hill,FL,Apparel,brad@nsemblem.com
"NautraBliss, LLC",Delta Sigma Theta,1,,Suwanee,GA,Apparel,info@naturabliss.net
Ne-Cee's Greek,Zeta Phi Beta,1,https://www.etsy.com/shop/neceesgreek,McDonough,GA,Apparel,
Need Nalia,"Iota Phi Theta, Omega Psi Phi, Phi Beta Sigma",3,http://www.etsy.com/shop/neednalia,Columbia,SC,Apparel,
Need That Tee,Delta Sigma Theta,1,https://www.needthattee.com/,Stone Mountain,GA,Apparel,
Nerd in a Shirt,Zeta Phi Beta,1,https://www.nerdinashirt.com/,Parkville,MD,Apparel,
Never E-Nuff Wood,Phi Beta Sigma,1,https://www.neverenuffwood.com/,Martinsville,VA,Apparel,
"New School Greek, LLP",Delta Sigma Theta,1,,Wayne,PA,Apparel,jade@thehavnbrand.com
Nicole Made It Embroidery,Delta Sigma Theta,1,https://www.nicolemadeit.com/,Cypress,TX,"Apparel, Embroidery",
"Nine Of A Kind, LLC.",Omega Psi Phi,1,https://www.facebook.com/kennethlamontnunnsr.,Gary,IN,Apparel,d9.of.a.kind@gmail.com
Nine and Divine Studios,Zeta Phi Beta,1,https://www.onthegoe.com/,Surprise,AZ,Apparel,
Nise INC.,Delta Sigma Theta,1,,Atlanta,GA,Apparel,niseinc@outlook.com
NouriTress Products dba Greek Obsession,Delta Sigma Theta,1,https://nouritress.com/,Fayetteville,GA,Apparel,
Nouvoh Corporation,Omega Psi Phi,1,,Atlanta,GA,Apparel,gkelly@nouvoh.com
Novel Aesthetics Studio,Delta Sigma Theta,1,https://www.etsy.com/shop/NovelAestheticsStu,Rock Hill,SC,Apparel,
Nubian Bookstore,Delta Sigma Theta,1,,Morrow,GA,Apparel,marcus3x@yahoo.com
Nubian Nation,Delta Sigma Theta,1,https://www.nubiannationgreek.com/,Chicago,IL,Apparel,
Nupe Designz,Kappa Alpha Psi,1,https://nupedesignz.storenvy.com/,,GA,Apparel,nupedesignz7@gmail.com
Nupe Kave LLC,Kappa Alpha Psi,1,https://nupekave.com/,,TX,Apparel,nupekave@yahoo.com
Nupe Mall,Kappa Alpha Psi,1,https://nupemall.com/,,GA,Apparel,info@nupemall.com
Nupe Market,Kappa Alpha Psi,1,https://nupemarket.com/,,,Apparel,info@nupemarket.com
"Nupe Swagg, LLC",Kappa Alpha Psi,1,https://www.nupeswagg.com/,,IL,Apparel,info@nupeswagg.com
"Nupevalley, LLC",Kappa Alpha Psi,1,,,GA,Apparel,nupevallley1911@gmail.com
Nuvision Kreations,"Delta Sigma Theta, Iota Phi Theta, Kappa Alpha Psi, Phi Beta Sigma, Sigma Gamma Rho, Zeta Phi Beta",6,https://www.nuvisionkreations.com/,Simpsonville,SC,Apparel,nuvisionkreations@gmail.com
Nvious LLC,Omega Psi Phi,1,https://shopnvious.com/,Baltimore,MD,Apparel,
OCM Enterprises LLC,Delta Sigma Theta,1,,Woodbridge,VA,Apparel,mccainfamily88@gmail.com
OT5,"Iota Phi Theta, Phi Beta Sigma",2,https://onlytook5.com/?srsltid=afmbooprju3bbl9mt11z3cpvozdifsyfznyforhynhz4uhbfmvt6as8g,Crandall,TX,Apparel,
"OWT of the Night, LLC.",Omega Psi Phi,1,https://www.facebook.com/CarlylePhillips,Baltimore,MD,Apparel,caphillips88@yahoo.com
Official Para Connect,Zeta Phi Beta,1,https://www.officialparaconnect.com/,Mount Holly,NC,Apparel,
Officially Yours,Delta Sigma Theta,1,https://officiallyyourgreekaparrel.com/,Rosedale,MD,Apparel,
Ogechi Ogamba,Zeta Phi Beta,1,https://www.beautifullypoised.com/,Los Angles,CA,Apparel,
Okella LLC,Delta Sigma Theta,1,https://www.okella.com/,Clayton,NC,Apparel,
Old Gold Goods,Alpha Phi Alpha,1,https://www.oldgoldgoods.com/,Fort Worth,TX,Apparel,
Oleta's Gifts,Delta Sigma Theta,1,,Ridgeland,MS,Apparel,oletasgiftbasket@bellsouth.net
Olorun Services,Omega Psi Phi,1,https://www.hallmott.com/,Desoto,TX,Apparel,marcus.hall@olosvc.com
"OmegaWoodWorks, LLC",Omega Psi Phi,1,https://www.instagram.com/omegawoodworksllc,Ellicott City,MD,Apparel,omegawoodworksllc@gmail.com
On Purpose,Zeta Phi Beta,1,,FRISCO,TX,Apparel,
OneStopTops LLC,Delta Sigma Theta,1,,Arlington,TX,Apparel,onestoptops30@gmail.com
"Only For The Initiated, LLC",Delta Sigma Theta,1,https://www.etsy.com/shop/OnlyForTheInitiated,GARDENA,CA,Apparel,
Only Took Five LLC,"Sigma Gamma Rho, Zeta Phi Beta",2,https://www.onlytookfive.com/,Crandall,TX,Apparel,onlytookfive@gmail.com
"Only for the Chosen, LLC",Delta Sigma Theta,1,,Baton Rouge,LA,Apparel,dorseybellanger@yahoo.com
Ooh Soo Crafty,"Phi Beta Sigma, Zeta Phi Beta",2,"https://oohsoocrafty.com/, https://www.oohsoocrafty.com/",Waxhaw,NC,Apparel,
Ooh Soo Crafty LLC,Delta Sigma Theta,1,https://oohsoocrafty.com/,Waxhaw,NC,Apparel,
"Ooh Soo Crafty*, LLC",Omega Psi Phi,1,https://www.orangewdesign.com/,Waxhaw,NC,Apparel,
Orange Web Graphic Design,"Phi Beta Sigma, Zeta Phi Beta",2,"https://truewaveapparel.com/, https://www.orangewdesign.com/",Huntsville,AL,Apparel,
Orme Enterprises DBA Sisterblu™,Zeta Phi Beta,1,https://www.sisterblu.com/,Kansas City,KS,Apparel,
"Our Amendments, Inc. d.b.a. Sorority Shop","Sigma Gamma Rho, Zeta Phi Beta",2,https://www.sororityshop.com/,Pottstown,PA,Apparel,steve@sqsmv.com
"Our Amendments, Inc. d.b.a.sorority shop",Delta Sigma Theta,1,https://www.sororityshop.com/,Pottstown,PA,Apparel,steve@sqsmv.com
PINC GATOR GEAR,Omega Psi Phi,1,https://www.pincgator.com/,Spring,TN,Apparel,pincgator@gmail.com
PL METTO,Delta Sigma Theta,1,,Richmond,VA,Apparel,indie98.will@gmail.com
PR Brooklyn Design and Services LLC,Delta Sigma Theta,1,https://www.prbrooklynds.com/,Buford,GA,Apparel,
"PV Designs, Inc.",Omega Psi Phi,1,https://www.facebook.com/dralvins.perry,Doraville,GA,Apparel,alvin@p5designs.com
Palmer Presents LLC,Omega Psi Phi,1,https://www.instagram.com/PalmerPresents,New Orleans,LA,Apparel,PalmerPresentsApparel@gmail.com
Palmetto Craftmasters LLC,"Delta Sigma Theta, Omega Psi Phi",2,https://www.palmettocraftmasters.com/,Macon,GA,Apparel,artistic71@gmail.com
Pandemiccraftee,Phi Beta Sigma,1,https://www.pandemic-craftee.com/,Camden,SC,Apparel,
Pandemiccraftee Llc,Zeta Phi Beta,1,https://www.pandemic-craftee.com/,Camden,SC,Apparel,
Para Frat,Zeta Phi Beta,1,,Richmond,VA,Apparel,parafrat@comcast.net
Para Frat designs,Delta Sigma Theta,1,,Richmond,VA,Apparel,parafrat@comcast.net
Pari ENVY,Delta Sigma Theta,1,https://www.parienvy.com/,Detroit,MI,Apparel,
Passionate Pebbles' Llc,Omega Psi Phi,1,https://passionatepebblespieces.com/,Northport,AL,Apparel,passionatepebbles08@gmail.com
"Passionate Pebbles, LLC",Kappa Alpha Psi,1,,Northport,AL,Apparel,passionatepebbles08@gmail.com
Pat's Aprons,Delta Sigma Theta,1,https://www.apronsthings.com/,Pascagoula,MS,Apparel,
Pat's Exclusives,Kappa Alpha Psi,1,https://www.patsexclusives.net/,,MD,Apparel,patsexclusives@gmail.com
Patrick's Bluprints,Phi Beta Sigma,1,https://www.etsy.com/shop/patricksbluprintsllc,St. Petersburg,FL,Apparel,
Patterson Scholarship Fund,Omega Psi Phi,1,,"Decatur, Lexington","GA, SC",Apparel,dpcustomfab@bellsouth.net
Pat’s Exclusives,Alpha Phi Alpha,1,https://www.patsexclusives.net/,Upper Marlboro,MD,Apparel,patsexclusives@gmail.com
"Pearls and Ropes Designs & Personalizations,  LLC",Delta Sigma Theta,1,,CONYERS,GA,Apparel,pearlsandropes@gmail.com
Pegasus Promotional Products,"Alpha Phi Alpha, Delta Sigma Theta",2,https://www.pegasuspromoproducts.com/,Brooklyn,NY,Apparel,
"Penz by Design, Inc.","Kappa Alpha Psi, Omega Psi Phi",2,https://www.penzbydesign.com/,Lilburn,GA,Apparel,stacy.penz@gmail.com
Perfect Apparel,"Iota Phi Theta, Kappa Alpha Psi, Phi Beta Sigma",3,http://www.perfectapparel.com/,"Indianapolis, Lilburn",IN,Apparel,onlinesales@perfectapparel.com
"Perfect Apparel, LLC","Alpha Phi Alpha, Delta Sigma Theta",2,http://www.perfectapparel.com/,Indianapolis,IN,Apparel,onlinesales@perfectapparel.com
"Perfect Apparel, LLC.",Sigma Gamma Rho,1,http://www.perfectapparel.com/,,,Apparel,onlinesales@perfectapparel.com
"PerfectApparel, LLC.",Omega Psi Phi,1,http://www.perfectapparel.com/,Indianapolis,IN,Apparel,onlinesales@perfectapparel.com
Phirst Pham Greek Boutique LLC,Alpha Phi Alpha,1,https://www.phirstphamgreek.com/,Newark,DE,Apparel,
"Phoenix Alumni Chapter of Kappa Alpha Psi Fraternity, Inc.",Kappa Alpha Psi,1,,,AZ,Apparel,phxkappas@gmail.com
Phoenix Paraphernalia,Zeta Phi Beta,1,,Goodyear,AZ,Apparel,
Pinc Gator Gear,Delta Sigma Theta,1,https://www.pgjoint.com/,Spring,TX,Apparel,
Pineal Consulting Group,Sigma Gamma Rho,1,,,,Apparel,clientservices@pinealconsulting.com
"Pledge Stones, LLC",Kappa Alpha Psi,1,https://www.pledgestones.com/,,VA,Apparel,dgarrison@pledgestones.com
Plume & Frater,Omega Psi Phi,1,https://karonskreations.com/,Dallas,TX,Apparel,karon75052@gmail.com
Politely Designed,Delta Sigma Theta,1,https://www.politelydesigned.com/,Knoxville,TN,Apparel,
"Poppie's Creations, LLC",Delta Sigma Theta,1,https://www.poppiescreations.com/,Byram,MS,Apparel,
"Positive Stationery & Gifts, LLC",Delta Sigma Theta,1,http://www.positivestationeryandgifts.com/,PEMBROKE PINES,FL,Apparel,
Positive Tee's & More,Iota Phi Theta,1,https://positiveteesandmore.com/,Grandview,MO,Apparel,
Prep Sportswear,Phi Beta Sigma,1,https://www.prepsportswear.com/greek_directory.aspx,Seattle,WA,Apparel,
"Pressed to Impress, LLC","Kappa Alpha Psi, Omega Psi Phi, Sigma Gamma Rho, Zeta Phi Beta",4,https://pressedtoimpresscustomdesigns.com/,"Chicago, Upper Chichester",PA,Apparel,pressedtoimpresscustomdesigns@gmail.com
Pretty As Pearlz DBA Grown Greeks,Delta Sigma Theta,1,https://www.prettyaspearlz.com/,BRONX,NY,Apparel,
Pretty Posh Style,Zeta Phi Beta,1,https://prettyposhstyle.storenvy.com/,Edmond,OK,Apparel,
Pretty Things by Jade LLC,Delta Sigma Theta,1,,Chicago,IL,Apparel,prettythings2020ae@gmail.com
Pretty as Pearlz,Zeta Phi Beta,1,https://www.prettyaspearlz.com/,Inglewood,CA,Apparel,
Pretty. Made Simple LLC,Delta Sigma Theta,1,https://www.prettymadesimple.com/,ALPHARETTA,GA,Apparel,
"Priceless Possessions, LLC.",Omega Psi Phi,1,https://www.instagram.com/priceless_possessionsllc,Secane,PA,Apparel,pricelesspossessionsllc@gmail.com
Pride Sash,"Iota Phi Theta, Phi Beta Sigma",2,https://pridesash.com/,Hawthorne,CA,Apparel,
Prime Heritage,Delta Sigma Theta,1,http://www.primeheritage.com/,Memphis,TN,Apparel,info@primeheritage.com
Prime Heritage Gifts,Kappa Alpha Psi,1,https://primeheritagegifts.com/,Memphis,TN,Apparel,info@primeheritage.com
"PrintabiliTees, LLC",Delta Sigma Theta,1,https://www.printabilitees.com/,Stamford,CT,Apparel,
Printing Source Inc.,Kappa Alpha Psi,1,,,LA,Apparel,info@printingsourceinc.com
"Printworks MD, LLC",Delta Sigma Theta,1,https://www.collegiateluxe.com/,Baltimore,MD,Apparel,iddesignusa@gmail.com
Privileged bmm by Grand Magnolia Investment Group,Kappa Alpha Psi,1,https://www.privilegedbmm.com/,,MD,Apparel,info@privilegedbmm.com
"Profyle District, LLC",Omega Psi Phi,1,https://www.profyledistrict.com/,Wesley Chapel,FL,Apparel,vnichols@profyledistrict.com
Pure Country,"Iota Phi Theta, Phi Beta Sigma",2,http://www.purecountry.com/,Lynn,NC,Apparel,
QUALITY LASER DESIGN,Delta Sigma Theta,1,https://www.qualitylaserdesign.com/,HUNTSVILLE,AL,Apparel,sales@qualitylaserdesign.com
QUALITY LASER DESIGNS,"Sigma Gamma Rho, Zeta Phi Beta",2,https://www.qualitylaserdesign.com/,Huntsville,AL,Apparel,"curtis@qualitylaserdesign.com, sales@qualitylaserdesign.com"
"QUEEN ENTERPRISES, INC.",Delta Sigma Theta,1,https://www.queenofchic.com/,Long Beach,CA,Apparel,
"Quality Digital Creations, Incorporation",Delta Sigma Theta,1,https://qdcbybeverly.com/,Piscataway,NJ,Apparel,
Quality Laser Designs,"Iota Phi Theta, Kappa Alpha Psi, Phi Beta Sigma",3,https://www.qualitylaserdesign.com/,Huntsville,AL,Apparel,sales@qualitylaserdesign.com
"Quality Laser Designs, LLC",Omega Psi Phi,1,https://www.qualitylaserdesign.com/,HUNTSVILLE,AL,Apparel,sales@qualitylaserdesign.com
Quartress of Tallahassee,Phi Beta Sigma,1,https://bb4b.com/lander,Crawfordville,FL,Apparel,
Que Essentials,Omega Psi Phi,1,,Linden,NJ,Apparel,
Que Nalia LLC,Omega Psi Phi,1,,Orlando,FL,Apparel,pink_ston@yahoo.com
QueBlak,Omega Psi Phi,1,https://queblak.com/,Clinton,MD,Apparel,harleyque@verizon.net
Queen of Paraphernalia,Delta Sigma Theta,1,https://www.queenofpara.com/,Springdale,MD,Apparel,
Queppetto's Custom Designs,Omega Psi Phi,1,,Tuskegee,AL,Apparel,queppettoscustomdesigns@gmail.com
"R J Stewart, LLC",Delta Sigma Theta,1,https://www.rjstewartllc.com/,Crofton,MD,Apparel,
R&B Custom Wood Works and Crafts,Omega Psi Phi,1,,Charlotte,NC,Apparel,brandon.green1983@gmail.com
RENEE MARIE,Delta Sigma Theta,1,https://www.reneemarie.com/,Baton Rouge,LA,Apparel,
RG Apparel,Delta Sigma Theta,1,https://www.shop1920.com/,Arlington,TX,Apparel,jt@rgapparel.com
RG Apparel CO.,Sigma Gamma Rho,1,https://www.shop1920.com/,Arlington,TX,Apparel,jt@rgapparel.com
RG Apparel Co.,Zeta Phi Beta,1,https://www.shop1920.com/,Irving,TX,Apparel,jt@rgapparel.com
RMBrown Ventures,Kappa Alpha Psi,1,,,,Apparel,rashaunmannybrown@gmail.com
RMC PROMOTIONAL PRODUCTS LLC,Sigma Gamma Rho,1,,,,Apparel,sam@rmcpromos.com
ROY'EL COMPANY,Omega Psi Phi,1,https://www.companycasuals.com/royelcompany,Red Oak,TX,Apparel,royel_company@att.net
"Rafiki Beauty and Wellness, LLC",Delta Sigma Theta,1,https://www.rafikiproducts.com/,Jacksonville,FL,Apparel,
Raleigh Tees,Omega Psi Phi,1,https://www.facebook.com/123raleightees/,Raleigh,NC,Apparel,raleightshirts@gmail.com
Raleigh Tees DBA Creative T-ShirtsImaging,Delta Sigma Theta,1,https://123raleightees.com/,Raleigh,NC,Apparel,
Rare Case LLC dba Distinctive Specialties,"Delta Sigma Theta, Sigma Gamma Rho, Zeta Phi Beta",3,"https://www.distinctivespecialties.com/, https://www.dsnalia.com/",Charlotte,NC,Apparel,rarecasellc@gmail.com
"Raven Unlimited, LLC","Delta Sigma Theta, Kappa Alpha Psi, Omega Psi Phi",3,"https://ravenunlimited.net/, https://www.ravenunlimited.net/",Conyers,GA,Apparel,ravenunlimited10@gmail.com
RdNWht LLC,Kappa Alpha Psi,1,,,LA,Apparel,rdnwht13@gmail.com
Real Greek Apparel Company,Alpha Phi Alpha,1,https://www.realgreek.com/,Irving,TX,Apparel,
"Recycle Me Mom, LLC","Sigma Gamma Rho, Zeta Phi Beta",2,https://www.recyclememom.com/,Forsyth,GA,Apparel,recyclememom@gmail.com
Red Diamond Digital,Kappa Alpha Psi,1,,,MI,Apparel,bartel@reddiamonddigital.com
"Red Elephant 36 Designs, L.L.C.","Iota Phi Theta, Phi Beta Sigma",2,https://www.redelephant36designs.com/,Baltimore,MD,Apparel,
"Red Elephant 36 Designs, LLC",Delta Sigma Theta,1,https://www.redelephant36designs.com/,Baltimore,MD,Apparel,
Red Elephant Embroidery,Delta Sigma Theta,1,https://www.redelephantembroidery.com/,Conroe,TX,"Apparel, Embroidery",
Reigning Memories,Phi Beta Sigma,1,https://www.reigningmemories.com/,Paulina,LA,Apparel,
Reserved Greek Apparel,"Delta Sigma Theta, Zeta Phi Beta",2,https://www.reservedgreekapparel.com/,MEMPHIS,TN,Apparel,
"Rest Up 4, LLC",Delta Sigma Theta,1,https://www.restup4.life/,Ruther Glen,VA,Apparel,
Reuben Made,Iota Phi Theta,1,,Penns Grove,NJ,Apparel,
Reveal Suits,Phi Beta Sigma,1,http://www.revealsuits.com/,Grand Prairie,TX,Apparel,
Revelations LLC,Omega Psi Phi,1,,Birmingham,AL,Apparel,jbradley27@att.net
Rookie ATL,Kappa Alpha Psi,1,,,GA,Apparel,support@rookieatl.com
Rookie Atlanta Apparel,"Iota Phi Theta, Phi Beta Sigma",2,https://lettersoflegacy.com/,Atlanta,GA,Apparel,
"Rosa's Greek Boutique, Inc.",Delta Sigma Theta,1,https://www.rosasgreekboutique.com/,Dover,DE,Apparel,rosasgreek@aol.com
Rosas's Greek Boutique,"Sigma Gamma Rho, Zeta Phi Beta",2,https://www.rosasgreekboutique.com/,Dover,DE,Apparel,rosasgreek@aol.com
"Rosiegyrl, LLC",Delta Sigma Theta,1,https://www.rosiegyrl.com/,Dallas,TX,Apparel,
Route 74 Promotions DBA Greek Warehouse,Delta Sigma Theta,1,,Belmont,NC,Apparel,route74promotions@gmail.com
Royal Work - TX dba www.DivineGiftAccessoories.com,"Sigma Gamma Rho, Zeta Phi Beta",2,https://www.divinegiftaccessoories.com/,Manvel,TX,Apparel,jking@divinegiftaccessories.com
Royal Work - Texas,Kappa Alpha Psi,1,https://www.divinegiftaccessories.com/,Manvel,TX,Apparel,jking@divinegiftaccessories.com
"Royal Work - Texas, LLC dba Divine Gift Accessories",Delta Sigma Theta,1,https://www.divinegiftaccessoories.com/,Manvel,TX,Apparel,jking@divinegiftaccessories.com
Royale Consultant Group,"Iota Phi Theta, Phi Beta Sigma",2,https://www.finermall.com/,Atlanta,GA,Apparel,
Royale Consultant Group LLC,Zeta Phi Beta,1,,Atlanta,GA,Apparel,
Royale Noire,Sigma Gamma Rho,1,,,,Apparel,contact@royalenoire.com
Royalty and Beads,"Iota Phi Theta, Phi Beta Sigma",2,https://royaltyandbeads.com/,East Point,GA,Apparel,victoria.ous@yahoo.com
Royalty and Beads (Forever S Royalty),Zeta Phi Beta,1,https://royaltyandbeads.com/,Atlanta,GA,Apparel,victoria.ous@yahoo.com
Royalty and Beads DBA Forever S Royalty,Delta Sigma Theta,1,https://royaltyandbeads.com/,east point,GA,Apparel,victoria.ous@yahoo.com
Royalty and Beads DBA Forever Southern Royalty,Omega Psi Phi,1,https://royaltyandbeads.com/,Atlanta,GA,Apparel,victoria.ous@yahoo.com
Royalty and Beads by Forever Southern Royalty,Kappa Alpha Psi,1,https://royaltyandbeads.com/,Atlanta,GA,Apparel,victoria.ous@yahoo.com
Ruiz Custom Wears,"Sigma Gamma Rho, Zeta Phi Beta",2,https://ruizcustomwears.com/,Glenwood,IL,Apparel,t.ruiz@ruizcustomwears.com
SANDZ,"Iota Phi Theta, Phi Beta Sigma",2,http://www.thesandz.com/,Apopka,FL,Apparel,dedric@thesandz.com
SANDZ INC,Omega Psi Phi,1,http://www.thesandz.com/,Apopka,FL,Apparel,dedric@thesandz.com
SANDZ Inc.,Kappa Alpha Psi,1,http://www.thesandz.com/,Apopka,FL,Apparel,dedric@thesandz.com
"SERVEWEAR, LLC",Delta Sigma Theta,1,https://www.servewear.com/,Snellville,GA,Apparel,
SGD&Sons LLC-TA /Shukri's Goldsmiths,Delta Sigma Theta,1,https://shukrisgoldsmiths.com/,Washington,DC,Apparel,
SGGS Balanced Books,Sigma Gamma Rho,1,,,,Apparel,Stephaniegreen274@gmail.com
SHOPSMITEES LLC,Delta Sigma Theta,1,https://shopsmitees.com/,Fort Washington,MD,Apparel,
SHUGAR BABIES BOUTIQUE,Delta Sigma Theta,1,,North Las Vegas,NV,Apparel,Sirpeyton2000@yahoo.com
STC Creations,Delta Sigma Theta,1,,Hinesville,GA,Apparel,scfrasier@yahoo.com
"SUITe Life - Men's Accessories, LLC",Kappa Alpha Psi,1,,,MI,Apparel,mariomclean1@gmail.com
SW Therapeutic Services Inc. (The Shoppe at SWTS),Sigma Gamma Rho,1,,,,Apparel,theshoppe@swtherapeuticservices.com
SYNERGY SHOPTIQUE LLC,Delta Sigma Theta,1,https://www.synergyshoptique.online/,Florissant MO,MO,Apparel,
Sacred Heart Collections,"Sigma Gamma Rho, Zeta Phi Beta",2,https://www.sacredheartcollections.com/,"Cedar Hill, Dallas",TX,Apparel,Brandi@sacredheartcollections.com
"Sacred Heart Collections, LLC",Delta Sigma Theta,1,https://www.sacredheartcollections.com/,Cedar Hill,TX,Apparel,Brandi@sacredheartcollections.com
"Sage33, LLC",Delta Sigma Theta,1,,Biloxi,MS,Apparel,blackaart@yahoo.com
"Sapient Boutique, LLC",Delta Sigma Theta,1,,Solon,OH,Apparel,sapientboutique@gmail.com
Sassy's Gifts,"Delta Sigma Theta, Sigma Gamma Rho, Zeta Phi Beta",3,https://www.sassysgifts.com/,Centreville,VA,Apparel,sassysgifts1@gmail.com
Satin Things & More,Phi Beta Sigma,1,,Rowlett,TX,Apparel,
Savage Promotions,"Iota Phi Theta, Phi Beta Sigma",2,http://www.savage-promotions.com/,Steelton,PA,Apparel,kim@savage-promotions.com
"Savage Promotions, Inc.","Alpha Phi Alpha, Kappa Alpha Psi, Sigma Gamma Rho, Zeta Phi Beta",4,http://www.savage-promotions.com/,Steelton,PA,Apparel,kim@savage-promotions.com
"Savage Promotions, Inc.*",Omega Psi Phi,1,http://www.savage-promotions.com/,Steelton,PA,Apparel,kim@savage-promotions.com
"Savage Promotions, LLC",Delta Sigma Theta,1,http://www.savage-promotions.com/,Steelton,PA,Apparel,kim@savage-promotions.com
Savvy & Fab,Delta Sigma Theta,1,https://savvyandfab.com/,Atlanta,GA,Apparel,
Sawanah Inc.,Delta Sigma Theta,1,https://www.chiquestyles.com/,Barrington,IL,Apparel,
Schaffes’s Wooden Treasures,Alpha Phi Alpha,1,https://www.schaffeswood.com/,Champaign,IL,Apparel,
Scotty Gear Retail Corp,"Sigma Gamma Rho, Zeta Phi Beta",2,https://www.desertcactus.com/,Rolling Meadows,IL,Apparel,Brenna@desertcactus.com
Scotty Gear Retail Corp DBA Desert Cactus,Omega Psi Phi,1,https://www.desertcactus.com/,Rolling Meadows,IL,Apparel,Brenna@desertcactus.com
Script2TilesbyPajeLLC,Delta Sigma Theta,1,https://www.pajedesigns.com/,PIKESVILLE,MD,Apparel,
"Scriptuals, LLC","Delta Sigma Theta, Sigma Gamma Rho",2,,Harvest,AL,Apparel,scriptuals@gmail.com
Seams 2 Stitches Designs,Delta Sigma Theta,1,https://seams2stitches.com/,Peachtree City,GA,Apparel,
"Sew Finer, LLC",Zeta Phi Beta,1,,FOREST,MS,Apparel,
Sew4Me,Sigma Gamma Rho,1,,,,Apparel,admin@sew4me2.com
Sharon's Frame Shop,Delta Sigma Theta,1,,Shreveport,LA,Apparel,rmoran1221@aol.com
Sharp Crisp Clean,Omega Psi Phi,1,https://www.sharpcrispclean.com/,Miramar,FL,Apparel,info@sharpcrispclean.com
Sheila Butler,Sigma Gamma Rho,1,,,,Apparel,sheBhooked@gmail.com
Shemika S Lucas,Zeta Phi Beta,1,https://www.memescouture.com/,Thomasville,GA,Apparel,
Shirtz R Us,Kappa Alpha Psi,1,https://shirtzrus.com/,,MD,Apparel,shirtzrus2000@gmail.com
Shirtzrus LLC,Phi Beta Sigma,1,https://shirtzrus.com/,Bowie,MD,Apparel,shirtzrus2000@gmail.com
"Shirtzrus, LLC",Omega Psi Phi,1,https://shirtzrus.com/,Bowie,MD,Apparel,shirtzrus2000@gmail.com
Siani's MOM Embroidery Shop,"Delta Sigma Theta, Omega Psi Phi",2,,Philadelphia,PA,"Apparel, Embroidery",info@sianismomembroideryshop.com
Sigma Graphics,"Omega Psi Phi, Phi Beta Sigma",2,https://www.shopsigmagraphics.com/,Savannah,GA,Apparel,
Sigma Mu Sigma Foundation,Phi Beta Sigma,1,http://sigmamusigma.org/,Lothian,MD,Apparel,
Sigma Sales 305,Phi Beta Sigma,1,https://amazon.com/s?me=aun48lwwqwkxe&ref=sf_seller_app_share_new,Davie,FL,Apparel,
Signature Brand HTX,Zeta Phi Beta,1,https://www.signaturebrandhtx.com/,HUMBLE,TX,Apparel,
Silver Etc dba Greek Divine,Omega Psi Phi,1,https://greekdivine.com/,Austin,TX,Apparel,patasilveretc@yahoo.com
Silver Etc.,Phi Beta Sigma,1,http://greekdivine.com/site/,MARIETTA,GA,Apparel,patasilveretc@yahoo.com
Silver Etc. dba Greek Divine,Kappa Alpha Psi,1,http://greekdivine.com/site/,,TX,Apparel,patasilveretc@yahoo.com
"Simple to Sharp by Sharon, LLC.",Delta Sigma Theta,1,https://www.simplesharpsharon.com/,Stafford,VA,Apparel,
"Simply Dovely, LLC",Zeta Phi Beta,1,https://simplydovely.com/,Fort Hood,TX,Apparel,
Simply Greek by Utopia Creations,Delta Sigma Theta,1,https://www.shopsimplygreek.com/,Independence,LA,Apparel,
"Simply Kreative Greek, LLC","Delta Sigma Theta, Sigma Gamma Rho, Zeta Phi Beta",3,https://www.simplykreativegreek.com/,Tallahassee,FL,Apparel,Rashida.Hudson@gmail.com
"Simply Wooderful, LLC",Delta Sigma Theta,1,https://www.simplywooderful.com/,Blythewood,SC,Apparel,
"Sincerely, Cynthia Inc.",Delta Sigma Theta,1,https://cynthiapartridge.com/,CINCINNATI,OH,Apparel,
Sista tu Sista,Zeta Phi Beta,1,https://www.sista-tu-sista.my%20shopify.com/,Birmingham,AL,Apparel,
Sisterly Incorporated,Zeta Phi Beta,1,https://www.sisterlyincorporated.com/,Lanham,MD,Apparel,
Slate Design Studio,Delta Sigma Theta,1,https://slatemadeit.com/,Gardendale,AL,Apparel,
Slique Boutique LIB,Zeta Phi Beta,1,https://www.sliqueboutiquelib.com/,Pittsburgh,PA,Apparel,
Smithedge Media LLC,Delta Sigma Theta,1,,Frisco,TX,Apparel,fsmity67@gmail.com
"Snipes plus, LLC",Phi Beta Sigma,1,,Lilburn,GA,Apparel,
Society 22,Delta Sigma Theta,1,https://society22.com/,Bedford Heights,OH,Apparel,
Sol II Soul,"Delta Sigma Theta, Iota Phi Theta, Omega Psi Phi, Phi Beta Sigma, Zeta Phi Beta",5,https://www.sol2soul.shop/,"Flossmoor, Glenwood",IL,Apparel,
Sole Artist Collective / UP N INK,Omega Psi Phi,1,https://www.upnink.com/,San Jose,CA,Apparel,
Sole Artist Collective / UP N INK Fashion,"Iota Phi Theta, Phi Beta Sigma",2,https://www.upnink.com/,San Jose,CA,Apparel,
Something Greek,"Iota Phi Theta, Phi Beta Sigma",2,https://www.somethinggreek.com/,West Hempstead,NY,Apparel,
"SophistiGREEK, LLC",Delta Sigma Theta,1,https://www.sophistigreek.com/,Henderson,NV,Apparel,
Sophisticated Greek LLC,Delta Sigma Theta,1,https://www.sophisticatedgreek.com/,Crown Point,IN,Apparel,
"Sophrosyne by KB, LLC",Omega Psi Phi,1,https://www.sophrosynebykb.com/,WAXHAW,NC,Apparel,kb@sophrosynebykb.com
"Sorhor Lifestyle, Inc.",Sigma Gamma Rho,1,,,,Apparel,jazminmcb28@gmail.com
Soror Bling,"Alpha Phi Alpha, Kappa Alpha Psi",2,"https://sororbling.com/, https://www.sororbling.com/",Kissimmee,FL,Apparel,vendor@sororbling.com
Soror Bling LLC,Omega Psi Phi,1,https://sororbling.com/,Kissimmee,FL,Apparel,vendor@sororbling.com
Sororitique Incorporated,Delta Sigma Theta,1,https://www.sororitique.com/,Chicago,IL,Apparel,
Sorority Bottoms LLC,Delta Sigma Theta,1,,Mount Juliet,TN,Apparel,sorority.bottoms.llc@gmail.com
Sorority Girl,Delta Sigma Theta,1,https://sororitygirl.bigcartel.com/,Lawndale,CA,Apparel,
Sorority Hills,Delta Sigma Theta,1,https://www.sororityhills.com/,Bronx,NY,Apparel,
Sorority Hills LLC,Zeta Phi Beta,1,https://www.sororityhills.com/,New York,NY,Apparel,
"Sorority Intimates & Clothing Company, LLC",Zeta Phi Beta,1,https://www.sororityintimates.com/,Cypress,TX,Apparel,
Sorority Letters Shop,"Iota Phi Theta, Phi Beta Sigma",2,http://www.sororitylettersshop.com/,Los Angeles,CA,Apparel,
Sorority Sister Supermart,Delta Sigma Theta,1,https://www.etsy.com/shop/sororitysistersupmrt,Richmond Hill,GA,Apparel,TAMARATHORN3@YAHOO.COM
"Sorority Sister Supermart, Inc.",Zeta Phi Beta,1,https://www.etsy.com/shop/sororitysistersupmrt,Richmond Hill,GA,Apparel,TAMARATHORN3@YAHOO.COM
Sorority Supply,"Delta Sigma Theta, Sigma Gamma Rho",2,https://www.sororitysupply.com/,Hollywood,FL,Apparel,Sororitysupply@gmail.com
Soul Beadz & Bling LLC,Delta Sigma Theta,1,https://www.soulbeadz.com/,Grayson,GA,Apparel,
South By Sea,"Iota Phi Theta, Phi Beta Sigma",2,http://www.southbysea.com/,Philadelphia,PA,Apparel,
Southern Bling Company,Delta Sigma Theta,1,,Jackson,TN,Apparel,southernblingcompany@gmail.com
"Southern Sass Designs, LLC",Delta Sigma Theta,1,,APOPKA,FL,Apparel,southernsassdesigns1@outlook.com
Spice of Life Design LLC,Omega Psi Phi,1,https://spiceoflifedesign.com/,Lithia,FL,Apparel,
"Spice of Life Design, LLC",Delta Sigma Theta,1,https://spiceoflifedesign.com/,Lithia,FL,Apparel,
Spoon's Boutique,Phi Beta Sigma,1,https://www.spoonsboutique.com/,Jacksonville,FL,Apparel,
St. Louis Devastating Divas,Delta Sigma Theta,1,https://stldd21.com/,ST. Louis,MO,Apparel,
Stephanie's Creations,Phi Beta Sigma,1,https://stephaniescreationsllc.com/collections/divine-9-greek-paraphernalia,Naperville,IL,Apparel,
Stitch & Sew Embroidery LLC,Omega Psi Phi,1,https://www.facebook.com/stitch&sewembroideryllc,PORT SAINT LUCIE,FL,"Apparel, Embroidery",artladler@gmail.com
"StitchWichs, LLC",Sigma Gamma Rho,1,,,,Apparel,Nicole@stitchwichs.com
"Straight Fiyah Creations, LLC",Delta Sigma Theta,1,,Hephzibah,GA,Apparel,straightfiyahtho@gmail.com
"Stuart Consulting Group, Inc.","Alpha Phi Alpha, Sigma Gamma Rho, Zeta Phi Beta",3,https://www.nsemblem.com/,"Holly Hill, Holy Hill, Port Orange",FL,Apparel,brad@nsemblem.com
"Stuart Consulting Group, Inc. dba National Sportswear & Emblem, Ltd.",Omega Psi Phi,1,https://www.nsemblem.com/,Holly Hill,FL,Apparel,brad@nsemblem.com
Stuff4Greeks,"Iota Phi Theta, Phi Beta Sigma",2,http://www.stuff4greeks.com/,Atlanta,GA,Apparel,
"Stuff4Greeks/ Zeus' Closet by APGG, LLC",Kappa Alpha Psi,1,https://www.s4g.com/,,GA,Apparel,customerservice@s4g.com
Styles of Kulture,Sigma Gamma Rho,1,,,,Apparel,stylesofkulturetx@gmail.com
StylesbyMrsE,Zeta Phi Beta,1,https://stylesbymrse-9276.myshopify.com/,Laurinburg,NC,Apparel,
"Subject 2 Change, Inc.",Omega Psi Phi,1,https://shopsubject2change.com/,Raleigh,NC,Apparel,jamie@ShopSubject2Change.com
Sunday Accessories/ Whites Walking Staffs,Delta Sigma Theta,1,https://universitycreastionssa.com/,GOODLETTSVLLE,TN,Apparel,
Sunmere Fashions,"Iota Phi Theta, Phi Beta Sigma",2,https://www.sunmerefashions.com/,Spring Grove,PA,Apparel,
Supreme Greek,"Phi Beta Sigma, Zeta Phi Beta",2,"https://www.bestgreekpara.com/, https://www.sunmerefashions.com/",Birmingham,AL,Apparel,
Supreme Kreations,Omega Psi Phi,1,https://www.facebook.com/SupremeKreations,Houston,TX,Apparel,Supremekreations@gmail.com
Suzanne Randolph Cunningham,Delta Sigma Theta,1,,Sunrise,FL,Apparel,suzannemrandolph@gmail.com
Svante O. Singleton LLC,Phi Beta Sigma,1,,Las Vegas,NV,Apparel,
Swee10Nuf Sweet Tees & Graphic Design,Kappa Alpha Psi,1,,,NE,Apparel,stmosley7@gmail.com
Swee10Nuf Tees & Graphics,Delta Sigma Theta,1,https://www.swee10nuf.com/,Omaha,NE,Apparel,
Swift Incentives,Delta Sigma Theta,1,https://swiftincentives.com/,St. Louis,MO,Apparel,
Swish Design Studio LLC.,Delta Sigma Theta,1,,Lanham,MD,Apparel,DesignsByTiaraB@gmail.com
T STREET ENTERPRISES LLC,Delta Sigma Theta,1,https://www.buyaniceshirt.com/,PLANO,TX,Apparel,
T& T Custom Designz,Delta Sigma Theta,1,https://tntcustomdesignz.com/,Moody,AL,Apparel,
T&T CUSTOM DESIGNZ,Zeta Phi Beta,1,,Moody,AL,Apparel,
"T's Art, Ltd/ Balfour House dba Greek Escape",Delta Sigma Theta,1,https://greekescape.com/,San Gabriel,CA,Apparel,
T's Fashion Accessories,Delta Sigma Theta,1,,Ellenwood,GA,Apparel,www.tsfashionaccents@yahoo.com
"TACAM,Inc",Omega Psi Phi,1,https://www.tacaminc.com/,Pearland,TX,Apparel,aspriggins@aol.com
"TCPyles Consulting and Financial Services, LLC",Zeta Phi Beta,1,https://www.tcpylesconsulting.com/,Atlanta,GA,Apparel,
TES ENGRAVING & SIGNS INC BLING NAME BADGE DIVISION,Delta Sigma Theta,1,https://www.blingnamebadges.net/,WINSTON SALEM,NC,Apparel,
TGI Greek,"Iota Phi Theta, Phi Beta Sigma",2,http://www.tgigreek.com/,Tulsa,OK,Apparel,
THE COUTURE SOROR,Zeta Phi Beta,1,https://www.thecouturesoror.com/,Chicago,IL,Apparel,
THT Apparel,Kappa Alpha Psi,1,,,NC,Apparel,jason@thecharlotteagent.com
TK R&R Sports INC.,Delta Sigma Theta,1,,HUNTSVILLE,AL,Apparel,rrsports1999@gmail.com
TRU'DIVA,Delta Sigma Theta,1,,Lauderhill,FL,Apparel,sarah.donaldson@browardschools.com
"TTL Emporium, LLC",Delta Sigma Theta,1,https://ttlemporium.com/,Port Orange,FL,Apparel,
TURF GEAR WORLDWIDE ORIGINS,Delta Sigma Theta,1,https://www.turfgear.com/,LAS VEGAS,NV,Apparel,gmanq1911@aol.com
TasteMaker Lifestyle Brand,Kappa Alpha Psi,1,,,VA,Apparel,tastemakerbear@gmail.com
Tau Nupes Greek Shop,Kappa Alpha Psi,1,https://www.taunupesgreekshop.com/,,NC,Apparel,kharb@taunupesgreekshop.com
Tauntus Cosmetics,Zeta Phi Beta,1,https://www.tauntuscosmetics.com/,Southfield,MI,Apparel,Tauntuscosmetics@gmail.com
"Tauntus Cosmetics, Inc.","Kappa Alpha Psi, Omega Psi Phi",2,"https://tauntuscosmetics.com/, https://www.tauntus.com/","Detroit, Southfield",MI,Apparel,Tauntuscosmetics@gmail.com
"Tauntus Cosmetics, Inc/ This is Greek Life by Tauntus",Delta Sigma Theta,1,https://tauntuscosmetics.com/,Detroit,MI,Apparel,Tauntuscosmetics@gmail.com
Tea Rose Gift Connection,Delta Sigma Theta,1,https://www.greekgiftscollection.shop/,Bowie,MD,Apparel,
Team 8791,Omega Psi Phi,1,https://team8791.com/,Hampton,VA,Apparel,team8791info@gmail.com
"Tenets Apparel, LLC","Delta Sigma Theta, Iota Phi Theta, Kappa Alpha Psi, Phi Beta Sigma",4,https://www.tenetsco.com/,Cheyenne,WY,Apparel,help@tenetsco.com
Terra's Boutique,Zeta Phi Beta,1,https://www.terrasboutiquestore.com/,Durham,NC,Apparel,
That's Owt LLC,Omega Psi Phi,1,https://thatsowt.com/,Orange,NJ,Apparel,info@thatsowt.com
The 1923 Patch Company,Omega Psi Phi,1,https://the1923patchcompany.com/,Burbank,CA,Apparel,kwamedow@kwamedow.com
"The A Apparel Company, LLC",Kappa Alpha Psi,1,,,GA,Apparel,kross@theaapparelcompany.com
The Burning Sands by Alicia,"Kappa Alpha Psi, Omega Psi Phi",2,https://www.facebook.com/theburningsandsgreekshop,Atlanta,GA,Apparel,aliciaporter3@yahoo.com
The Burning Sands by Alicia (Delta Girl Boutique),Delta Sigma Theta,1,https://deltagirlboutique.com/,Atlanta,GA,Apparel,
The Casual Den,Delta Sigma Theta,1,https://www.thecasualden.com/,Columbia,SC,Apparel,
The Cherry Stitch,Delta Sigma Theta,1,https://www.thecherrystitch.com/,Raleigh,NC,Apparel,
The Coleman Twinz,Phi Beta Sigma,1,https://www.thecolemantwinz.com/,Clinton,MS,Apparel,
The College Crib,"Delta Sigma Theta, Iota Phi Theta, Phi Beta Sigma",3,"http://www.collegecrib.com/, https://www.collegecrib.com/",Nashville,TN,Apparel,
The Collegiate Standard,"Iota Phi Theta, Phi Beta Sigma",2,https://thecollegiatestandard.com/,San Dimas,CA,Apparel,
The Couture Soror,Delta Sigma Theta,1,https://www.thecouturesoror.com/,Chicago,IL,Apparel,
The Craft Doctor,Delta Sigma Theta,1,https://thecraftdoctor.net/,Lithonia,GA,Apparel,
The Crafting Soror,Delta Sigma Theta,1,,Orange,NJ,Apparel,thecraftingsoror@gmail.com
The Crafty Social Worker,Delta Sigma Theta,1,https://www.craftysocialworker.com/,Henrico,VA,Apparel,
"The Crimson Key, LLC",Delta Sigma Theta,1,https://www.thecrimsonkey.co/,Senatobia,MS,Apparel,
The Crossing Box,"Iota Phi Theta, Omega Psi Phi, Phi Beta Sigma",3,https://thecrossingbox.com/,Birmingham,AL,Apparel,thecrossingbox@gmail.com
"The Crossing Box, LLC","Sigma Gamma Rho, Zeta Phi Beta",2,https://the-crossing-box.myshopify.com/,Birmingham,AL,Apparel,thecrossingbox@gmail.com
The Cultural Exchange Shop,"Alpha Phi Alpha, Delta Sigma Theta, Kappa Alpha Psi, Omega Psi Phi",4,https://www.theculturalexchangeshop.com/,Chesterfield,VA,Apparel,tceshop@gmail.com
The Divine Closet,Delta Sigma Theta,1,https://thedivineclosetllc.com/,Warner Robins,GA,Apparel,
The Divine Nine,Kappa Alpha Psi,1,https://www.tdnine.com/,,MD,Apparel,divinenineonline@yahoo.com
The Elephant in the Room,Delta Sigma Theta,1,https://www.tentrcomfortclolthing.com/,San Francisco,CA,Apparel,
"The Exclusive Touch, LLC","Delta Sigma Theta, Zeta Phi Beta",2,https://www.extouch.com/,"Cleveland Heights, Cleveland Hieghts",OH,Apparel,
"The Finer Things 1920, LLC",Zeta Phi Beta,1,https://thefinerthings1920.com/,West Palm Beach,FL,Apparel,
The Game,Phi Beta Sigma,1,https://www.thegameheadwear.com/,Phenix City,AL,Apparel,
The Gift Code,Delta Sigma Theta,1,https://www.theegiftcode.com/,Cedar Hill,TX,Apparel,
The Gold Connection,Delta Sigma Theta,1,,ST. Louis,MI,Apparel,lbradley@goldconnection.com
The Golden Standard Custom,Iota Phi Theta,1,https://www.facebook.com/checkpoint/1501092823525282/?next=https%3a%2f%2fwww.facebook.com%2fgoldstandardcustoms%2f#,Detroit,MI,Apparel,
The Goldsmyth LLC,Delta Sigma Theta,1,https://true2thecode.com/,Albany,GA,Apparel,
The Greek Card.com,Delta Sigma Theta,1,https://www.thegreekcard.com/,Sugarland,TX,Apparel,
The Greek House,Omega Psi Phi,1,https://www.the-greek-house.com/,North Charleston,SC,Apparel,quincy_miller@att.net
The Greek Penn,"Delta Sigma Theta, Zeta Phi Beta",2,https://www.thegreekpenn.com/,Southfield,MI,Apparel,
"The Greek Shop USA, LLC",Delta Sigma Theta,1,https://www.thegreekspotstore.com/,Albany,GA,Apparel,thegreekshop@mail.com
The Greek Spot,Zeta Phi Beta,1,https://www.thegreekspotstore.com/,Hermitage,TN,Apparel,thegreekshop@mail.com
The Greek Spot LLC,Delta Sigma Theta,1,https://www.thegreeksden.com/,Hermitage,TN,Apparel,
The Greeks Den,"Delta Sigma Theta, Zeta Phi Beta",2,https://www.thegreeksden.com/,"District of Columbia, Porterdale","GA, WA",Apparel,
The Greeks Den LLC (Grown Greeks),Kappa Alpha Psi,1,,,DC,Apparel,info@thegreeksden.com
The Hang Loose Hut,Phi Beta Sigma,1,http://www.thehangloosehut.com/,Fountain Valley,CA,Apparel,
The Kappa Kouture by TB&S Enterprises,Kappa Alpha Psi,1,https://tbandsenterprises.com/,,TX,Apparel,corporate@tbandsenterprises.com
The King McNeal Collection,"Alpha Phi Alpha, Delta Sigma Theta, Iota Phi Theta, Kappa Alpha Psi, Omega Psi Phi, Phi Beta Sigma, Sigma Gamma Rho, Zeta Phi Beta",8,https://www.kingmcneal.com/,Kankakee,IL,Apparel,mr.mcneal1@gmail.com
The Kolour Box LLC,Delta Sigma Theta,1,https://www.thekolourbox.com/,Commerce Township,MI,Apparel,
The Kurated Kappa,Kappa Alpha Psi,1,,,GA,Apparel,aj@anthonyjjackson.com
The LIQ NY dba The LIQtees,Delta Sigma Theta,1,https://www.theliqtees.com/,Brooklyn,NY,Apparel,
The Legacy Dream Luxury Company,Delta Sigma Theta,1,https://www.glamupp.com/,Germantown,MD,Apparel,
The Legacy Lab,Delta Sigma Theta,1,,Chicago,IL,Apparel,acelrose@aol.com
"The LuvGluv, LLC",Delta Sigma Theta,1,https://theluvgluv.com/,Livonia,MI,Apparel,
The Mahogany Box,"Phi Beta Sigma, Zeta Phi Beta",2,"https://www.shopthemahoganybox.com/, https://www.themahoganybox.com/",Los Angeles,CA,Apparel,
"The Mosquito Man, Inc. DBA Divine Nine Coffee",Omega Psi Phi,1,http://facebook.com/@divineninecoffee,Hiram,GA,Apparel,georgedturner@yahoo.com
The Nalia Closet,"Iota Phi Theta, Phi Beta Sigma",2,https://thenaliacloset.com/,Roanoke,VA,Apparel,info@thenaliacloset.com
"The Nalia Closet, LLC","Delta Sigma Theta, Kappa Alpha Psi",2,https://thenaliacloset.com/,Roanoke,VA,Apparel,info@thenaliacloset.com
"The Nupe Store by Xavian, Inc.",Kappa Alpha Psi,1,https://www.etsy.com/shop/NupeStore,,GA,Apparel,corey@xavian.com
The Patchy Lion Custom Embroidery & Signage,"Delta Sigma Theta, Omega Psi Phi",2,https://www.thepatchylion.com/,Millington,TN,"Apparel, Embroidery",
"The PeQuliar Sunflower, LLC",Delta Sigma Theta,1,https://www.thepequliarsunflower.com/,Zachary,LA,Apparel,
The Perfect Peace,Delta Sigma Theta,1,https://www.theperfectpeace.net/,Blytheville,AR,Apparel,
The Phenom Legacy abd Frachise LLC,Zeta Phi Beta,1,https://www.myphenomapparel.com/,Raleigh,NC,Apparel,
The Press,Zeta Phi Beta,1,https://thepressnow.com/,Midlothian,TX,Apparel,
The Ring Creator,"Iota Phi Theta, Phi Beta Sigma, Zeta Phi Beta",3,"https://http//:www.theringcreator.com, https://www.theringcreator.com/","Bowie, MITCHELLVILLE",MD,Apparel,chaunceydjackson@gmail.com
"The Ring Creator, LLC",Kappa Alpha Psi,1,https://www.theringcreator.com/,Bowie,MD,Apparel,chaunceydjackson@gmail.com
The Ruby Room,Delta Sigma Theta,1,https://www.rubyroom1913.com/,Centreville,VA,Apparel,
The Sassy Greek,Delta Sigma Theta,1,https://www.thesassygreek.com/,Bartlett,TN,Apparel,
The Shield Maker,Omega Psi Phi,1,https://www.facebook.com/Tony%20%E2%80%9CThe%20ShieldMaker%E2%80%9D%20Reed,Saint Stephen,SC,Apparel,theshieldmaker@gmail.com
The Shirt Place/The Sorority Place,Zeta Phi Beta,1,https://www.thesororityplace.com/,Memphis,TN,Apparel,
The Shop on 22nd,Sigma Gamma Rho,1,,,,Apparel,Contact@shopon22.com
The Signature Brand HTX,"Delta Sigma Theta, Iota Phi Theta, Phi Beta Sigma",3,,Humble,TX,Apparel,www.signaturebrandhtx@gmail.com
The Sterling Link,"Delta Sigma Theta, Zeta Phi Beta",2,https://www.thesterlinglink.com/,"Houston, Katy",TX,Apparel,
The Total Image,"Iota Phi Theta, Phi Beta Sigma",2,https://totalimageclothiers.com/,Greensboro,NC,Apparel,
"The UNIExperience, LLC",Zeta Phi Beta,1,https://www.theuniexperience.com/,Nottingham,MD,Apparel,
The Ultimate Sisterhood,Delta Sigma Theta,1,,Sugar Land,TX,Apparel,theultimatesisterhood1@gmail.com
The Wire Greek Apparel and More,Delta Sigma Theta,1,https://www.thewiregreekapparel.com/,Houston,TX,Apparel,
The World of Greekdom,Delta Sigma Theta,1,https://www.theworldofgreekdom.com/,Hattiesburg,MS,Apparel,
The Yard Collective,"Iota Phi Theta, Phi Beta Sigma",2,http://www.monstergreek.com/,Durham,NC,Apparel,
Thee Legacy Continues LLC,Omega Psi Phi,1,https://www.theelegacycontinues.com/,Southfield,MI,Apparel,
"Thee Legacy Continues, LLC",Delta Sigma Theta,1,https://www.theelegacycontinues.com/,Southfield,MI,Apparel,
Thee Musket LLC,Omega Psi Phi,1,,Sheridan,WY,Apparel,renny.d.smith@gmail.com
Thee Reddbox,Delta Sigma Theta,1,,Chicago,IL,Apparel,justicestamps@yahoo.com
This & That Apparel LLC,Omega Psi Phi,1,https://thisandthatapparel.com/,Nashville,TN,Apparel,Info@thisandthatapparel.com
Timeless Masterpiece,"Delta Sigma Theta, Kappa Alpha Psi",2,https://www.shopmytm.com/,SURPRISE,AZ,Apparel,info@shopmytm.com
Tommy's Tees,"Iota Phi Theta, Phi Beta Sigma",2,http://www.tommystees.com/,Ruston,LA,Apparel,
Tones of Melanin,"Kappa Alpha Psi, Omega Psi Phi",2,https://tonesofmelanin.com/,Norfolk,VA,Apparel,admin@tonesofmelanin.com
Tonya’s Custom Creations,Phi Beta Sigma,1,https://www.instagram.com/tonyas_custom_creations/?igsh=mtrknth4agzmcgg4dg%3d%3d#,Chesapeake,VA,Apparel,
Trac Graphix ATL,Omega Psi Phi,1,https://www.facebook.com/tracatl,Covington,GA,Apparel,tracprintatl@gmail.com
Tre'sors D'Antan,Delta Sigma Theta,1,https://tresorsdantan.biz/,Minden,LA,Apparel,
Trevco,"Sigma Gamma Rho, Zeta Phi Beta",2,https://www.trevcoinc.com/,Maddison Heights,MI,Apparel,dcarranza@trevcoinc.com
Tri-City Embroidery,Delta Sigma Theta,1,,Desoto,TX,"Apparel, Embroidery",mzburruss@aol.com
Trimocha Productions,Delta Sigma Theta,1,,SAVANNAH,GA,Apparel,trimochaproduction@gmail.com
"Trinity Designs, Inc.",Sigma Gamma Rho,1,,,,Apparel,ngraves@trinitydesignsinc.com
Triple S Sports Apparel LLC,Alpha Phi Alpha,1,https://triplessportsapparel.com/,Duncanville,TX,Apparel,
Tru-fan4life Custom Decals,"Iota Phi Theta, Phi Beta Sigma",2,https://www.facebook.com/people/tru-fan4life-custom-sport-decals/100036783086264/,Enterprise,AL,Apparel,trufan4lifedecals@gmail.com
"Tru-fan4life Custom Decals, LLC",Delta Sigma Theta,1,https://www.facebook.com/people/tru-fan4life-custom-sport-decals/100036783086264/,Enterprise,AL,Apparel,trufan4lifedecals@gmail.com
True Expressions T-Shirt & Apparel,"Delta Sigma Theta, Omega Psi Phi",2,https://trueexpressionsvinyl.com/,"COVINGTON, Covington",GA,Apparel,trueexpressionstees@gmail.com
Truluck & Henry LLC,Omega Psi Phi,1,https://www.truluckandhenry.com/,Concord,NC,Apparel,londra@truluckandhenry.com
Tucker Management & Consulting LLC dba Nuvision Kreations,Omega Psi Phi,1,https://www.turfgear.com/,Simpsonville,SC,Apparel,gmanq1911@aol.com
Turf Gear,"Alpha Phi Alpha, Omega Psi Phi",2,https://www.turfgear.com/,Las Vegas,NV,Apparel,gmanq1911@aol.com
Turf Gear Custom Rings & Things,Kappa Alpha Psi,1,https://www.turfgear.com/,Las Vegas,NV,Apparel,gmanq1911@aol.com
"Turn 2 Wood, LLC",Kappa Alpha Psi,1,https://www.turn2wood.com/,,FL,Apparel,turner.delmar1@gmail.com
Turn2wood,"Iota Phi Theta, Phi Beta Sigma",2,https://www.turn2wood.com/,Jacksonville,FL,Apparel,
"Two Tails Boutique, LLC",Delta Sigma Theta,1,https://www.etsy.com/shop/2TailsBoutique?ref=shop-header-name&listing_id=1536228510&from_page=listing,Baton Rouge,LA,Apparel,
T’s Fashion Accessories,Delta Sigma Theta,1,,Ellenwood,GA,Apparel,www.tsfashionaccents@yahoo.com
UP N INK Fashion / Sole Artist Collective,Kappa Alpha Psi,1,,,CA,Apparel,upninkfashion@gmail.com
"URBrand, Inc.",Kappa Alpha Psi,1,https://urbrand.net/,,NY,Apparel,urbrandsales@gmail.com
UTOPIA CREATIONS (SIMPLY GREEK),Zeta Phi Beta,1,https://www.shopsimplygreek.com/,Independence,LA,Apparel,admin@utopiacreations.com
UTOPIA CREATIONS dba SIMPLY GREEK,Sigma Gamma Rho,1,https://www.shopsimplygreek.com/,Independence,LA,Apparel,admin@utopiacreations.com
UberPrints,"Iota Phi Theta, Phi Beta Sigma",2,http://www.uberprints.com/,Athens,GA,Apparel,
Ubuntu Custom Designs,Delta Sigma Theta,1,https://www.ubuntucustomdesigns.com/,Madison,AL,Apparel,
UnderNeathItAll,"Delta Sigma Theta, Zeta Phi Beta",2,https://www.underneathitalll.com/,Bear,DE,Apparel,
Underground Printing,"Iota Phi Theta, Phi Beta Sigma",2,https://www.undergroundshirts.com/,Ypsilanti,MI,Apparel,
"Unique Designz, LLC","Delta Sigma Theta, Kappa Alpha Psi, Omega Psi Phi",3,,Athens,AL,Apparel,uniquedesignz351@gmail.com
Unique Greek Boutique,"Kappa Alpha Psi, Omega Psi Phi",2,https://www.facebook.com/uniquegreekboutique,Detroit,MI,Apparel,ugb1323@gmail.com
Unique3DPrints,Kappa Alpha Psi,1,,,MI,Apparel,unique3dps@gmail.com
Uniquely Greek Kreations,Delta Sigma Theta,1,https://www.uniquelygreekkreations.com/,Portsmouth,VA,Apparel,
"Uniquely Greek, Inc.",Kappa Alpha Psi,1,https://www.uniquelygreekinc.com/,,GA,Apparel,info@uniquelygreekinc.com
UniverSoul Enterprise Inc.,"Sigma Gamma Rho, Zeta Phi Beta",2,https://www.blackartdepot.com/,Decatur,GA,Apparel,management@blackartdepot.com
University Apparel,"Iota Phi Theta, Phi Beta Sigma",2,http://www.thegreekshop.com/,Lithonia,GA,Apparel,
"University Apparel, Inc. dba Fraternal Regalia",Delta Sigma Theta,1,https://www.thegreekshop.com/,Lithonia,GA,Apparel,
University Tees,"Iota Phi Theta, Phi Beta Sigma",2,http://www.universitytees.com/,Cleveland,OH,Apparel,
Unlimited Choices Greek Boutique,Zeta Phi Beta,1,https://www.unlimitedchoices.com/,Columbia,SC,Apparel,
Uppity Zeta,Zeta Phi Beta,1,https://www%20uppityzeta.com/,Chicago,IL,Apparel,
Upscale Queen DBA Upscale Lyfe,Delta Sigma Theta,1,https://upscalelyfe.com/,Hattiesburg,MS,"Apparel, Jewelry, Custom",upscalequeen19@gmail.com
"Upscale Queen, LLC DBA Upscale Lyfe",Omega Psi Phi,1,https://upscalelyfe.com/,Hattiesburg,MS,"Apparel, Jewelry, Custom",upscalequeen19@gmail.com
Uzuri Greek,"Iota Phi Theta, Kappa Alpha Psi, Omega Psi Phi, Phi Beta Sigma",4,https://uzuri-greek.myshopify.com/,Columbus,OH,Apparel,wfields2@yahoo.com
Uzuri Kd Kidz/ Uzuri Greek,Alpha Phi Alpha,1,https://uzuri-greek.myshopify.com/,Columbus,OH,Apparel,
Uzuri Kid Kidz LLC Dba Uzuri Greek,Delta Sigma Theta,1,https://uzuri-greek.myshopify.com/,Columbus,OH,Apparel,
Uzuzri Greek,Zeta Phi Beta,1,https://uzuri-greek.myshopify.com/,Columbus,OH,Apparel,
V V DESIGNS FOR ASANTE KENTE dba Worldwide Origins,Phi Beta Sigma,1,http://www.worldwideorigins.com/,Macomb,MI,Apparel,
Vainglorious Styles Apparel,Iota Phi Theta,1,,Marshalls Creek,PA,Apparel,
Valdia’s,Delta Sigma Theta,1,,Shaker Heights,OH,Apparel,valdiaburnd@yahoo.com
Valley Greek,Iota Phi Theta,1,https://valleygreek.com/,Waldorf,MD,Apparel,valleygreek0811@gmail.com
"Valley Greek, LLC","Delta Sigma Theta, Kappa Alpha Psi",2,https://valleygreek.com/,"Brandywine, Waldorf",MD,Apparel,valleygreek0811@gmail.com
"Valley Greek, LLC*",Omega Psi Phi,1,https://valleygreek.com/,Waldorf,MD,Apparel,valleygreek0811@gmail.com
Vantage Custom Classics,"Iota Phi Theta, Phi Beta Sigma",2,https://vantageapparel.com/,Avenel,NJ,Apparel,
Vernon The Cup Guy,Omega Psi Phi,1,https://thecupguy1.com/,Cleveland,OH,Apparel,
VernonThe Cup Guy,Phi Beta Sigma,1,https://thecupguy1.com/,Cleveland,OH,Apparel,
Verse 9 Menswear,Kappa Alpha Psi,1,https://www.verse-9.com/,,FL,Apparel,versenine@aol.com
VeryMaterial LLC,Omega Psi Phi,1,,Miami,FL,Apparel,ibehdf@aol.com
"VeryMaterial, LLC","Delta Sigma Theta, Kappa Alpha Psi",2,,Miami,FL,Apparel,ibehdf@aol.com
Victoria Evans,Sigma Gamma Rho,1,,,,Apparel,Victoria.ous@yahoo.com
"Victorious Treasures & More, LLC",Delta Sigma Theta,1,,Leesburg,GA,Apparel,victorioustreasures123@gmail.com
"Vinylized by Dawn, LLC",Delta Sigma Theta,1,https://vnylzdbydawn.com/,Dacula,GA,Apparel,
"Virtuous Adornments, LLC",Zeta Phi Beta,1,https://www.virtuousadornments.com/,Baltimore,MD,Apparel,
Virtuous Creations by KBJ,Delta Sigma Theta,1,https://www.virtuouscreationskbj.etsy.com/,Baton Rouge,LA,Apparel,
Virtuous Woman Total and Complete LLC,Delta Sigma Theta,1,https://avirtuousboutique.com/,Stafford,VA,Apparel,
Visions Within,Iota Phi Theta,1,,Lakeland,TN,Apparel,vera@visions-within.com
Visions Within LLC,Sigma Gamma Rho,1,,Lakeland,TN,Apparel,vera@visions-within.com
Visionz of Me,Zeta Phi Beta,1,https://www.visionzoflife.com/,Oxon Hill,MD,Apparel,
"W.E. Lusain Apparel, LLC","Omega Psi Phi, Sigma Gamma Rho, Zeta Phi Beta",3,https://www.4klub.com/,"Birmingham, Hoover",AL,Apparel,ericlusain@gmail.com
"W.E. Lusain Apparel, LLC dba 4klub",Delta Sigma Theta,1,https://www.4klub.com/,Birmingham,AL,Apparel,ericlusain@gmail.com
WB Inspirations LLC,Delta Sigma Theta,1,https://www.wbinspirations.com/,Midlothian,VA,Apparel,
WGREEK Fashion Apparel,Zeta Phi Beta,1,https://www.wgreekapparel.com/,Washington,DC,Apparel,wgfashionapparel@gmail.com
WGREEK Fashion Apparel LLC,Omega Psi Phi,1,https://www.wgreekapparel.com/,Arlington,VA,Apparel,wgfashionapparel@gmail.com
WGreek Fashion Apparel LLC,"Delta Sigma Theta, Phi Beta Sigma",2,https://www.wgreekapparel.com/,"Arlington, Washington","DC, VA",Apparel,wgfashionapparel@gmail.com
"WITHWINS, INC",Delta Sigma Theta,1,,Cypress,CA,Apparel,withwinsinc@gmail.com
WLMack Design,Phi Beta Sigma,1,https://daypartyteesstore.etsy.com/,Tuscaloosa,AL,Apparel,
WQQDSTOCK,Omega Psi Phi,1,https://www.instagram.com/wqqdstock,Woodbridge,VA,Apparel,cire67@msn.com
"WRISTCANDYBYNINI, LLC",Delta Sigma Theta,1,,Hampton,VA,Apparel,wristcandybynini@gmail.com
WSTD Apparel,Kappa Alpha Psi,1,,,OK,Apparel,wastedproductions1@gmail.com
"Waller & Company Jewelers, LLC",Delta Sigma Theta,1,https://wallerjewelry.com/,Richmond,VA,Apparel,
Wallflowers LLC,Delta Sigma Theta,1,,Pearland,TX,Apparel,wallflowersllc1913@gmail.com
"Wasted Productions, LLC",Delta Sigma Theta,1,https://www.wastedproductionsok.com/,Oklahoma City,OK,Apparel,
We 3 Queens LLC,"Delta Sigma Theta, Kappa Alpha Psi, Omega Psi Phi",3,https://we3queens.biz/,Lexington,SC,Apparel,we3queensllc@gmail.com
We Got U Cover'd,"Delta Sigma Theta, Omega Psi Phi",2,https://www.thatgreeklife.com/,Fort Washington,MD,Apparel,
"We Paint Out Loud, LLC",Zeta Phi Beta,1,https://www.etsy.com/shop/5royalcutz,St. Louis,MI,Apparel,
Weight 2 Wear,Kappa Alpha Psi,1,https://www.weight2wear.com/,,TX,Apparel,wzoo2011@hotmail.com
White's Walking Staffs dba White and Thomas Creations,Omega Psi Phi,1,,Spring,TX,Apparel,sdpwhite.sw@gmail.com
White’s Walking Staffs,Phi Beta Sigma,1,,Spring,TX,Apparel,
Who Will Know LLC,Delta Sigma Theta,1,https://www.whowillknow.net/,Greenbelt,MC,Apparel,
"Whoa, Jody Boy, LLC",Kappa Alpha Psi,1,https://whoajodyboy.com/,,FL,Apparel,aldozier87@whoajodyboy.com
Winters Industries,Kappa Alpha Psi,1,https://wintersindustries.com/,Fairburn,GA,Apparel,info@wintersindustries.com
Winters Industries DBA Greek Show Apparel,"Delta Sigma Theta, Omega Psi Phi",2,https://wintersindustries.com/,Fairburn,GA,Apparel,info@wintersindustries.com
"Winters Industries, LLC",Zeta Phi Beta,1,https://wintersindustries.com/,Atlanta,GA,Apparel,info@wintersindustries.com
"Wood Works! By Eric Black, LLC","Sigma Gamma Rho, Zeta Phi Beta",2,https://www.facebook.com/woodworksbyericblack,Baltimore,MD,Apparel,thewoodworksguy@gmail.com
Wood Works! by Eric Black,"Iota Phi Theta, Phi Beta Sigma",2,https://www.facebook.com/woodworksbyericblack,Baltimore,MD,Apparel,thewoodworksguy@gmail.com
"Wood Works! by Eric Black, LLC",Delta Sigma Theta,1,https://www.facebook.com/woodworksbyericblack,Baltimore,MD,Apparel,thewoodworksguy@gmail.com
Woodz Up Studio,Delta Sigma Theta,1,,Garland,TX,Apparel,lorenza@woodzupstudio.com
Woodzupstudio,Zeta Phi Beta,1,https://www.woodzupstudio.com/,Garland,TX,Apparel,
World of Greekdom,Phi Beta Sigma,1,,Hattiesburg,MS,Apparel,
Worldwide Origins,Omega Psi Phi,1,https://www.worldwideorigins.com/,MACOMB,MI,Apparel,worldwideorigins1@gmail.com
Worldwide Origins by V. V. Designs,Kappa Alpha Psi,1,,,MI,Apparel,worldwideorigins1@gmail.com
"Worldwide Origins, LLC",Alpha Phi Alpha,1,https://www.worldwideorigins.com/,,,Apparel,
Worthy Chic,Delta Sigma Theta,1,https://www.worthychic.com/,Grosse Pointe Farms,MI,Apparel,
Wright Touch Legacy LLC,Zeta Phi Beta,1,https://linqapp.com/jennifer_wright4?r=link,East Palatka,FL,Apparel,
X-Press Yourself Worldwide,Alpha Phi Alpha,1,http://www.xpressyourselfgear.com/,Arlington,TX,Apparel,
XAM Apparel,Phi Beta Sigma,1,https://www.etsy.com/shop/eastcoastgreeks?ref=simple-shop-header-name&listing_id=1044001041,Raleigh,NC,Apparel,
XPress Yourself Sportswear,Kappa Alpha Psi,1,https://xpressyourselfgear.com/,Arlington,TX,Apparel,xpressyourselfsw@aol.com
XQUISIT Empressions,Zeta Phi Beta,1,https://www.xquisitempressions.com/,Richmond Hill,GA,Apparel,
Xpress Yourself Sportswear,"Omega Psi Phi, Phi Beta Sigma",2,https://xpressyourselfgear.com/,Arlington,TX,Apparel,xpressyourselfsw@aol.com
Xpressyourself Sportswear,"Sigma Gamma Rho, Zeta Phi Beta",2,https://xpressyourselfgear.com/,Arlington,TX,Apparel,xpressyourselfsw@aol.com
Xquisit Empressions,Phi Beta Sigma,1,https://xquisitempressions.com/,Richmond Hill,GA,Apparel,
YETI,"Iota Phi Theta, Phi Beta Sigma",2,https://www.yeti.com/sports/collegiate,Austin,TX,Apparel,
Yard Merch,"Iota Phi Theta, Phi Beta Sigma",2,https://yardmerch.com/,Baltimore,MD,Apparel,yard.merch@gmail.com
Yard Merch LLC,Sigma Gamma Rho,1,https://yardmerch.com/,Baltimore,MD,Apparel,yard.merch@gmail.com
Yoli B.,"Kappa Alpha Psi, Omega Psi Phi",2,,Severn,MD,Apparel,yolibcom@yahoo.com
Your Greek Store,Sigma Gamma Rho,1,,,,Apparel,sales@yourgreekstore.com
Zebra Lane Greek Gifts,Delta Sigma Theta,1,https://zebra-lane.myshopify.com/,Philadelphia,PA,Apparel,
Zuri Beads,Delta Sigma Theta,1,https://www.zuribeads.com/,Pittsburgh,PA,Apparel,
arndreya price,Sigma Gamma Rho,1,,,,Apparel,arndreya.price@gmail.com
b.c.e. Custom Shoes,"Delta Sigma Theta, Zeta Phi Beta",2,https://www.bceshoes.com/,"Birmingham, Trussville",AL,Apparel,
cMc,Omega Psi Phi,1,,Plano,TX,Apparel,krite@hotmail.com
"egobacon inc, fratrings.com",Omega Psi Phi,1,https://www.fratrings.com/,Austin,TX,Apparel,jeb@fratrings.com
elegance by darshi,Omega Psi Phi,1,https://greekstorebydarshi.com/,Nashville,TN,Apparel,darshik@aol.com
fivepearlz,Phi Beta Sigma,1,https://www.fivepearlz.com/,Fort Mitchell,AL,Apparel,
fratrings.com,"Iota Phi Theta, Phi Beta Sigma",2,https://fraternityrings.com/,Myrtle Beach,SC,Apparel,jeb@fratrings.com
iFOXX,Omega Psi Phi,1,https://www.ifoxxcustoms.com/,Orlando,FL,Apparel,dean@ifoxxcustoms.com
iFoxx,Delta Sigma Theta,1,https://www.ifoxxcustoms.com/,Orlando,FL,Apparel,dean@ifoxxcustoms.com
iFoxx Customs Chapter Tents,Kappa Alpha Psi,1,https://www.ifoxxcustoms.com/,,FL,Apparel,dean@ifoxxcustoms.com
iSlayKreations & More LLC,Delta Sigma Theta,1,https://www.islaykreations.com/,Montgomery,AL,Apparel,
j Woolard's Ethnic Accessories,Delta Sigma Theta,1,,Lawnside,NJ,Apparel,jerryw410@yahoo.com
kendalls greek,"Iota Phi Theta, Phi Beta Sigma",2,https://www.kendallsgreek.com/,Duncan,SC,Apparel,kendallsgreek@yahoo.com
nineoh7,Omega Psi Phi,1,https://www.nineoh7.com/,Brooklyn,NY,Apparel,rhtate@nineoh7.com
noble + divine,Kappa Alpha Psi,1,,,NY,Apparel,aliatu.burke@gmail.com
printworks MD llc,"Sigma Gamma Rho, Zeta Phi Beta",2,https://www.collegiateluxe.com/,Baltimore,MD,Apparel,iddesignusa@gmail.com
sheBhooked,Zeta Phi Beta,1,https://www.shebhooked.com/,Chicago,IL,Apparel,
tauntuscosmetics,Sigma Gamma Rho,1,https://tauntuscosmetics.com/,Detroit,MI,Apparel,Tauntuscosmetics@gmail.com
uBlingIt,Delta Sigma Theta,1,,Upper Marlboro,MD,Apparel,Renita@uBlingIt.com
unique speciaLISAtions,Delta Sigma Theta,1,https://uniquespec18.com/,Jamestown,NC,Apparel,
"Elegant Greek Jewelry, LLC",Delta Sigma Theta,1,https://elegantgreekjewelry.net/,Morrow,GA,Apparel,
Elegant Jewelry,"Sigma Gamma Rho, Zeta Phi Beta",2,https://elegantgreekjewelry.com/,Morrow,GA,Apparel,melissahoward212@gmail.com
Elementum Brands,"Iota Phi Theta, Phi Beta Sigma",2,https://jlspresents.com/,Springfield,VA,Apparel,
Elementz4 Designs LLC,Delta Sigma Theta,1,https://www.elementz4designs.com/,GREENSBORO,NC,Apparel,
Elephants Galore,Delta Sigma Theta,1,,Charlotte,NC,Apparel,jervin0414@att.net
Elise - Verne Creations,Delta Sigma Theta,1,https://www.elisevernecreations.com/,Nashville,TN,Apparel,
Elite 1 Xpressions,"Iota Phi Theta, Phi Beta Sigma",2,https://elite1xpressions.com/,Woodbridge,VA,Apparel,elite1xpressions@gmail.com
"Elite 1 Xpressions, LLC",Sigma Gamma Rho,1,https://elite1xpressions.com/,,,Apparel,elite1xpressions@gmail.com
Elite Apparel 615,"Iota Phi Theta, Phi Beta Sigma",2,https://m.facebook.com/fivestar.615tn/,Goodletsville,TN,Apparel,EliteApparel615@gmail.com
Elite Apparel 615 LLC,"Delta Sigma Theta, Kappa Alpha Psi",2,https://m.facebook.com/fivestar.615tn/,Goodlettsville,TN,Apparel,"EliteApparel615@gmail.com, eliteapparel615@gmail.com"
Elite Collection Designs,Delta Sigma Theta,1,,South Pasadena,CA,Apparel,wherecarolynis@yahoo.com
"Emblaze Embroidery, LLC",Delta Sigma Theta,1,https://www.emblazeembroidery.com/,Houston,TX,"Apparel, Embroidery",
Emerson Coast,Phi Beta Sigma,1,https://www.emersoncoast.com/,Fayetteville,AR,Apparel,
EnamelPins,Phi Beta Sigma,1,https://www.gs-jj.com/,Walnut,CA,Apparel,
Endia Janel LLC,Zeta Phi Beta,1,https://www.endiajanel.com/,Reston,VA,Apparel,
Engendering Strength Inc,Delta Sigma Theta,1,https://www.superherohuff.com/,Naperville,IL,Apparel,
Engendering strength inc,Zeta Phi Beta,1,https://www.superherohuff.com/,Naperville,IL,Apparel,
Enhance Designs LLC,"Sigma Gamma Rho, Zeta Phi Beta",2,,Washington,NC,Apparel,enhancedesignsllc@gmail.com
Entreprenupe,Kappa Alpha Psi,1,https://entreprenupe.com/,,VA,Apparel,entreprenupewear@gmail.com
Eric Marquis LLC,Delta Sigma Theta,1,https://cooldeltastuff.com/,Lawrence,KS,Apparel,
Esmies Closet Inc.,Zeta Phi Beta,1,https://www.esmiesclosetinc.com/,Amityville,NY,Apparel,esmiescloset@gmail.com
Esmies Closet Inc. dba Waju Designs,"Delta Sigma Theta, Omega Psi Phi",2,https://www.esmiesclosetinc.com/,Amityville,NY,Apparel,esmiescloset@gmail.com
"Esmies Closet, Inc.",Kappa Alpha Psi,1,https://shopwaju.com/,,NY,Apparel,esmiescloset@gmail.com
Especially For You,Phi Beta Sigma,1,https://www.facebook.com/debra.s.clark/,Emelle,AL,Apparel,
Especially for you Personalized Gifts,Kappa Alpha Psi,1,,,AL,Apparel,tydebra3@aol.com
"EverEvolving, LLC",Delta Sigma Theta,1,,Fontana,CA,Apparel,marciepoole2016@gmail.com
Everything Collegiate,Iota Phi Theta,1,https://www.gsumerch.com/,Atlanta,GA,Apparel,
Exclusive Greek Apparel,Kappa Alpha Psi,1,,,OK,Apparel,temiekec@gmail.com
"Express Design Group, Inc",Alpha Phi Alpha,1,https://www.greekgear.com/,Freeburg,IL,Apparel,Jtantillo@inarush.com
"Express Design Group, Inc. (Greekgear.com)","Sigma Gamma Rho, Zeta Phi Beta",2,https://www.greekgear.com/,Freeburg,IL,Apparel,Jtantillo@inarush.com
"Express Design Group, Inc./ Greek Gear",Omega Psi Phi,1,https://www.greekgear.com/,Freeburg,IL,Apparel,Jtantillo@inarush.com
Expressations,Phi Beta Sigma,1,https://www.etsy.com/shop/expressonline,Lovejoy,GA,Apparel,Expressations@yahoo.com
"Expressations, LLC",Delta Sigma Theta,1,https://www.etsy.com/shop/expressonline,Fayetteville,GA,Apparel,Expressations@yahoo.com
Exquisite Designs/1st Klass Greek Apparel,Omega Psi Phi,1,,Byram,MS,Apparel,
Extraordinary Symbols,Zeta Phi Beta,1,https://exosymbols1920.com/,Chicago,IL,Apparel,
"Extraordinary Symbols, LLC",Delta Sigma Theta,1,https://www.extraordinarysymbols.com/,Evergreen Park,IL,Apparel,
FLY BY NIGHT XPRESS,Delta Sigma Theta,1,https://www.flybynightxpress.com/,ARLINGTON,TX,Apparel,
FYE Merchandising,Omega Psi Phi,1,,Decatur,GA,Apparel,dr.charleskmaxwell@gmail.com
Fairwinds Estate Winery,Iota Phi Theta,1,http://www.fewinery.com/,Incline Village,NV,Apparel,
Fashion Greek,"Iota Phi Theta, Phi Beta Sigma",2,http://fashiongreek.com/,Los Angeles,CA,Apparel,
Fashionably Greek,"Iota Phi Theta, Phi Beta Sigma, Sigma Gamma Rho",3,http://befashionablygreek.com/,Montgomery,AL,Apparel,FashionablyGreek@gmail.com
Fashionably Greek LLC,Delta Sigma Theta,1,https://www.befashionablygreek.com/,Montgomery,AL,Apparel,FashionablyGreek@gmail.com
"Fashionably Greek, LLC","Kappa Alpha Psi, Zeta Phi Beta",2,https://www.befashionablygreek.com/,Semmes,AL,Apparel,"FashionablyGreek@gmail.com, fashionablygreek@gmail.com"
Fashions By Anthony,Phi Beta Sigma,1,,Waldorf,MD,Apparel,
"Favors Decor & More, LLC",Kappa Alpha Psi,1,https://fdmllc.store/,,NV,Apparel,info@favorsdecorandmore.com
"Fine and Divine, LLC",Zeta Phi Beta,1,https://etsy.com/shop/fineanddivinestore,Hampton,VA,Apparel,
Finer Bling LLC,Zeta Phi Beta,1,https://www.itsfinerbling.com/,Southgate,MI,Apparel,
Finer DivaZ,Iota Phi Theta,1,https://www.finerdivaz.com/,Moreno Valley,CA,Apparel,
Finer Divaz,Delta Sigma Theta,1,https://finerdivaz.com/,Moreno Valley,CA,Apparel,
Finer Divaz LLC,Zeta Phi Beta,1,https://www.finerdivaz.com/,Moreno Valley,CA,Apparel,
Finer Luxe Designs,Phi Beta Sigma,1,https://finerluxedesigns.com/,Lithonia,GA,Apparel,
"Finer Luxe Designs, LLC",Zeta Phi Beta,1,https://www.finerluxedesigns.com/,Lithonia,GA,Apparel,
Finer Things Greek,Delta Sigma Theta,1,https://finerthingsgreek.com/,El Paso,TX,Apparel,
Finer365,Zeta Phi Beta,1,https://www.finer365.com/,Madison,AL,Apparel,
"FinerDealz, LLC",Zeta Phi Beta,1,https://www.finerdealz.com/,Boynton Beach,FL,Apparel,
Fire-N-Ice Greek Apparel & Embroidery,Delta Sigma Theta,1,,Southaven,MS,"Apparel, Embroidery",kendraltaylor@yahoo.com
Fisher Ave Creations,Iota Phi Theta,1,,Bowie,MD,Apparel,
Five PearlZ Design,Zeta Phi Beta,1,https://www.fivepearlzdesign.com/,Elk Grove,CA,Apparel,
Five Stars Greek LLC,Omega Psi Phi,1,https://fivestarsgreek.com/,Sheridan,WY,Apparel,fivestarsgreek@gmail.com
"Five Stars Greek, LLC",Kappa Alpha Psi,1,,,GA,Apparel,fivestarsgreek@gmail.com
FivepearlZ,Zeta Phi Beta,1,https://www.fivepearlz.com/,Fort Mitchell,AL,Apparel,
Flava 4 U,Omega Psi Phi,1,,Homewood,IL,Apparel,Qmajesty@yahoo.com
Flawless Ladybug,"Iota Phi Theta, Phi Beta Sigma",2,https://flawlessladybug.square.site/,Wyncote,PA,Apparel,
FlipzbyT,Delta Sigma Theta,1,,Houston,TX,Apparel,flipzbyT@yahoo.com
Flygirl4real,Kappa Alpha Psi,1,,,GA,Apparel,amakadivas@gmail.com
Foote Prints,"Kappa Alpha Psi, Omega Psi Phi",2,https://footeprintsfour.com/,Pflugerville,TX,Apparel,footeprintsfour@gmail.com
"Foote Prints, LLC",Delta Sigma Theta,1,https://footeprintsfour.com/,Pflugerville,TX,Apparel,footeprintsfour@gmail.com
For Educators Only,Delta Sigma Theta,1,https://www.feoexclusive.net/,Douglasville,GA,Apparel,
Forever Finer Designs,"Iota Phi Theta, Phi Beta Sigma, Zeta Phi Beta",3,https://www.foreverfinerdesigns.com/,Rosharon,TX,Apparel,
Forever Southern Royalty,Alpha Phi Alpha,1,,Atlanta,GA,Apparel,royaltyandbeads@gmail.com
Four Six Designs,Phi Beta Sigma,1,https://foursixdesigns.com/,Concord,NC,Apparel,
Four Six Designs LLC,Delta Sigma Theta,1,https://foursixdesigns.com/,Concord,NC,Apparel,
Four Twigs LLC,Omega Psi Phi,1,https://www.fourtwigsllc.com/,Sheridan,WY,Apparel,admin@fourtwigsllc.com
"Four Twigs, LLC","Delta Sigma Theta, Sigma Gamma Rho, Zeta Phi Beta",3,https://www.fourtwigsllc.com/,Sheridan,WY,Apparel,admin@fourtwigsllc.com
"Fourteen Karat Plus, Inc.","Delta Sigma Theta, Kappa Alpha Psi, Omega Psi Phi",3,https://14kplus.com/,"EDEN PRAIRIE, Eden Prairie",MN,Apparel,operations@fourteenkaratplus.com
Fraternal Elite,Kappa Alpha Psi,1,,,MD,Apparel,richkappa72@juno.com
"Fratrings.com, LLC",Kappa Alpha Psi,1,https://fraternityrings.com/,,SC,Apparel,jeb@fratrings.com
Freckled Jane INK.,Delta Sigma Theta,1,https://freckledjaneink.com/,Westport,CT,Apparel,
G2K Custom Threads LLC,Iota Phi Theta,1,https://www.g2kcustoms.com/,Sandy Springs,GA,Apparel,
G4L Custom Embroidery D.B.A. Greek 4 Life,Delta Sigma Theta,1,https://www.greekforlifeshop.com/,North Little Rock,AR,"Apparel, Embroidery",
"GHOSTQUE APPAREL, LLC",Omega Psi Phi,1,https://www.ghostqueapparel.com/,PROSPER,TX,Apparel,GHOSTDAWG02@GMAIL.COM
GLD,"Iota Phi Theta, Phi Beta Sigma",2,"http://www.giftedimages.net/, https://www.thegldshop.com/",Miami,FL,Apparel,
GREEK WEAR/GREEK BOUTIQUE,Delta Sigma Theta,1,https://www.greekwearstore.com/,MEMPHIS,TN,Apparel,
GST Threads LLP,Delta Sigma Theta,1,,Indianapolis,IN,Apparel,sam510@att.net
GUD Creations LLC,Kappa Alpha Psi,1,,,TX,Apparel,sales@gudcreations.com
"GUD Creations, LLC.",Omega Psi Phi,1,https://GreekFashion06@gmail.com/,San Antonio,TX,Apparel,sales@gudcreations.com
"Gaming Chair Solutions, LLC",Kappa Alpha Psi,1,,,TX,Apparel,sales@abvsllc.com
Garage Boyz Tees,Omega Psi Phi,1,,McDonough,GA,Apparel,
Geaux Savvy Designs,Phi Beta Sigma,1,https://www.geauxsavvydesign.com/,Frisco,TX,Apparel,
Geisele's Gems,Delta Sigma Theta,1,https://www.geiselesgems.com/,Highland Park,MI,Apparel,
"Gen Pro International, LLC",Delta Sigma Theta,1,https://sharkseyetreasures.etsy.com/,Upper Marlboro,MD,Apparel,
Genius League,Delta Sigma Theta,1,https://www.geniusleague.nyc/,New York,NY,Apparel,
Gentle Touch Creations,Delta Sigma Theta,1,,Burlington,NJ,Apparel,cheryl.gentletouch@gmail.com
"Ghost Que Apparel, LLC",Delta Sigma Theta,1,https://www.ghostqueapparel.com/,Prosper,TX,Apparel,
Gifted Images,"Iota Phi Theta, Phi Beta Sigma",2,http://www.giftedimages.net/,New Orleans,LA,Apparel,
Glam Glitz and Bling,"Delta Sigma Theta, Zeta Phi Beta",2,https://www.ggbboutique.com/,Jacksonville,FL,Apparel,
Glitz & Glam Jewelry by LJ div of Infinity Consult,Zeta Phi Beta,1,https://www.glitzandglambylj.com/,Ft. Washington,MD,Apparel,
Gloria Dillard,Zeta Phi Beta,1,https://www.gmsembroiderydesigns.com/,Cary,IL,"Apparel, Embroidery",
"Goat Wrld, LLC dba Goat Wrld Greek",Delta Sigma Theta,1,https://www.goatwrld.com/,Jacksonville,FL,Apparel,
Goodfoot Creations,Omega Psi Phi,1,,Elgin,TX,Apparel,GOODFOOTCREATIONS@GMAIL.COM
Gordon Enterprises,Phi Beta Sigma,1,https://www.bizzyboymusik.com/,Calumet City,IL,Apparel,
"Graceful Diva, LLC",Delta Sigma Theta,1,https://shopgracefuldiva.com/,Norfolk,VA,Apparel,
Graffiti Greek,"Iota Phi Theta, Phi Beta Sigma",2,https://graffiti-greek.com/,McDonough,GA,Apparel,
Grand Magnolia Investment Group,Omega Psi Phi,1,https://www.privilegedbmm.com/,Greenbelt,MD,Apparel,
Grand Magnolia Investment Group (Privileged BMM),Delta Sigma Theta,1,https://www.privilegedbmm.com/,Greenbelt,MD,Apparel,
"Gratia International, LLC","Delta Sigma Theta, Sigma Gamma Rho, Zeta Phi Beta",3,https://www.gratiapearl.com/,Chicago,IL,Apparel,gratiapearl@gmail.com
Greater Heights LLC,Delta Sigma Theta,1,,Acworth,GA,Apparel,djbenton@ameritech.net
Greek Apparel and More LLC,"Delta Sigma Theta, Kappa Alpha Psi",2,https://www.greekapparelandmore.com/,CONYERS,GA,Apparel,greekapparelandmore@gmail.com
Greek CertiPHIed Apparel,Alpha Phi Alpha,1,http://www.greekcertiphied.com/,Philadelphia,PA,Apparel,
Greek CertiPHIed Apparel & Promotional Products LLC,Omega Psi Phi,1,http://www.greekcertiphied.com/,Wilmington,DE,Apparel,
Greek Certiphied Apparel,Phi Beta Sigma,1,http://www.greekcertiphied.com/,Philadelphia,PA,Apparel,
Greek Distinction,Delta Sigma Theta,1,https://www.greekdistinction.com/,Little Rock,AR,Apparel,
Greek Divine,Zeta Phi Beta,1,https://greekdivine.com/,Austin,TX,Apparel,
Greek Divine and More,Iota Phi Theta,1,http://www.greekdivineandmore.com/,Gainesville,FL,Apparel,
Greek Dynasty,"Alpha Phi Alpha, Phi Beta Sigma",2,"http://www.greekdynasty.com/, https://www.greekdynasty.com/",Jonesboro,GA,Apparel,
Greek Dynasty LLC,Delta Sigma Theta,1,https://www.greekdynasty.com/,Jonesboro,GA,Apparel,greekdynasty@gmail.com
"Greek Dynasty, LLC",Kappa Alpha Psi,1,https://www.greekdynasty.com/,Jonesboro,GA,Apparel,greekdynasty@gmail.com
Greek Escape,"Kappa Alpha Psi, Phi Beta Sigma",2,"http://greekescape.com/, https://greekescape.com/",San Gabriel,CA,Apparel,greekescape@sbcglobal.net
"Greek Gear/ Greek U by Express Design Group, Inc.",Kappa Alpha Psi,1,https://greekgear.com/,,IL,Apparel,jtantillo@inarush.com
Greek Glassware,Delta Sigma Theta,1,https://www.greekglassware.com/,Mansfield,TX,Apparel,
Greek Graduate,"Iota Phi Theta, Phi Beta Sigma",2,https://www.greekgraduate.com/,American Fork,UT,Apparel,
Greek Haven Inc.,Delta Sigma Theta,1,https://www.greekhaven.com/,Clinton Township,MI,Apparel,
Greek House,"Iota Phi Theta, Phi Beta Sigma",2,http://greekhouse.org/,Jacksonville,FL,Apparel,
"Greek Kulture, LLC",Kappa Alpha Psi,1,https://www.greekkulture.com/,,MD,Apparel,greekkulture@gmail.com
"Greek ORRIGINALS, LLC",Omega Psi Phi,1,https://www.greek-orriginals.com/,Chicago,IL,Apparel,
"Greek Orriginals, LLC","Delta Sigma Theta, Zeta Phi Beta",2,https://www.greek-orriginals.com/,Chicago,IL,Apparel,
Greek Quintessence,"Iota Phi Theta, Phi Beta Sigma, Sigma Gamma Rho, Zeta Phi Beta",4,https://www.greekquintessence.com/,"Copperas Cove, KILLEEN",TX,Apparel,troberts@greekquintessence.com
Greek Shop NC,Delta Sigma Theta,1,https://www.greeknificent.com/,Fayetteville,NC,Apparel,
Greek Show Apparel,"Iota Phi Theta, Phi Beta Sigma",2,https://wintersindustries.com/,Atlanta,GA,Apparel,
Greek Sneaks,"Iota Phi Theta, Phi Beta Sigma",2,https://greeksneaks.com/,Brooklyn,NY,Apparel,llinton@greeksneaks.com
Greek Sneaks LLC,Kappa Alpha Psi,1,https://greeksneaks.com/,,NY,Apparel,llinton@greeksneaks.com
"Greek Sneaks, LLC","Delta Sigma Theta, Omega Psi Phi",2,https://greeksneaks.com/,"BROOKLYN, Brooklyn",NY,Apparel,llinton@greeksneaks.com
"Greek Sol, LLC",Delta Sigma Theta,1,https://www.greeksol.com/,Lilburn,GA,Apparel,
Greek Stylez,Omega Psi Phi,1,https://www.greekstylez.com/,Dayton,OH,Apparel,greekstylez4u2@gmail.com
Greek Traditions,Alpha Phi Alpha,1,https://www.greektraditions.net/,Columbia,SC,Apparel,darrin@thomasmediacorp.com
Greek Traditions LLC,Omega Psi Phi,1,https://www.greektraditions.net/,Columbia,SC,Apparel,darrin@thomasmediacorp.com
"Greek Traditions, LLC","Delta Sigma Theta, Kappa Alpha Psi",2,https://www.greektraditions.net/,Columbia,SC,Apparel,darrin@thomasmediacorp.com
Greek Underdog,Phi Beta Sigma,1,http://www.greekunderdog.com/,San Antonio,TX,Apparel,
Greek University Unlimited,"Iota Phi Theta, Phi Beta Sigma",2,https://www.instagram.com/customapparel1234/,Montgomery,AL,Apparel,greekunlimited@gmail.com
Greek Unlimited,Kappa Alpha Psi,1,https://www.instagram.com/customapparel1234/,,VA,Apparel,greekunlimited@gmail.com
Greek Wear 4 U,Omega Psi Phi,1,https://www.greekwear4u.com/,Richmond,VA,Apparel,
"Greek Wear 4 U, LLC",Delta Sigma Theta,1,https://www.greekwear4u.com/,Richmond,VA,Apparel,
Greek Wear/DU,Omega Psi Phi,1,https://www.greekwear4u.com/,MEMPHIS,TN,Apparel,
"Greek by Nature, LLC",Delta Sigma Theta,1,https://greekbynature.com/,Milwaukee,WI,Apparel,
Greek's Fashion,Omega Psi Phi,1,https://www.instagram.com/gfashion15,Vicksburg,MS,Apparel,
Greek-ish & Co. LLC.,Delta Sigma Theta,1,https://www.greekishandco.com/,Cary,NC,Apparel,
GreekLife.Store,Iota Phi Theta,1,https://greeklife.store/,Melbourne,FL,Apparel,
Greekgear,"Iota Phi Theta, Phi Beta Sigma",2,https://www.greekgear.com/,Freeburg,IL,Apparel,
Greekian LLC,Sigma Gamma Rho,1,https://www.greekian.com/,Austin,TX,Apparel,greekianllc@gmail.com
"Greekian, LLC",Zeta Phi Beta,1,https://www.greekian.com/,Austin,TX,Apparel,greekianllc@gmail.com
Greeknalia Greek Store,Iota Phi Theta,1,,Daytona Beach,FL,Apparel,
Greeknificent Apparel & Merchandise,"Delta Sigma Theta, Omega Psi Phi",2,https://www.greeknificent.com/,Budd Lake,NJ,Apparel,
Greeks 9th ( Luxury Divine 9 Greek Apparel ),"Iota Phi Theta, Phi Beta Sigma",2,https://greeks9thave.myshopify.com/,Tallahassee,FL,Apparel,
Greeks R Us,Delta Sigma Theta,1,,SAGINAW,MI,Apparel,greeks2203@gmail.com
Greekstreet Apparel,Omega Psi Phi,1,https://www.greekstreetapparel.com/,Atlanta,GA,Apparel,adjuajohnson0428@gmail.com
Grown Greeks LLC,Phi Beta Sigma,1,https://www.prettyaspearlz.com/,Los Angeles,CA,Apparel,
Grown Greeks and More,Omega Psi Phi,1,https://www.prettyaspearlz.com/,Los Angeles,CA,Apparel,
Gwhite Paraphernalia,Iota Phi Theta,1,https://www.gwenwhite.com/,Cincinnati,OH,Apparel,
H Town Greek & College Clothing,Omega Psi Phi,1,https://handhengravingawards.com/,RALEIGH,NC,Apparel,
H and H Jewelry & Awards LLC,Delta Sigma Theta,1,https://handhengravingawards.com/,Laurel,MD,Apparel,
HANDMADE BY JANIS,Delta Sigma Theta,1,,Brookhaven,PA,Apparel,jltdelta@gmail.com
HBCU Leggings,Delta Sigma Theta,1,https://hbculeggings.com/,Beltsville,MD,Apparel,
HBCU on the Green,Kappa Alpha Psi,1,,,GA,Apparel,info@hbcucards.com
HERITAGE TREASURES LLC,Delta Sigma Theta,1,https://www.heritagetreasuresinc.com/,Ashburn,VA,Apparel,
HEYGREEKS,"Sigma Gamma Rho, Zeta Phi Beta",2,https://www.heygreeks.com/,Ashburn,VA,Apparel,orders@heygreeks.com
HH Nalia,Omega Psi Phi,1,https://www.hhnalia.com/,Stone Mountain,GA,Apparel,cameronhawkins5@gmail.com
HINES IMPRINTING LLC,Omega Psi Phi,1,,Eutaw,AL,Apparel,issac@hinesimprinting.com
HJ Legacy Designs,Delta Sigma Theta,1,,Philadelphia,PA,Apparel,hjlegacydesigns@gmail.com
HOME,Phi Beta Sigma,1,http://www.ebaystores.com/allthatandsum,Corona,CA,Apparel,
Habits 365,Phi Beta Sigma,1,https://www.instagram.com/habits365greek/?hl=en,New York,NY,Apparel,
Hall Pass LLC,Delta Sigma Theta,1,https://hallpass.shop/,Greensboro,NC,Apparel,
Hamilton Creative Designs,Phi Beta Sigma,1,http://www.hcdstore.net/,Arlington,TX,Apparel,
"Hamilton Golf, LLC",Kappa Alpha Psi,1,,,NC,Apparel,vancelhamilton@gmail.com
Hamilton-Golf LLC,Omega Psi Phi,1,https://hamilton-golf.com/,Charlotte,NC,Apparel,vancelhamilton@gmail.com
"Handsome Beaux, LLC DBA The KC Shoppe",Delta Sigma Theta,1,,Birmingham,AL,Apparel,thekcshoppe1@gmail.com
Harrison Paraphernalie,Sigma Gamma Rho,1,https://hpgreek.com/,,,Apparel,rharrison2@sc.rr.com
Harrison's Paraphernalia,"Delta Sigma Theta, Zeta Phi Beta",2,https://hpgreek.com/,Orangeburg,SC,Apparel,rharrison2@sc.rr.com
Have U Seen It,Phi Beta Sigma,1,http://www.haveuseenityet.com/,fortvalley,GA,Apparel,
HaveHartDesigns LLC,Delta Sigma Theta,1,https://www.havehartdesigns.con/,Conyers,GA,Apparel,
Heart of Shield,Iota Phi Theta,1,,Bossier City,LA,Apparel,
"Heat & Threadz, LLC",Omega Psi Phi,1,,College Park,GA,Apparel,heatandthreadz@gmail.com
"Her Bags by C & T, LLC (HerFix, LLC)",Delta Sigma Theta,1,https://www.her-bags.com/,West Bloomfield,MI,Apparel,
Herff Jones College Ring,"Iota Phi Theta, Phi Beta Sigma",2,http://www.herffjones.com/,Indianapolis,IN,Apparel,licensing@herffjones.com
Herff Jones LLC,Sigma Gamma Rho,1,http://www.herffjones.com/,,,Apparel,licensing@herffjones.com
"Herff Jones, Inc.",Kappa Alpha Psi,1,http://www.herffjones.com/,,RI,Apparel,licensing@herffjones.com
Heritage Treasures,"Iota Phi Theta, Phi Beta Sigma",2,https://www.heritagetreasuresinc.com/,Ashburn,VA,Apparel,
"Heritage Treasures, LLC","Kappa Alpha Psi, Omega Psi Phi",2,https://www.heritagetreasuresinc.com/,Ashburn,VA,Apparel,htprintables@gmail.com
"Hey Greeks, LLC",Delta Sigma Theta,1,https://www.heygreeks.com/,Ashburn,VA,Apparel,orders@heygreeks.com
Hickey House Books,Kappa Alpha Psi,1,,,CA,Apparel,rhickey@hickeyhickey.com
Highpoint Signs & Apparel,"Iota Phi Theta, Phi Beta Sigma",2,https://highpointtx.com/,Bryan,TX,Apparel,
Holley Fonville Greek,Zeta Phi Beta,1,https://www.holleyfonvillegreek.com/,Elizabeth City,NC,Apparel,
Holley-Fonville Greek,"Delta Sigma Theta, Phi Beta Sigma",2,https://www.holleyfonvillegreek.com/,Elizabeth City,NC,Apparel,
Hopeless RHOmantic LLC,Delta Sigma Theta,1,https://www.hopelessrhomantic.com/,Greenbelt,MD,Apparel,
Houndstooth Press,Phi Beta Sigma,1,http://houndstoothpress.com/,Fayetteville,AR,Apparel,houseofgreekllc@gmail.com
House Of Greeks,Omega Psi Phi,1,http://www.houseofgreeks.com/,fayetteville,GA,Apparel,houseofgreekllc@gmail.com
"House of Greek, LLC","Delta Sigma Theta, Kappa Alpha Psi, Omega Psi Phi",3,http://www.houseofgreeks.com/,Montgomery,AL,Apparel,houseofgreekllc@gmail.com
